BEGIN TRANSACTION;
CREATE TABLE IF NOT EXISTS "cash_transactions" (
	"id"	INTEGER,
	"type"	TEXT NOT NULL,
	"amount"	DECIMAL(10, 2) NOT NULL,
	"description"	TEXT,
	"created_at"	DATETIME DEFAULT CURRENT_TIMESTAMP,
	"cashier_id"	INTEGER,
	PRIMARY KEY("id" AUTOINCREMENT)
);
CREATE TABLE IF NOT EXISTS "cash_up_summary" (
	"id"	INTEGER,
	"date"	DATE NOT NULL,
	"credit_returns_count"	INTEGER DEFAULT 0,
	"credit_returns_amount"	DECIMAL(10, 2) DEFAULT 0,
	"eft_income_count"	INTEGER DEFAULT 0,
	"eft_income_amount"	DECIMAL(10, 2) DEFAULT 0,
	"damages_count"	INTEGER DEFAULT 0,
	"damages_amount"	DECIMAL(10, 2) DEFAULT 0,
	"created_at"	DATETIME NOT NULL DEFAULT CURRENT_TIMESTAMP,
	PRIMARY KEY("id" AUTOINCREMENT)
);
CREATE TABLE IF NOT EXISTS "closing_stock" (
	"id"	INTEGER,
	"product_id"	INTEGER NOT NULL,
	"closing_quantity"	INTEGER NOT NULL,
	"recorded_at"	DATETIME DEFAULT CURRENT_TIMESTAMP,
	"recorded_by"	INTEGER,
	"notes"	TEXT,
	PRIMARY KEY("id" AUTOINCREMENT),
	FOREIGN KEY("product_id") REFERENCES "products"("id"),
	FOREIGN KEY("recorded_by") REFERENCES "users"("id")
);
CREATE TABLE IF NOT EXISTS "credit_book" (
	"id"	INTEGER,
	"customer_name"	TEXT NOT NULL,
	"credit_amount"	DECIMAL(10, 2) NOT NULL,
	"created_at"	DATETIME DEFAULT CURRENT_TIMESTAMP,
	PRIMARY KEY("id" AUTOINCREMENT)
);
CREATE TABLE IF NOT EXISTS "credit_returns" (
	"id"	INTEGER,
	"credit_sale_id"	INTEGER,
	"return_amount"	DECIMAL(10, 2) NOT NULL,
	"reason"	TEXT,
	"created_at"	DATETIME NOT NULL DEFAULT CURRENT_TIMESTAMP,
	"cashier_id"	TEXT,
	PRIMARY KEY("id" AUTOINCREMENT),
	FOREIGN KEY("credit_sale_id") REFERENCES "credit_sales"("id")
);
CREATE TABLE IF NOT EXISTS "credit_sale_items" (
	"id"	INTEGER,
	"sale_id"	INTEGER,
	"product_name"	TEXT,
	"quantity"	INTEGER,
	"price"	REAL,
	"buying_price"	DECIMAL(10, 2) DEFAULT NULL,
	PRIMARY KEY("id" AUTOINCREMENT),
	FOREIGN KEY("sale_id") REFERENCES "credit_sales"("id")
);
CREATE TABLE IF NOT EXISTS "credit_sales" (
	"id"	INTEGER,
	"creditor_id"	INTEGER,
	"total_amount"	REAL,
	"due_date"	DATE,
	"created_at"	DATETIME,
	"paid_amount"	REAL DEFAULT 0,
	"payment_status"	TEXT DEFAULT 'unpaid',
	"cashier_id"	INTEGER,
	PRIMARY KEY("id" AUTOINCREMENT),
	FOREIGN KEY("creditor_id") REFERENCES "creditors"("id")
);
CREATE TABLE IF NOT EXISTS "creditors" (
	"id"	INTEGER,
	"name"	TEXT NOT NULL,
	"phone"	TEXT,
	"credit_limit"	REAL DEFAULT 0,
	"balance"	REAL DEFAULT 0,
	"active"	INTEGER DEFAULT 1,
	"created_at"	DATETIME DEFAULT CURRENT_TIMESTAMP,
	PRIMARY KEY("id" AUTOINCREMENT)
);
CREATE TABLE IF NOT EXISTS "daily_stock_summary" (
	"id"	INTEGER,
	"date"	DATE NOT NULL,
	"product_id"	INTEGER NOT NULL,
	"opening_quantity"	INTEGER NOT NULL,
	"closing_quantity"	INTEGER NOT NULL,
	"received_quantity"	INTEGER DEFAULT 0,
	"sold_quantity"	INTEGER DEFAULT 0,
	"damaged_quantity"	INTEGER DEFAULT 0,
	"created_at"	DATETIME DEFAULT CURRENT_TIMESTAMP,
	UNIQUE("date","product_id"),
	PRIMARY KEY("id" AUTOINCREMENT),
	FOREIGN KEY("product_id") REFERENCES "products"("id")
);
CREATE TABLE IF NOT EXISTS "damaged_goods" (
	"id"	INTEGER,
	"product_id"	INTEGER NOT NULL,
	"quantity"	INTEGER NOT NULL,
	"reason"	TEXT,
	"date"	DATETIME DEFAULT CURRENT_TIMESTAMP,
	PRIMARY KEY("id" AUTOINCREMENT),
	FOREIGN KEY("product_id") REFERENCES "products"("id")
);
CREATE TABLE IF NOT EXISTS "eft_payments" (
	"id"	INTEGER,
	"order_id"	INTEGER,
	"transaction_ref"	TEXT NOT NULL,
	"wallet_provider"	TEXT NOT NULL,
	"amount"	REAL NOT NULL,
	"payment_date"	DATETIME DEFAULT CURRENT_TIMESTAMP,
	"status"	TEXT DEFAULT 'completed',
	"cashier_id"	INTEGER,
	PRIMARY KEY("id" AUTOINCREMENT),
	FOREIGN KEY("order_id") REFERENCES "orders"("id")
);
CREATE TABLE IF NOT EXISTS "mixed_payments" (
	"id"	INTEGER,
	"order_id"	INTEGER NOT NULL,
	"cash_amount"	DECIMAL(10, 2) NOT NULL DEFAULT 0,
	"eft_amount"	DECIMAL(10, 2) NOT NULL DEFAULT 0,
	"eft_transaction_ref"	TEXT,
	"eft_wallet_provider"	TEXT,
	"created_at"	DATETIME DEFAULT CURRENT_TIMESTAMP,
	"cashier_id"	TEXT,
	PRIMARY KEY("id" AUTOINCREMENT),
	FOREIGN KEY("order_id") REFERENCES "orders"("id")
);
CREATE TABLE IF NOT EXISTS "opening_stock" (
	"id"	INTEGER,
	"product_id"	INTEGER NOT NULL,
	"opening_quantity"	INTEGER NOT NULL,
	"recorded_at"	DATETIME DEFAULT CURRENT_TIMESTAMP,
	"recorded_by"	INTEGER,
	"notes"	TEXT,
	PRIMARY KEY("id" AUTOINCREMENT),
	FOREIGN KEY("product_id") REFERENCES "products"("id"),
	FOREIGN KEY("recorded_by") REFERENCES "users"("id")
);
CREATE TABLE IF NOT EXISTS "order_items" (
	"id"	INTEGER NOT NULL UNIQUE,
	"order_id"	int(11) DEFAULT NULL,
	"product_name"	varchar(255) NOT NULL,
	"quantity"	int(11) NOT NULL,
	"price"	decimal(10, 2) NOT NULL,
	"buying_price"	DECIMAL(10, 2) DEFAULT NULL,
	PRIMARY KEY("id" AUTOINCREMENT)
);
CREATE TABLE IF NOT EXISTS "orders" (
	"id"	INTEGER NOT NULL UNIQUE,
	"total"	DECIMAL(10, 2) NOT NULL,
	"cash_received"	DECIMAL(10, 2) NOT NULL,
	"created_at"	TIMESTAMP NOT NULL DEFAULT CURRENT_TIMESTAMP,
	"cashier_id"	INTEGER,
	PRIMARY KEY("id" AUTOINCREMENT)
);
CREATE TABLE IF NOT EXISTS "payment_logs" (
	"id"	INTEGER,
	"sale_id"	INTEGER NOT NULL,
	"amount"	DECIMAL(10, 2) NOT NULL,
	"previous_balance"	DECIMAL(10, 2) NOT NULL,
	"new_balance"	DECIMAL(10, 2) NOT NULL,
	"payment_type"	VARCHAR(50) NOT NULL,
	"created_at"	DATETIME NOT NULL,
	PRIMARY KEY("id" AUTOINCREMENT),
	FOREIGN KEY("sale_id") REFERENCES "credit_sales"("id")
);
CREATE TABLE IF NOT EXISTS "payments" (
	"id"	INTEGER,
	"sale_id"	INTEGER,
	"amount"	REAL,
	"payment_date"	DATETIME DEFAULT CURRENT_TIMESTAMP,
	"cashier_id"	INTEGER,
	PRIMARY KEY("id" AUTOINCREMENT),
	FOREIGN KEY("sale_id") REFERENCES "credit_sales"("id")
);
CREATE TABLE IF NOT EXISTS "product_settings" (
	"id"	INTEGER,
	"show_all_products"	BOOLEAN NOT NULL DEFAULT 0,
	"default_print_receipt"	BOOLEAN NOT NULL DEFAULT 0,
	"show_stock_info"	INTEGER DEFAULT 1,
	"hide_available_quantity"	BOOLEAN NOT NULL DEFAULT 0,
	PRIMARY KEY("id" AUTOINCREMENT)
);
CREATE TABLE IF NOT EXISTS "products" (
	"id"	INTEGER NOT NULL UNIQUE,
	"name"	varchar(255) NOT NULL UNIQUE,
	"quantity"	INTEGER DEFAULT NULL,
	"price"	decimal(10, 2) NOT NULL,
	"buying_price"	decimal(10, 2) DEFAULT NULL,
	"image_url"	varchar(255) DEFAULT NULL,
	"restock_level"	NUMERIC DEFAULT 0,
	"capacity"	TEXT,
	"expiry_date"	TEXT,
	"barcode"	TEXT,
	"discount_start"	DATETIME,
	"discount_end"	DATETIME,
	"category"	TEXT,
	"discount"	REAL DEFAULT 0,
	PRIMARY KEY("id" AUTOINCREMENT)
);
CREATE TABLE IF NOT EXISTS "stock_changes" (
	"id"	INTEGER,
	"product_id"	INTEGER NOT NULL,
	"action"	TEXT NOT NULL,
	"quantity_change"	INTEGER NOT NULL,
	"old_quantity"	INTEGER NOT NULL,
	"new_quantity"	INTEGER NOT NULL,
	"changed_at"	DATETIME DEFAULT CURRENT_TIMESTAMP,
	"stocktaken"	TINYINT(1) DEFAULT 0,
	"is_stock_taken"	INTEGER DEFAULT 0,
	PRIMARY KEY("id" AUTOINCREMENT),
	FOREIGN KEY("product_id") REFERENCES "products"("id")
);
CREATE TABLE IF NOT EXISTS "tab_item_payments" (
	"id"	INTEGER,
	"tab_item_id"	INTEGER NOT NULL,
	"payment_id"	INTEGER NOT NULL,
	"amount"	DECIMAL(10, 2) NOT NULL,
	PRIMARY KEY("id" AUTOINCREMENT),
	FOREIGN KEY("payment_id") REFERENCES "tab_payments"("id"),
	FOREIGN KEY("tab_item_id") REFERENCES "tab_items"("id")
);
CREATE TABLE IF NOT EXISTS "tab_items" (
	"id"	INTEGER,
	"tab_id"	INTEGER NOT NULL,
	"product_name"	TEXT NOT NULL,
	"quantity"	INTEGER NOT NULL DEFAULT 1,
	"price"	DECIMAL(10, 2) NOT NULL,
	"added_at"	DATETIME DEFAULT CURRENT_TIMESTAMP,
	"added_by"	INTEGER,
	PRIMARY KEY("id" AUTOINCREMENT),
	FOREIGN KEY("added_by") REFERENCES "users"("id"),
	FOREIGN KEY("tab_id") REFERENCES "tabs"("id") ON DELETE CASCADE
);
CREATE TABLE IF NOT EXISTS "tab_payments" (
	"id"	INTEGER,
	"tab_id"	INTEGER NOT NULL,
	"amount"	DECIMAL(10, 2) NOT NULL,
	"payment_method"	TEXT NOT NULL CHECK("payment_method" IN ('cash', 'eft')),
	"transaction_ref"	TEXT,
	"wallet_provider"	TEXT,
	"payment_date"	DATETIME DEFAULT CURRENT_TIMESTAMP,
	"cashier_id"	INTEGER,
	"order_id"	INTEGER,
	PRIMARY KEY("id" AUTOINCREMENT),
	FOREIGN KEY("cashier_id") REFERENCES "users"("id"),
	FOREIGN KEY("tab_id") REFERENCES "tabs"("id") ON DELETE CASCADE
);
CREATE TABLE IF NOT EXISTS "tabs" (
	"id"	INTEGER,
	"creditor_id"	INTEGER,
	"tab_name"	TEXT NOT NULL,
	"opening_balance"	DECIMAL(10, 2) DEFAULT 0.00,
	"current_balance"	DECIMAL(10, 2) DEFAULT 0.00,
	"status"	TEXT NOT NULL DEFAULT 'open' CHECK("status" IN ('open', 'closed')),
	"opened_at"	DATETIME DEFAULT CURRENT_TIMESTAMP,
	"closed_at"	DATETIME,
	"closed_by"	INTEGER,
	"notes"	TEXT,
	"cashier_id"	INTEGER,
	"pending_manager_approval"	INTEGER DEFAULT 0,
	PRIMARY KEY("id" AUTOINCREMENT),
	FOREIGN KEY("cashier_id") REFERENCES "users"("id"),
	FOREIGN KEY("creditor_id") REFERENCES "creditors"("id")
);
CREATE TABLE IF NOT EXISTS "user_log" (
	"id"	INTEGER,
	"user_id"	INTEGER NOT NULL,
	"action_type"	TEXT NOT NULL CHECK("action_type" IN ('login', 'logout')),
	"action_time"	TIMESTAMP DEFAULT CURRENT_TIMESTAMP,
	PRIMARY KEY("id" AUTOINCREMENT),
	FOREIGN KEY("user_id") REFERENCES "users"("id") ON DELETE CASCADE
);
CREATE TABLE IF NOT EXISTS "users" (
	"id"	INTEGER,
	"username"	TEXT NOT NULL UNIQUE,
	"password_hash"	TEXT NOT NULL,
	"role"	TEXT NOT NULL DEFAULT 'cashier',
	"email"	TEXT,
	"created_at"	DATETIME DEFAULT CURRENT_TIMESTAMP,
	PRIMARY KEY("id" AUTOINCREMENT)
);
INSERT INTO "cash_transactions" ("id","type","amount","description","created_at","cashier_id") VALUES (688,'cash-out',244,'ciggarettes','2025-12-29 21:46:15',NULL);
INSERT INTO "creditors" ("id","name","phone","credit_limit","balance","active","created_at") VALUES (229,'test','',0.0,0.0,1,'2025-12-27 22:40:14');
INSERT INTO "daily_stock_summary" ("id","date","product_id","opening_quantity","closing_quantity","received_quantity","sold_quantity","damaged_quantity","created_at") VALUES (113128,'2025-12-27',879,0,0,0,2,0,'2025-12-27 06:20:36'),
 (113132,'2025-12-27',870,0,0,0,1,0,'2025-12-27 07:50:26'),
 (113148,'2025-12-27',1022,0,0,0,3,0,'2025-12-27 04:42:19'),
 (113154,'2025-12-27',896,0,0,0,2,0,'2025-12-27 04:42:39'),
 (113156,'2025-12-27',884,0,0,0,6,0,'2025-12-27 04:59:18'),
 (113158,'2025-12-27',1066,0,0,0,6,0,'2025-12-27 04:59:18'),
 (113160,'2025-12-27',1056,0,0,0,1,0,'2025-12-27 04:59:18'),
 (113162,'2025-12-27',956,0,0,0,4,0,'2025-12-27 04:59:18'),
 (113164,'2025-12-27',1007,0,0,0,7,0,'2025-12-27 05:06:28'),
 (113166,'2025-12-27',889,0,0,0,1,0,'2025-12-27 05:16:22'),
 (113168,'2025-12-27',1017,0,0,0,2,0,'2025-12-27 05:17:04'),
 (113174,'2025-12-27',894,0,0,0,3,0,'2025-12-27 05:23:58'),
 (113180,'2025-12-27',873,0,0,0,9,0,'2025-12-27 05:27:12'),
 (113182,'2025-12-27',887,0,0,0,32,0,'2025-12-27 05:46:19'),
 (113184,'2025-12-27',888,0,0,0,1,0,'2025-12-27 05:46:19'),
 (113186,'2025-12-27',869,0,0,0,1,0,'2025-12-27 05:46:19'),
 (113196,'2025-12-28',1007,0,0,0,1,0,'2025-12-28 11:42:29'),
 (113198,'2025-12-28',886,0,0,0,3,0,'2025-12-28 11:43:04'),
 (113200,'2025-12-28',956,0,0,0,2,0,'2025-12-28 11:44:24'),
 (113202,'2025-12-28',887,0,0,0,6,0,'2025-12-28 18:47:29'),
 (113204,'2025-12-29',911,0,0,0,0,0,'2025-12-29 15:37:17'),
 (113206,'2025-12-29',967,23,0,0,0,0,'2025-12-29 15:37:17'),
 (113208,'2025-12-29',842,2,0,0,0,0,'2025-12-29 15:37:17'),
 (113210,'2025-12-29',904,0,0,0,0,0,'2025-12-29 15:37:17'),
 (113212,'2025-12-29',960,69,0,0,0,0,'2025-12-29 15:37:17'),
 (113214,'2025-12-29',866,4,0,0,0,0,'2025-12-29 15:37:17'),
 (113220,'2025-12-29',1048,16,0,0,0,0,'2025-12-29 15:37:17'),
 (113222,'2025-12-29',941,0,0,0,0,0,'2025-12-29 15:37:17'),
 (113224,'2025-12-29',990,0,0,0,0,0,'2025-12-29 15:37:17'),
 (113226,'2025-12-29',940,0,0,0,0,0,'2025-12-29 15:37:17'),
 (113228,'2025-12-29',989,0,0,0,0,0,'2025-12-29 15:37:17'),
 (113230,'2025-12-29',1080,0,0,0,0,0,'2025-12-29 15:37:17'),
 (113232,'2025-12-29',1081,26,0,0,0,0,'2025-12-29 15:37:17'),
 (113240,'2025-12-29',1051,0,0,0,0,0,'2025-12-29 15:37:17'),
 (113242,'2025-12-29',919,0,0,0,0,0,'2025-12-29 15:37:17'),
 (113244,'2025-12-29',975,0,0,0,0,0,'2025-12-29 15:37:17'),
 (113246,'2025-12-29',1076,2,0,0,0,0,'2025-12-29 15:37:17'),
 (113248,'2025-12-29',1029,12,0,0,0,0,'2025-12-29 15:37:17'),
 (113250,'2025-12-29',1056,11,0,0,0,0,'2025-12-29 15:37:17'),
 (113252,'2025-12-29',1060,0,0,0,0,0,'2025-12-29 15:37:17'),
 (113254,'2025-12-29',1061,0,0,0,0,0,'2025-12-29 15:37:17'),
 (113256,'2025-12-29',901,0,0,0,0,0,'2025-12-29 15:37:17'),
 (113258,'2025-12-29',957,150,0,0,0,0,'2025-12-29 15:37:17'),
 (113260,'2025-12-29',1084,0,0,0,0,0,'2025-12-29 15:37:17'),
 (113262,'2025-12-29',886,33,0,0,0,0,'2025-12-29 15:37:17'),
 (113266,'2025-12-29',1055,16,0,0,0,0,'2025-12-29 15:37:17'),
 (113268,'2025-12-29',928,0,0,0,0,0,'2025-12-29 15:37:17'),
 (113270,'2025-12-29',983,0,0,0,0,0,'2025-12-29 15:37:17'),
 (113272,'2025-12-29',929,0,0,0,0,0,'2025-12-29 15:37:17'),
 (113274,'2025-12-29',1036,0,0,0,0,0,'2025-12-29 15:37:17'),
 (113276,'2025-12-29',913,0,0,0,0,0,'2025-12-29 15:37:17'),
 (113278,'2025-12-29',969,0,0,0,0,0,'2025-12-29 15:37:17'),
 (113280,'2025-12-29',971,0,0,0,0,0,'2025-12-29 15:37:17'),
 (113282,'2025-12-29',915,0,0,0,0,0,'2025-12-29 15:37:17'),
 (113284,'2025-12-29',914,0,0,0,0,0,'2025-12-29 15:37:17'),
 (113286,'2025-12-29',970,0,0,0,0,0,'2025-12-29 15:37:17'),
 (113288,'2025-12-29',912,0,0,0,0,0,'2025-12-29 15:37:17'),
 (113290,'2025-12-29',968,30,0,0,0,0,'2025-12-29 15:37:17'),
 (113296,'2025-12-29',910,0,0,0,0,0,'2025-12-29 15:37:17'),
 (113298,'2025-12-29',966,56,0,0,0,0,'2025-12-29 15:37:17'),
 (113302,'2025-12-29',1085,2,0,0,0,0,'2025-12-29 15:37:17'),
 (113304,'2025-12-29',1086,2,0,0,0,0,'2025-12-29 15:37:17'),
 (113306,'2025-12-29',838,0,0,0,0,0,'2025-12-29 15:37:17'),
 (113308,'2025-12-29',848,1,0,0,0,0,'2025-12-29 15:37:17'),
 (113310,'2025-12-29',1077,0,0,0,0,0,'2025-12-29 15:37:17'),
 (113314,'2025-12-29',918,0,0,0,0,0,'2025-12-29 15:37:17'),
 (113316,'2025-12-29',840,2,0,0,0,0,'2025-12-29 15:37:17'),
 (113318,'2025-12-29',951,0,0,0,0,0,'2025-12-29 15:37:17'),
 (113320,'2025-12-29',999,0,0,0,0,0,'2025-12-29 15:37:17'),
 (113322,'2025-12-29',1079,0,0,0,0,0,'2025-12-29 15:37:17'),
 (113324,'2025-12-29',917,0,0,0,0,0,'2025-12-29 15:37:17'),
 (113326,'2025-12-29',935,0,0,0,0,0,'2025-12-29 15:37:17'),
 (113328,'2025-12-29',986,25,0,0,0,0,'2025-12-29 15:37:17'),
 (113330,'2025-12-29',934,4,0,0,0,0,'2025-12-29 15:37:17'),
 (113332,'2025-12-29',985,21,0,0,0,0,'2025-12-29 15:37:17'),
 (113334,'2025-12-29',933,0,0,0,0,0,'2025-12-29 15:37:17'),
 (113336,'2025-12-29',984,0,0,0,0,0,'2025-12-29 15:37:17'),
 (113338,'2025-12-29',932,0,0,0,0,0,'2025-12-29 15:37:17'),
 (113340,'2025-12-29',936,0,0,0,0,0,'2025-12-29 15:37:17'),
 (113342,'2025-12-29',987,0,0,0,0,0,'2025-12-29 15:37:17'),
 (113344,'2025-12-29',1026,0,0,0,0,0,'2025-12-29 15:37:17'),
 (113346,'2025-12-29',1038,0,0,0,0,0,'2025-12-29 15:37:17'),
 (113348,'2025-12-29',930,0,0,0,0,0,'2025-12-29 15:37:17'),
 (113350,'2025-12-29',931,0,0,0,0,0,'2025-12-29 15:37:17'),
 (113352,'2025-12-29',1037,0,0,0,0,0,'2025-12-29 15:37:17'),
 (113354,'2025-12-29',923,0,0,0,0,0,'2025-12-29 15:37:17'),
 (113356,'2025-12-29',979,30,0,0,0,0,'2025-12-29 15:37:17'),
 (113358,'2025-12-29',974,34,0,0,0,0,'2025-12-29 15:37:17'),
 (113360,'2025-12-29',924,0,0,0,0,0,'2025-12-29 15:37:17'),
 (113362,'2025-12-29',980,0,0,0,0,0,'2025-12-29 15:37:17'),
 (113364,'2025-12-29',1023,0,0,0,0,0,'2025-12-29 15:37:17'),
 (113366,'2025-12-29',880,11,0,0,0,0,'2025-12-29 15:37:17'),
 (113368,'2025-12-29',890,38,0,0,0,0,'2025-12-29 15:37:17'),
 (113372,'2025-12-29',982,28,0,0,0,0,'2025-12-29 15:37:17'),
 (113374,'2025-12-29',926,5,0,0,0,0,'2025-12-29 15:37:17'),
 (113376,'2025-12-29',1035,28,0,0,0,0,'2025-12-29 15:37:17'),
 (113378,'2025-12-29',1072,1,0,0,0,0,'2025-12-29 15:37:17'),
 (113380,'2025-12-29',953,0,0,0,0,0,'2025-12-29 15:37:17'),
 (113382,'2025-12-29',1001,0,0,0,0,0,'2025-12-29 15:37:17'),
 (113386,'2025-12-29',869,81,0,0,0,0,'2025-12-29 15:37:17'),
 (113390,'2025-12-29',925,0,0,0,0,0,'2025-12-29 15:37:17'),
 (113392,'2025-12-29',981,0,0,0,0,0,'2025-12-29 15:37:17'),
 (113394,'2025-12-29',841,0,0,0,0,0,'2025-12-29 15:37:17'),
 (113396,'2025-12-29',945,0,0,0,0,0,'2025-12-29 15:37:17'),
 (113398,'2025-12-29',994,0,0,0,0,0,'2025-12-29 15:37:17'),
 (113402,'2025-12-29',995,50,0,0,0,0,'2025-12-29 15:37:17'),
 (113404,'2025-12-29',899,0,0,0,0,0,'2025-12-29 15:37:17'),
 (113408,'2025-12-29',944,0,0,0,0,0,'2025-12-29 15:37:17'),
 (113410,'2025-12-29',993,0,0,0,0,0,'2025-12-29 15:37:17'),
 (113412,'2025-12-29',942,0,0,0,0,0,'2025-12-29 15:37:17'),
 (113414,'2025-12-29',991,33,0,0,0,0,'2025-12-29 15:37:17'),
 (113418,'2025-12-29',992,0,0,0,0,0,'2025-12-29 15:37:17'),
 (113420,'2025-12-29',988,22,0,0,0,0,'2025-12-29 15:37:17'),
 (113422,'2025-12-29',1040,0,0,0,0,0,'2025-12-29 15:37:17'),
 (113424,'2025-12-29',939,0,0,0,0,0,'2025-12-29 15:37:17'),
 (113426,'2025-12-29',937,1,0,0,0,0,'2025-12-29 15:37:17'),
 (113428,'2025-12-29',938,0,0,0,0,0,'2025-12-29 15:37:17'),
 (113430,'2025-12-29',906,0,0,0,0,0,'2025-12-29 15:37:17'),
 (113432,'2025-12-29',1059,0,0,0,0,0,'2025-12-29 15:37:17'),
 (113434,'2025-12-29',1071,17,0,0,0,0,'2025-12-29 15:37:17'),
 (113436,'2025-12-29',1075,0,0,0,0,0,'2025-12-29 15:37:17'),
 (113438,'2025-12-29',850,0,0,0,0,0,'2025-12-29 15:37:17'),
 (113440,'2025-12-29',962,26,0,0,0,0,'2025-12-29 15:37:17'),
 (113442,'2025-12-29',950,1,0,0,0,0,'2025-12-29 15:37:17'),
 (113444,'2025-12-29',998,24,0,0,0,0,'2025-12-29 15:37:17'),
 (113446,'2025-12-29',1089,1,0,0,0,0,'2025-12-29 15:37:17'),
 (113448,'2025-12-29',1070,2,0,0,0,0,'2025-12-29 15:37:17'),
 (113452,'2025-12-29',1073,1,0,0,0,0,'2025-12-29 15:37:17'),
 (113456,'2025-12-29',907,0,0,0,0,0,'2025-12-29 15:37:17'),
 (113458,'2025-12-29',963,0,0,0,0,0,'2025-12-29 15:37:17'),
 (113460,'2025-12-29',839,0,0,0,0,0,'2025-12-29 15:37:17'),
 (113462,'2025-12-29',1049,1,0,0,0,0,'2025-12-29 15:37:17'),
 (113464,'2025-12-29',973,0,0,0,0,0,'2025-12-29 15:37:17'),
 (113466,'2025-12-29',909,0,0,0,0,0,'2025-12-29 15:37:17'),
 (113468,'2025-12-29',965,0,0,0,0,0,'2025-12-29 15:37:17'),
 (113470,'2025-12-29',1018,0,0,0,0,0,'2025-12-29 15:37:17'),
 (113474,'2025-12-29',835,0,0,0,0,0,'2025-12-29 15:37:17'),
 (113476,'2025-12-29',845,0,0,0,0,0,'2025-12-29 15:37:17'),
 (113478,'2025-12-29',844,2,0,0,0,0,'2025-12-29 15:37:17'),
 (113480,'2025-12-29',1039,1,0,0,0,0,'2025-12-29 15:37:17'),
 (113482,'2025-12-29',902,0,0,0,0,0,'2025-12-29 15:37:17'),
 (113484,'2025-12-29',903,0,0,0,0,0,'2025-12-29 15:37:17'),
 (113488,'2025-12-29',959,0,0,0,0,0,'2025-12-29 15:37:17'),
 (113490,'2025-12-29',958,35,0,0,0,0,'2025-12-29 15:37:17'),
 (113492,'2025-12-29',1088,3,0,0,0,0,'2025-12-29 15:37:17'),
 (113496,'2025-12-29',846,0,0,0,0,0,'2025-12-29 15:37:17'),
 (113498,'2025-12-29',947,0,0,0,0,0,'2025-12-29 15:37:17'),
 (113500,'2025-12-29',996,0,0,0,0,0,'2025-12-29 15:37:17'),
 (113502,'2025-12-29',948,2,0,0,0,0,'2025-12-29 15:37:17'),
 (113504,'2025-12-29',949,0,0,0,0,0,'2025-12-29 15:37:17'),
 (113506,'2025-12-29',997,30,0,0,0,0,'2025-12-29 15:37:17'),
 (113508,'2025-12-29',851,0,0,0,0,0,'2025-12-29 15:37:17'),
 (113510,'2025-12-29',1063,0,0,0,0,0,'2025-12-29 15:37:17'),
 (113512,'2025-12-29',892,42,0,0,0,0,'2025-12-29 15:37:17'),
 (113514,'2025-12-29',1041,3,0,0,0,0,'2025-12-29 15:37:17'),
 (113516,'2025-12-29',855,0,0,0,0,0,'2025-12-29 15:37:17'),
 (113518,'2025-12-29',867,0,0,0,0,0,'2025-12-29 15:37:17'),
 (113520,'2025-12-29',847,0,0,0,0,0,'2025-12-29 15:37:17'),
 (113522,'2025-12-29',1032,0,0,0,0,0,'2025-12-29 15:37:17'),
 (113524,'2025-12-29',854,0,0,0,0,0,'2025-12-29 15:37:17'),
 (113526,'2025-12-29',1057,0,0,0,0,0,'2025-12-29 15:37:17'),
 (113528,'2025-12-29',1058,0,0,0,0,0,'2025-12-29 15:37:17'),
 (113530,'2025-12-29',1067,0,0,0,0,0,'2025-12-29 15:37:17'),
 (113532,'2025-12-29',1034,0,0,0,0,0,'2025-12-29 15:37:17'),
 (113534,'2025-12-29',1033,0,0,0,0,0,'2025-12-29 15:37:17'),
 (113536,'2025-12-29',843,0,0,0,0,0,'2025-12-29 15:37:17'),
 (113542,'2025-12-29',1050,3,0,0,0,0,'2025-12-29 15:37:17'),
 (113544,'2025-12-29',1052,0,0,0,0,0,'2025-12-29 15:37:17'),
 (113546,'2025-12-29',905,0,0,0,0,0,'2025-12-29 15:37:17'),
 (113548,'2025-12-29',961,42,0,0,0,0,'2025-12-29 15:37:17'),
 (113550,'2025-12-29',1005,41,0,0,0,0,'2025-12-29 15:37:17'),
 (113554,'2025-12-29',881,1,0,0,0,0,'2025-12-29 15:37:17'),
 (113556,'2025-12-29',1082,2,0,0,0,0,'2025-12-29 15:37:17'),
 (113558,'2025-12-29',916,0,0,0,0,0,'2025-12-29 15:37:17'),
 (113560,'2025-12-29',972,60,0,0,0,0,'2025-12-29 15:37:17'),
 (113562,'2025-12-29',922,0,0,0,0,0,'2025-12-29 15:37:17'),
 (113564,'2025-12-29',978,0,0,0,0,0,'2025-12-29 15:37:17'),
 (113566,'2025-12-29',921,0,0,0,0,0,'2025-12-29 15:37:17'),
 (113568,'2025-12-29',977,0,0,0,0,0,'2025-12-29 15:37:17'),
 (113570,'2025-12-29',920,0,0,0,0,0,'2025-12-29 15:37:17'),
 (113572,'2025-12-29',976,54,0,0,0,0,'2025-12-29 15:37:17'),
 (113574,'2025-12-29',900,0,0,0,0,0,'2025-12-29 15:37:17'),
 (113576,'2025-12-29',956,233,0,0,0,0,'2025-12-29 15:37:17'),
 (113578,'2025-12-29',1083,11,0,0,0,0,'2025-12-29 15:37:17'),
 (113580,'2025-12-29',849,0,0,0,0,0,'2025-12-29 15:37:17'),
 (113582,'2025-12-29',837,4,0,0,0,0,'2025-12-29 15:37:17'),
 (113584,'2025-12-29',898,74,0,0,0,0,'2025-12-29 15:37:17'),
 (113586,'2025-12-29',952,0,0,0,0,0,'2025-12-29 15:37:17'),
 (113588,'2025-12-29',1000,0,0,0,0,0,'2025-12-29 15:37:17'),
 (113590,'2025-12-29',908,0,0,0,0,0,'2025-12-29 15:37:17'),
 (113592,'2025-12-29',964,0,0,0,0,0,'2025-12-29 15:37:17'),
 (113596,'2025-12-29',1008,5,0,0,0,0,'2025-12-29 15:37:17'),
 (113600,'2025-12-29',1087,6,0,0,0,0,'2025-12-29 15:37:17'),
 (113602,'2025-12-29',1053,0,0,0,0,0,'2025-12-29 15:37:17'),
 (113606,'2025-12-29',1064,0,0,0,0,0,'2025-12-29 15:37:17'),
 (113608,'2025-12-29',864,3,0,0,0,0,'2025-12-29 15:37:17'),
 (113610,'2025-12-29',1065,0,0,0,0,0,'2025-12-29 15:37:17'),
 (113612,'2025-12-29',1074,0,0,4,0,0,'2025-12-29 15:56:24'),
 (113613,'2025-12-29',893,1,0,48,0,0,'2025-12-29 16:11:59'),
 (113614,'2025-12-29',1017,6,0,72,0,0,'2025-12-29 16:11:59'),
 (113615,'2025-12-29',1054,0,0,24,0,0,'2025-12-29 16:11:59'),
 (113617,'2025-12-29',927,2,0,7,0,0,'2025-12-29 16:11:59'),
 (113618,'2025-12-29',870,15,0,48,0,0,'2025-12-29 16:11:59'),
 (113619,'2025-12-29',946,0,0,2,0,0,'2025-12-29 16:11:59'),
 (113620,'2025-12-29',943,0,0,10,0,0,'2025-12-29 16:11:59'),
 (113621,'2025-12-29',1021,0,0,24,0,0,'2025-12-29 16:11:59'),
 (113623,'2025-12-29',1025,5,0,3,0,0,'2025-12-29 16:11:59'),
 (113625,'2025-12-29',873,144,0,48,0,0,'2025-12-29 16:11:59'),
 (113628,'2025-12-29',1011,0,0,24,0,0,'2025-12-29 16:11:59'),
 (113629,'2025-12-29',865,0,0,2,0,0,'2025-12-29 16:11:59'),
 (113631,'2025-12-29',955,216,0,0,2,0,'2025-12-29 16:51:03'),
 (113633,'2025-12-29',897,203,0,96,1,0,'2025-12-29 16:51:03'),
 (113643,'2025-12-29',894,0,0,48,0,0,'2025-12-29 17:14:30'),
 (113645,'2025-12-29',1016,8,0,24,1,0,'2025-12-29 17:14:30'),
 (113647,'2025-12-29',868,159,0,0,3,0,'2025-12-29 17:15:05'),
 (113649,'2025-12-29',884,44,0,48,7,0,'2025-12-29 17:15:05'),
 (113653,'2025-12-29',1044,90,0,0,1,0,'2025-12-29 17:18:03'),
 (113657,'2025-12-29',879,70,0,0,0,0,'2025-12-29 17:18:34'),
 (113659,'2025-12-29',896,28,0,0,0,0,'2025-12-29 17:20:30'),
 (113663,'2025-12-29',1009,12,0,0,1,0,'2025-12-29 17:40:06'),
 (113665,'2025-12-29',1010,9,0,0,1,0,'2025-12-29 18:08:02'),
 (113669,'2025-12-29',871,30,0,0,2,0,'2025-12-29 18:09:04'),
 (113675,'2025-12-29',887,139,0,120,7,0,'2025-12-29 19:08:24'),
 (113677,'2025-12-29',1068,8,0,0,1,0,'2025-12-29 19:43:25'),
 (113681,'2025-12-30',869,0,0,0,1,0,'2025-12-29 22:24:49'),
 (113683,'2025-12-30',879,0,0,0,1,0,'2025-12-30 14:50:56'),
 (113685,'2025-12-30',884,0,0,0,1,0,'2025-12-30 14:50:56'),
 (113691,'2025-12-30',897,0,0,0,1,0,'2025-12-30 16:11:24'),
 (113693,'2025-12-30',1016,0,0,0,1,0,'2025-12-30 16:11:24'),
 (113695,'2025-12-30',894,0,0,0,1,0,'2025-12-30 16:45:45'),
 (113696,'2025-12-30',1056,0,17,6,0,0,'2025-12-30 18:30:38'),
 (113697,'2025-12-30',873,0,264,72,0,0,'2025-12-30 18:30:38'),
 (113698,'2025-12-30',1009,0,35,24,0,0,'2025-12-30 18:30:38'),
 (113699,'2025-12-30',881,0,49,48,0,0,'2025-12-30 18:30:38'),
 (113700,'2025-12-30',887,0,0,72,4,0,'2025-12-30 18:30:38'),
 (113711,'2025-12-31',960,0,99,30,0,0,'2025-12-31 16:20:09'),
 (113712,'2025-12-31',1091,0,24,12,0,0,'2025-12-31 16:20:09'),
 (113713,'2025-12-31',893,0,97,48,0,0,'2025-12-31 16:20:09'),
 (113714,'2025-12-31',871,0,52,24,0,0,'2025-12-31 16:20:09'),
 (113715,'2025-12-31',1017,0,102,24,0,0,'2025-12-31 16:20:09'),
 (113716,'2025-12-31',1054,0,72,48,0,0,'2025-12-31 16:20:09'),
 (113717,'2025-12-31',1029,0,36,24,0,0,'2025-12-31 16:20:09'),
 (113718,'2025-12-31',1056,0,41,24,0,0,'2025-12-31 16:20:09'),
 (113719,'2025-12-31',886,0,57,24,0,0,'2025-12-31 16:20:09'),
 (113721,'2025-12-31',1055,0,40,24,0,0,'2025-12-31 16:20:09'),
 (113722,'2025-12-31',879,0,115,48,0,0,'2025-12-31 16:20:09'),
 (113723,'2025-12-31',1068,0,19,12,0,0,'2025-12-31 16:20:09'),
 (113724,'2025-12-31',1010,0,32,24,0,0,'2025-12-31 16:20:09'),
 (113725,'2025-12-31',918,0,1,1,0,0,'2025-12-31 16:20:09'),
 (113727,'2025-12-31',927,0,14,5,0,0,'2025-12-31 16:20:09'),
 (113729,'2025-12-31',868,0,203,48,0,0,'2025-12-31 16:20:09'),
 (113730,'2025-12-31',841,0,5,5,0,0,'2025-12-31 16:20:09'),
 (113734,'2025-12-31',1092,0,1,1,0,0,'2025-12-31 16:20:09'),
 (113735,'2025-12-31',950,0,2,1,0,0,'2025-12-31 16:20:09'),
 (113737,'2025-12-31',892,0,90,48,0,0,'2025-12-31 16:20:09'),
 (113739,'2025-12-31',897,0,393,96,0,0,'2025-12-31 16:20:09'),
 (113740,'2025-12-31',961,0,72,30,0,0,'2025-12-31 16:20:09'),
 (113742,'2025-12-31',1083,0,29,18,0,0,'2025-12-31 16:20:09'),
 (113743,'2025-12-31',837,0,6,2,0,0,'2025-12-31 16:20:09'),
 (113746,'2025-12-31',1008,0,29,24,0,0,'2025-12-31 16:20:09'),
 (113754,'2025-12-31',1021,0,0,0,2,0,'2025-12-31 16:53:57'),
 (113756,'2025-12-31',997,0,0,0,1,0,'2025-12-31 17:38:11'),
 (113758,'2025-12-31',1011,0,0,0,1,0,'2025-12-31 17:38:11'),
 (113764,'2025-12-31',955,0,394,180,5,0,'2025-12-31 19:53:39'),
 (113766,'2025-12-31',1016,0,0,0,3,0,'2025-12-31 19:54:01'),
 (113774,'2025-12-31',870,0,0,0,2,0,'2025-12-31 20:01:07'),
 (113776,'2025-12-31',1087,0,0,0,3,0,'2025-12-31 20:01:54'),
 (113782,'2025-12-31',894,0,0,48,4,0,'2025-12-31 20:38:45'),
 (113784,'2025-12-31',898,0,98,24,1,0,'2025-12-31 20:38:45'),
 (113786,'2025-12-31',869,0,128,48,2,0,'2025-12-31 20:58:55'),
 (113788,'2025-12-31',873,0,0,96,9,0,'2025-12-31 20:58:55'),
 (113790,'2025-12-31',887,0,0,288,32,0,'2025-12-31 20:59:17'),
 (113792,'2025-12-31',884,0,132,48,6,0,'2025-12-31 21:20:43'),
 (113794,'2025-12-31',890,0,86,48,1,0,'2025-12-31 21:20:43'),
 (113796,'2025-12-31',956,0,353,120,3,0,'2025-12-31 21:20:43'),
 (113798,'2025-12-31',992,0,30,30,1,0,'2025-12-31 21:20:43'),
 (113804,'2026-01-02',1016,0,0,0,2,0,'2026-01-02 19:20:23'),
 (113807,'2025-12-31',943,0,14,8,0,0,'2026-01-02 19:29:36'),
 (113808,'2026-01-02',960,0,129,30,0,0,'2026-01-02 19:39:48'),
 (113809,'2026-01-02',893,0,145,48,0,0,'2026-01-02 19:39:48'),
 (113811,'2026-01-02',871,0,76,24,0,0,'2026-01-02 19:39:48'),
 (113812,'2026-01-02',1054,0,96,24,0,0,'2026-01-02 19:39:48'),
 (113813,'2026-01-02',884,0,0,48,1,0,'2026-01-02 19:39:48'),
 (113814,'2026-01-02',896,0,50,24,0,0,'2026-01-02 19:39:48'),
 (113815,'2026-01-02',879,0,0,48,1,0,'2026-01-02 19:39:48'),
 (113816,'2026-01-02',927,0,18,4,0,0,'2026-01-02 19:39:48'),
 (113817,'2026-01-02',870,0,85,24,0,0,'2026-01-02 19:39:48'),
 (113818,'2026-01-02',841,0,7,2,0,0,'2026-01-02 19:39:48'),
 (113819,'2026-01-02',955,0,509,120,0,0,'2026-01-02 19:39:48'),
 (113820,'2026-01-02',943,0,24,6,0,0,'2026-01-02 19:39:48'),
 (113821,'2026-01-02',1021,0,46,24,0,0,'2026-01-02 19:39:48'),
 (113822,'2026-01-02',1049,0,3,2,0,0,'2026-01-02 19:39:48'),
 (113823,'2026-01-02',894,0,138,48,0,0,'2026-01-02 19:39:48'),
 (113824,'2026-01-02',873,0,495,144,0,0,'2026-01-02 19:39:48'),
 (113825,'2026-01-02',897,0,465,72,0,0,'2026-01-02 19:39:48'),
 (113826,'2026-01-02',881,0,97,48,0,0,'2026-01-02 19:39:48'),
 (113827,'2026-01-02',956,0,470,120,0,0,'2026-01-02 19:39:48'),
 (113828,'2026-01-02',898,0,169,72,0,0,'2026-01-02 19:39:48'),
 (113829,'2026-01-02',887,0,765,192,0,0,'2026-01-02 19:39:48'),
 (113830,'2026-01-02',1008,0,53,24,0,0,'2026-01-02 19:39:48'),
 (113832,'2026-01-02',1048,0,40,24,1,0,'2026-01-02 20:54:50'),
 (113834,'2026-01-03',911,0,0,0,0,0,'2026-01-03 17:09:27'),
 (113836,'2026-01-03',967,23,0,0,0,0,'2026-01-03 17:09:27'),
 (113838,'2026-01-03',842,2,0,0,0,0,'2026-01-03 17:09:27'),
 (113840,'2026-01-03',904,0,0,0,0,0,'2026-01-03 17:09:27'),
 (113842,'2026-01-03',960,116,0,0,0,0,'2026-01-03 17:09:27'),
 (113844,'2026-01-03',1091,10,0,0,0,0,'2026-01-03 17:09:27'),
 (113846,'2026-01-03',1074,4,0,0,0,0,'2026-01-03 17:09:27'),
 (113848,'2026-01-03',893,61,0,0,0,0,'2026-01-03 17:09:27'),
 (113850,'2026-01-03',1048,23,0,0,0,0,'2026-01-03 17:09:27'),
 (113852,'2026-01-03',941,0,0,0,0,0,'2026-01-03 17:09:27'),
 (113854,'2026-01-03',990,0,0,0,0,0,'2026-01-03 17:09:27'),
 (113856,'2026-01-03',940,0,0,0,0,0,'2026-01-03 17:09:27'),
 (113858,'2026-01-03',989,0,0,0,0,0,'2026-01-03 17:09:27'),
 (113860,'2026-01-03',1080,0,0,0,0,0,'2026-01-03 17:09:27'),
 (113862,'2026-01-03',1081,26,0,0,0,0,'2026-01-03 17:09:27'),
 (113864,'2026-01-03',871,42,0,0,0,0,'2026-01-03 17:09:27'),
 (113870,'2026-01-03',1051,0,0,0,0,0,'2026-01-03 17:09:27'),
 (113872,'2026-01-03',919,0,0,0,0,0,'2026-01-03 17:09:27'),
 (113874,'2026-01-03',975,0,0,0,0,0,'2026-01-03 17:09:27'),
 (113876,'2026-01-03',1076,2,0,0,0,0,'2026-01-03 17:09:27'),
 (113882,'2026-01-03',1060,0,0,0,0,0,'2026-01-03 17:09:27'),
 (113884,'2026-01-03',1061,0,0,0,0,0,'2026-01-03 17:09:27'),
 (113886,'2026-01-03',901,0,0,0,0,0,'2026-01-03 17:09:27'),
 (113888,'2026-01-03',957,102,0,0,0,0,'2026-01-03 17:09:27'),
 (113890,'2026-01-03',1084,0,0,0,0,0,'2026-01-03 17:09:27'),
 (113892,'2026-01-03',886,15,0,0,0,0,'2026-01-03 17:09:27'),
 (113898,'2026-01-03',928,0,0,0,0,0,'2026-01-03 17:09:27'),
 (113900,'2026-01-03',983,0,0,0,0,0,'2026-01-03 17:09:27'),
 (113902,'2026-01-03',929,0,0,0,0,0,'2026-01-03 17:09:27'),
 (113904,'2026-01-03',1036,0,0,0,0,0,'2026-01-03 17:09:27'),
 (113906,'2026-01-03',913,0,0,0,0,0,'2026-01-03 17:09:27'),
 (113908,'2026-01-03',969,0,0,0,0,0,'2026-01-03 17:09:27'),
 (113910,'2026-01-03',971,0,0,0,0,0,'2026-01-03 17:09:27'),
 (113912,'2026-01-03',915,0,0,0,0,0,'2026-01-03 17:09:27'),
 (113914,'2026-01-03',914,0,0,0,0,0,'2026-01-03 17:09:27'),
 (113916,'2026-01-03',970,0,0,0,0,0,'2026-01-03 17:09:27'),
 (113918,'2026-01-03',912,0,0,0,0,0,'2026-01-03 17:09:27'),
 (113920,'2026-01-03',968,30,0,0,0,0,'2026-01-03 17:09:27'),
 (113926,'2026-01-03',910,1,0,0,0,0,'2026-01-03 17:09:27'),
 (113928,'2026-01-03',966,26,0,0,0,0,'2026-01-03 17:09:27'),
 (113930,'2026-01-03',1068,11,0,0,0,0,'2026-01-03 17:09:27'),
 (113932,'2026-01-03',1085,2,0,0,0,0,'2026-01-03 17:09:27'),
 (113934,'2026-01-03',1086,2,0,0,0,0,'2026-01-03 17:09:27'),
 (113936,'2026-01-03',838,0,0,0,0,0,'2026-01-03 17:09:27'),
 (113938,'2026-01-03',848,1,0,0,0,0,'2026-01-03 17:09:27'),
 (113940,'2026-01-03',1077,0,0,0,0,0,'2026-01-03 17:09:27'),
 (113944,'2026-01-03',918,0,0,0,0,0,'2026-01-03 17:09:27'),
 (113946,'2026-01-03',840,2,0,0,0,0,'2026-01-03 17:09:27'),
 (113948,'2026-01-03',951,0,0,0,0,0,'2026-01-03 17:09:27'),
 (113950,'2026-01-03',999,0,0,0,0,0,'2026-01-03 17:09:27'),
 (113952,'2026-01-03',1079,0,0,0,0,0,'2026-01-03 17:09:27'),
 (113954,'2026-01-03',917,0,0,0,0,0,'2026-01-03 17:09:27'),
 (113956,'2026-01-03',935,0,0,0,0,0,'2026-01-03 17:09:27'),
 (113958,'2026-01-03',986,25,0,0,0,0,'2026-01-03 17:09:27'),
 (113960,'2026-01-03',985,38,0,0,0,0,'2026-01-03 17:09:27'),
 (113962,'2026-01-03',984,0,0,0,0,0,'2026-01-03 17:09:27'),
 (113964,'2026-01-03',932,0,0,0,0,0,'2026-01-03 17:09:27'),
 (113966,'2026-01-03',936,0,0,0,0,0,'2026-01-03 17:09:27'),
 (113968,'2026-01-03',987,0,0,0,0,0,'2026-01-03 17:09:27'),
 (113970,'2026-01-03',934,3,0,0,0,0,'2026-01-03 17:09:27'),
 (113972,'2026-01-03',933,0,0,0,0,0,'2026-01-03 17:09:27'),
 (113974,'2026-01-03',1026,0,0,0,0,0,'2026-01-03 17:09:27'),
 (113976,'2026-01-03',1038,0,0,0,0,0,'2026-01-03 17:09:27'),
 (113978,'2026-01-03',930,0,0,0,0,0,'2026-01-03 17:09:27'),
 (113980,'2026-01-03',931,0,0,0,0,0,'2026-01-03 17:09:27'),
 (113982,'2026-01-03',1037,0,0,0,0,0,'2026-01-03 17:09:27'),
 (113984,'2026-01-03',923,0,0,0,0,0,'2026-01-03 17:09:27'),
 (113986,'2026-01-03',979,30,0,0,0,0,'2026-01-03 17:09:27'),
 (113988,'2026-01-03',974,60,0,0,0,0,'2026-01-03 17:09:27'),
 (113990,'2026-01-03',924,0,0,0,0,0,'2026-01-03 17:09:27'),
 (113992,'2026-01-03',980,0,0,0,0,0,'2026-01-03 17:09:27'),
 (113994,'2026-01-03',1023,0,0,0,0,0,'2026-01-03 17:09:27'),
 (113996,'2026-01-03',880,0,0,0,0,0,'2026-01-03 17:09:27'),
 (113998,'2026-01-03',890,46,0,0,0,0,'2026-01-03 17:09:27'),
 (114000,'2026-01-03',927,10,0,0,0,0,'2026-01-03 17:09:27'),
 (114002,'2026-01-03',982,26,0,0,0,0,'2026-01-03 17:09:27'),
 (114004,'2026-01-03',926,1,0,0,0,0,'2026-01-03 17:09:27'),
 (114006,'2026-01-03',1035,13,0,0,0,0,'2026-01-03 17:09:27'),
 (114008,'2026-01-03',1072,1,0,0,0,0,'2026-01-03 17:09:27'),
 (114010,'2026-01-03',953,0,0,0,0,0,'2026-01-03 17:09:27'),
 (114012,'2026-01-03',1001,0,0,0,0,0,'2026-01-03 17:09:27'),
 (114014,'2026-01-03',870,42,0,0,0,0,'2026-01-03 17:09:27'),
 (114016,'2026-01-03',869,41,0,0,0,0,'2026-01-03 17:09:27'),
 (114020,'2026-01-03',925,0,0,0,0,0,'2026-01-03 17:09:27'),
 (114022,'2026-01-03',981,0,0,0,0,0,'2026-01-03 17:09:27'),
 (114024,'2026-01-03',841,4,0,0,0,0,'2026-01-03 17:09:27'),
 (114026,'2026-01-03',945,0,0,0,0,0,'2026-01-03 17:09:27'),
 (114028,'2026-01-03',994,0,0,0,0,0,'2026-01-03 17:09:27'),
 (114030,'2026-01-03',946,3,0,0,0,0,'2026-01-03 17:09:27'),
 (114032,'2026-01-03',995,14,0,0,0,0,'2026-01-03 17:09:27'),
 (114034,'2026-01-03',899,0,0,0,0,0,'2026-01-03 17:09:27'),
 (114036,'2026-01-03',955,243,0,0,0,0,'2026-01-03 17:09:27'),
 (114038,'2026-01-03',944,0,0,0,0,0,'2026-01-03 17:09:27'),
 (114040,'2026-01-03',993,0,0,0,0,0,'2026-01-03 17:09:27'),
 (114044,'2026-01-03',991,33,0,0,0,0,'2026-01-03 17:09:27'),
 (114046,'2026-01-03',943,5,0,0,0,0,'2026-01-03 17:09:27'),
 (114048,'2026-01-03',992,43,0,0,0,0,'2026-01-03 17:09:27'),
 (114050,'2026-01-03',988,22,0,0,0,0,'2026-01-03 17:09:27'),
 (114052,'2026-01-03',1090,18,0,0,0,0,'2026-01-03 17:09:27'),
 (114054,'2026-01-03',1040,0,0,0,0,0,'2026-01-03 17:09:27'),
 (114056,'2026-01-03',939,0,0,0,0,0,'2026-01-03 17:09:27'),
 (114058,'2026-01-03',937,1,0,0,0,0,'2026-01-03 17:09:27'),
 (114060,'2026-01-03',938,0,0,0,0,0,'2026-01-03 17:09:27'),
 (114062,'2026-01-03',906,0,0,0,0,0,'2026-01-03 17:09:27'),
 (114064,'2026-01-03',1059,0,0,0,0,0,'2026-01-03 17:09:27'),
 (114066,'2026-01-03',1071,17,0,0,0,0,'2026-01-03 17:09:27'),
 (114068,'2026-01-03',1075,0,0,0,0,0,'2026-01-03 17:09:27'),
 (114070,'2026-01-03',1092,0,0,0,0,0,'2026-01-03 17:09:27'),
 (114072,'2026-01-03',1093,28,0,0,0,0,'2026-01-03 17:09:27'),
 (114074,'2026-01-03',850,0,0,0,0,0,'2026-01-03 17:09:27'),
 (114076,'2026-01-03',962,56,0,0,0,0,'2026-01-03 17:09:27'),
 (114078,'2026-01-03',950,2,0,0,0,0,'2026-01-03 17:09:27'),
 (114080,'2026-01-03',998,24,0,0,0,0,'2026-01-03 17:09:27'),
 (114082,'2026-01-03',1089,1,0,0,0,0,'2026-01-03 17:09:27'),
 (114084,'2026-01-03',1070,2,0,0,0,0,'2026-01-03 17:09:27'),
 (114086,'2026-01-03',1021,13,0,0,0,0,'2026-01-03 17:09:27'),
 (114088,'2026-01-03',1073,1,0,0,0,0,'2026-01-03 17:09:27'),
 (114090,'2026-01-03',1016,2,0,0,0,0,'2026-01-03 17:09:27'),
 (114092,'2026-01-03',907,0,0,0,0,0,'2026-01-03 17:09:27'),
 (114094,'2026-01-03',963,0,0,0,0,0,'2026-01-03 17:09:27'),
 (114096,'2026-01-03',839,0,0,0,0,0,'2026-01-03 17:09:27'),
 (114098,'2026-01-03',1049,3,0,0,0,0,'2026-01-03 17:09:27'),
 (114100,'2026-01-03',973,0,0,0,0,0,'2026-01-03 17:09:27'),
 (114102,'2026-01-03',909,0,0,0,0,0,'2026-01-03 17:09:27'),
 (114104,'2026-01-03',965,0,0,0,0,0,'2026-01-03 17:09:27'),
 (114106,'2026-01-03',1018,0,0,0,0,0,'2026-01-03 17:09:27'),
 (114108,'2026-01-03',1025,7,0,0,0,0,'2026-01-03 17:09:27'),
 (114110,'2026-01-03',835,0,0,0,0,0,'2026-01-03 17:09:27'),
 (114112,'2026-01-03',845,0,0,0,0,0,'2026-01-03 17:09:27'),
 (114114,'2026-01-03',844,2,0,0,0,0,'2026-01-03 17:09:27'),
 (114116,'2026-01-03',1039,1,0,0,0,0,'2026-01-03 17:09:27'),
 (114118,'2026-01-03',902,0,0,0,0,0,'2026-01-03 17:09:27'),
 (114120,'2026-01-03',903,0,0,0,0,0,'2026-01-03 17:09:27'),
 (114122,'2026-01-03',1044,78,0,0,0,0,'2026-01-03 17:09:27'),
 (114124,'2026-01-03',959,0,0,0,0,0,'2026-01-03 17:09:27'),
 (114126,'2026-01-03',1087,3,0,0,0,0,'2026-01-03 17:09:27'),
 (114128,'2026-01-03',958,35,0,0,0,0,'2026-01-03 17:09:27'),
 (114130,'2026-01-03',1088,3,0,0,0,0,'2026-01-03 17:09:27'),
 (114134,'2026-01-03',846,0,0,0,0,0,'2026-01-03 17:09:27'),
 (114136,'2026-01-03',947,0,0,0,0,0,'2026-01-03 17:09:27'),
 (114138,'2026-01-03',996,0,0,0,0,0,'2026-01-03 17:09:27'),
 (114140,'2026-01-03',948,1,0,0,0,0,'2026-01-03 17:09:27'),
 (114142,'2026-01-03',949,0,0,0,0,0,'2026-01-03 17:09:27'),
 (114146,'2026-01-03',851,0,0,0,0,0,'2026-01-03 17:09:27'),
 (114148,'2026-01-03',1063,0,0,0,0,0,'2026-01-03 17:09:27'),
 (114150,'2026-01-03',892,38,0,0,0,0,'2026-01-03 17:09:27'),
 (114152,'2026-01-03',1041,3,0,0,0,0,'2026-01-03 17:09:27'),
 (114154,'2026-01-03',867,0,0,0,0,0,'2026-01-03 17:09:27'),
 (114156,'2026-01-03',847,0,0,0,0,0,'2026-01-03 17:09:27'),
 (114158,'2026-01-03',1032,0,0,0,0,0,'2026-01-03 17:09:27'),
 (114160,'2026-01-03',854,0,0,0,0,0,'2026-01-03 17:09:27'),
 (114162,'2026-01-03',1057,0,0,0,0,0,'2026-01-03 17:09:27'),
 (114164,'2026-01-03',1058,0,0,0,0,0,'2026-01-03 17:09:27'),
 (114166,'2026-01-03',1067,0,0,0,0,0,'2026-01-03 17:09:27'),
 (114168,'2026-01-03',1034,0,0,0,0,0,'2026-01-03 17:09:27'),
 (114170,'2026-01-03',1033,0,0,0,0,0,'2026-01-03 17:09:27'),
 (114172,'2026-01-03',843,0,0,0,0,0,'2026-01-03 17:09:27'),
 (114176,'2026-01-03',897,310,0,0,0,0,'2026-01-03 17:09:27'),
 (114178,'2026-01-03',1050,3,0,0,0,0,'2026-01-03 17:09:27'),
 (114180,'2026-01-03',1052,0,0,0,0,0,'2026-01-03 17:09:27'),
 (114182,'2026-01-03',905,0,0,0,0,0,'2026-01-03 17:09:27'),
 (114184,'2026-01-03',961,49,0,0,0,0,'2026-01-03 17:09:27'),
 (114186,'2026-01-03',1005,32,0,0,0,0,'2026-01-03 17:09:27'),
 (114188,'2026-01-03',1009,22,0,0,0,0,'2026-01-03 17:09:27'),
 (114190,'2026-01-03',881,38,0,0,0,0,'2026-01-03 17:09:27'),
 (114192,'2026-01-03',1082,2,0,0,0,0,'2026-01-03 17:09:27'),
 (114194,'2026-01-03',916,0,0,0,0,0,'2026-01-03 17:09:27'),
 (114196,'2026-01-03',972,60,0,0,0,0,'2026-01-03 17:09:27'),
 (114198,'2026-01-03',922,0,0,0,0,0,'2026-01-03 17:09:27'),
 (114200,'2026-01-03',978,0,0,0,0,0,'2026-01-03 17:09:27'),
 (114202,'2026-01-03',921,0,0,0,0,0,'2026-01-03 17:09:27'),
 (114204,'2026-01-03',977,0,0,0,0,0,'2026-01-03 17:09:27'),
 (114206,'2026-01-03',920,0,0,0,0,0,'2026-01-03 17:09:27'),
 (114208,'2026-01-03',976,0,0,0,0,0,'2026-01-03 17:09:27'),
 (114210,'2026-01-03',900,0,0,0,0,0,'2026-01-03 17:09:27'),
 (114214,'2026-01-03',1083,11,0,0,0,0,'2026-01-03 17:09:28'),
 (114216,'2026-01-03',849,0,0,0,0,0,'2026-01-03 17:09:28'),
 (114218,'2026-01-03',837,5,0,0,0,0,'2026-01-03 17:09:28'),
 (114222,'2026-01-03',952,0,0,0,0,0,'2026-01-03 17:09:28'),
 (114224,'2026-01-03',1000,0,0,0,0,0,'2026-01-03 17:09:28'),
 (114226,'2026-01-03',908,0,0,0,0,0,'2026-01-03 17:09:28'),
 (114228,'2026-01-03',964,0,0,0,0,0,'2026-01-03 17:09:28'),
 (114232,'2026-01-03',1008,34,0,0,0,0,'2026-01-03 17:09:28'),
 (114236,'2026-01-03',1053,0,0,0,0,0,'2026-01-03 17:09:28'),
 (114238,'2026-01-03',865,0,0,0,0,0,'2026-01-03 17:09:28'),
 (114240,'2026-01-03',1064,0,0,0,0,0,'2026-01-03 17:09:28'),
 (114242,'2026-01-03',864,4,0,0,0,0,'2026-01-03 17:09:28'),
 (114244,'2026-01-03',1065,54,0,0,0,0,'2026-01-03 17:09:28'),
 (114245,'2026-01-03',1017,21,0,48,0,0,'2026-01-03 17:11:00'),
 (114246,'2026-01-03',942,0,0,1,0,0,'2026-01-03 17:11:00'),
 (114250,'2026-01-03',1011,0,0,24,0,0,'2026-01-03 17:11:00'),
 (114252,'2026-01-03',1054,44,0,0,1,0,'2026-01-03 18:57:22'),
 (114254,'2026-01-03',1029,22,0,0,1,0,'2026-01-03 18:57:22'),
 (114256,'2026-01-03',896,25,0,0,1,0,'2026-01-03 18:57:22'),
 (114258,'2026-01-03',997,28,0,0,1,0,'2026-01-03 18:57:22'),
 (114262,'2026-01-03',884,60,0,0,1,0,'2026-01-03 19:41:34'),
 (114266,'2026-01-03',879,66,0,0,1,0,'2026-01-03 19:41:34'),
 (114268,'2026-01-03',956,222,0,0,3,0,'2026-01-03 19:41:34'),
 (114272,'2026-01-03',1056,19,0,0,1,0,'2026-01-03 19:41:56'),
 (114274,'2026-01-03',1055,13,0,0,1,0,'2026-01-03 19:42:13'),
 (114284,'2026-01-03',898,54,0,24,2,0,'2026-01-03 20:57:59'),
 (114292,'2026-01-03',868,123,0,0,2,0,'2026-01-03 21:18:35'),
 (114294,'2026-01-03',894,28,0,48,6,0,'2026-01-03 21:20:20'),
 (114296,'2026-01-03',873,169,0,0,11,0,'2026-01-03 21:44:36'),
 (114298,'2026-01-03',1010,21,0,0,4,0,'2026-01-03 21:44:36'),
 (114300,'2026-01-03',887,188,0,96,8,0,'2026-01-03 21:58:46'),
 (114304,'2026-01-04',960,0,0,0,3,0,'2026-01-03 22:32:08'),
 (114306,'2026-01-04',898,0,0,0,1,0,'2026-01-03 22:32:08'),
 (114310,'2026-01-04',841,0,0,0,1,0,'2026-01-03 23:26:56'),
 (114316,'2026-01-04',1068,0,0,0,1,0,'2026-01-03 23:26:56'),
 (114320,'2026-01-04',992,0,0,0,2,0,'2026-01-04 01:01:32'),
 (114322,'2026-01-04',968,0,0,0,2,0,'2026-01-04 01:01:32'),
 (114330,'2026-01-04',956,0,0,0,1,0,'2026-01-04 01:01:54'),
 (114346,'2026-01-04',879,0,0,0,1,0,'2026-01-04 15:55:08'),
 (114350,'2026-01-04',868,0,0,0,1,0,'2026-01-04 16:02:47'),
 (114354,'2026-01-04',1048,0,0,0,2,0,'2026-01-04 18:10:59'),
 (114362,'2026-01-04',884,0,0,0,1,0,'2026-01-04 18:39:52'),
 (114366,'2026-01-04',892,0,0,0,2,0,'2026-01-04 18:40:26'),
 (114374,'2026-01-04',995,0,0,0,3,0,'2026-01-04 18:56:26'),
 (114376,'2026-01-04',896,0,0,0,1,0,'2026-01-04 18:56:26'),
 (114378,'2026-01-04',893,0,0,0,1,0,'2026-01-04 18:58:45'),
 (114380,'2026-01-04',1017,0,0,0,5,0,'2026-01-04 18:58:45'),
 (114396,'2026-01-04',1009,0,0,0,2,0,'2026-01-04 20:05:43'),
 (114406,'2026-01-04',1011,0,0,0,17,0,'2026-01-04 20:29:19'),
 (114408,'2026-01-04',869,0,0,0,2,0,'2026-01-04 20:29:19'),
 (114410,'2026-01-04',1055,0,0,0,5,0,'2026-01-04 20:29:19'),
 (114414,'2026-01-04',870,0,0,0,12,0,'2026-01-04 20:40:14'),
 (114424,'2026-01-04',955,0,0,0,3,0,'2026-01-04 20:50:36'),
 (114428,'2026-01-04',1056,0,0,0,1,0,'2026-01-04 20:58:43'),
 (114436,'2026-01-04',890,0,0,0,2,0,'2026-01-04 21:03:09'),
 (114444,'2026-01-04',948,0,0,0,1,0,'2026-01-04 21:17:23'),
 (114448,'2026-01-04',881,0,0,0,7,0,'2026-01-04 21:29:39'),
 (114450,'2026-01-04',871,0,0,0,3,0,'2026-01-04 21:30:01'),
 (114456,'2026-01-04',873,0,0,0,14,0,'2026-01-04 21:44:34'),
 (114460,'2026-01-04',887,0,0,0,21,0,'2026-01-04 21:45:12'),
 (114462,'2026-01-04',1008,0,0,0,4,0,'2026-01-04 21:45:12'),
 (114464,'2026-01-04',886,0,0,0,1,0,'2026-01-04 21:45:12'),
 (114466,'2026-01-04',894,0,0,0,5,0,'2026-01-04 21:49:30'),
 (114474,'2026-01-05',1055,0,0,0,1,0,'2026-01-04 22:16:19'),
 (114509,'2026-01-05',911,0,1,1,0,0,'2026-01-05 14:20:27'),
 (114510,'2026-01-05',1029,0,33,12,0,0,'2026-01-05 14:20:27'),
 (114514,'2026-01-05',896,0,47,24,0,0,'2026-01-05 14:20:27'),
 (114515,'2026-01-05',870,0,0,54,3,0,'2026-01-05 14:20:27'),
 (114518,'2026-01-05',948,0,2,2,0,0,'2026-01-05 14:20:27'),
 (114521,'2026-01-05',898,0,291,216,0,0,'2026-01-05 14:20:27'),
 (114525,'2026-01-05',1096,0,1,1,0,0,'2026-01-05 14:20:27'),
 (114526,'2026-01-05',1097,0,30,30,0,0,'2026-01-05 14:20:27'),
 (114527,'2026-01-05',837,0,6,1,0,0,'2026-01-05 14:42:23'),
 (114531,'2026-01-05',881,0,0,24,6,0,'2026-01-05 14:49:10'),
 (114539,'2026-01-05',887,0,0,192,27,0,'2026-01-05 17:01:06'),
 (114543,'2026-01-05',1056,0,41,24,2,0,'2026-01-05 17:22:32'),
 (114555,'2026-01-05',884,0,106,48,1,0,'2026-01-05 18:15:05'),
 (114559,'2026-01-05',868,0,0,0,1,0,'2026-01-05 18:24:50'),
 (114561,'2026-01-05',894,0,0,48,10,0,'2026-01-05 18:35:17'),
 (114565,'2026-01-05',992,0,0,0,4,0,'2026-01-05 18:36:25'),
 (114567,'2026-01-05',1008,0,0,24,8,0,'2026-01-05 18:36:25'),
 (114569,'2026-01-05',873,0,0,168,3,0,'2026-01-05 19:43:02'),
 (114573,'2026-01-05',1054,0,0,0,1,0,'2026-01-05 21:16:50'),
 (114575,'2026-01-05',1011,0,0,24,5,0,'2026-01-05 21:34:22'),
 (114577,'2026-01-05',879,0,0,0,6,0,'2026-01-05 21:34:22'),
 (114579,'2026-01-05',1021,0,37,24,1,0,'2026-01-05 21:34:22'),
 (114581,'2026-01-05',1017,0,0,0,3,0,'2026-01-05 21:35:25'),
 (114583,'2026-01-05',890,0,0,0,3,0,'2026-01-05 21:35:25'),
 (114585,'2026-01-05',886,0,0,24,2,0,'2026-01-05 21:53:30'),
 (114602,'2026-01-06',1094,0,0,0,0,0,'2026-01-05 22:46:58'),
 (114684,'2026-01-06',911,0,0,0,0,0,'2026-01-06 14:44:50'),
 (114686,'2026-01-06',967,53,0,0,0,0,'2026-01-06 14:44:50'),
 (114688,'2026-01-06',842,2,0,0,0,0,'2026-01-06 14:44:50'),
 (114690,'2026-01-06',904,0,0,0,0,0,'2026-01-06 14:44:50'),
 (114692,'2026-01-06',960,106,0,0,0,0,'2026-01-06 14:44:50'),
 (114694,'2026-01-06',1091,10,0,0,0,0,'2026-01-06 14:44:50'),
 (114696,'2026-01-06',1074,4,0,0,0,0,'2026-01-06 14:44:50'),
 (114700,'2026-01-06',1048,17,0,0,0,0,'2026-01-06 14:44:50'),
 (114702,'2026-01-06',941,0,0,0,0,0,'2026-01-06 14:44:50'),
 (114704,'2026-01-06',990,0,0,0,0,0,'2026-01-06 14:44:50'),
 (114706,'2026-01-06',940,0,0,0,0,0,'2026-01-06 14:44:50'),
 (114708,'2026-01-06',989,0,0,0,0,0,'2026-01-06 14:44:50'),
 (114710,'2026-01-06',1080,0,0,0,0,0,'2026-01-06 14:44:50'),
 (114712,'2026-01-06',1081,26,0,0,0,0,'2026-01-06 14:44:50'),
 (114714,'2026-01-06',871,37,0,0,0,0,'2026-01-06 14:44:50'),
 (114716,'2026-01-06',1054,22,0,0,0,0,'2026-01-06 14:44:50'),
 (114718,'2026-01-06',1051,0,0,0,0,0,'2026-01-06 14:44:50'),
 (114720,'2026-01-06',919,0,0,0,0,0,'2026-01-06 14:44:50'),
 (114722,'2026-01-06',975,0,0,0,0,0,'2026-01-06 14:44:50'),
 (114724,'2026-01-06',1076,2,0,0,0,0,'2026-01-06 14:44:50'),
 (114730,'2026-01-06',1060,0,0,0,0,0,'2026-01-06 14:44:50'),
 (114732,'2026-01-06',1061,0,0,0,0,0,'2026-01-06 14:44:50'),
 (114734,'2026-01-06',901,0,0,0,0,0,'2026-01-06 14:44:50'),
 (114736,'2026-01-06',957,94,0,0,0,0,'2026-01-06 14:44:50'),
 (114738,'2026-01-06',1084,0,0,0,0,0,'2026-01-06 14:44:50'),
 (114742,'2026-01-06',1055,5,0,0,0,0,'2026-01-06 14:44:50'),
 (114744,'2026-01-06',928,0,0,0,0,0,'2026-01-06 14:44:50'),
 (114746,'2026-01-06',983,0,0,0,0,0,'2026-01-06 14:44:50'),
 (114748,'2026-01-06',929,0,0,0,0,0,'2026-01-06 14:44:50'),
 (114750,'2026-01-06',1036,0,0,0,0,0,'2026-01-06 14:44:50'),
 (114752,'2026-01-06',1095,0,0,0,0,0,'2026-01-06 14:44:50'),
 (114754,'2026-01-06',913,0,0,0,0,0,'2026-01-06 14:44:50'),
 (114756,'2026-01-06',969,0,0,0,0,0,'2026-01-06 14:44:50'),
 (114758,'2026-01-06',971,0,0,0,0,0,'2026-01-06 14:44:50'),
 (114760,'2026-01-06',915,0,0,0,0,0,'2026-01-06 14:44:50'),
 (114762,'2026-01-06',914,0,0,0,0,0,'2026-01-06 14:44:50'),
 (114764,'2026-01-06',970,0,0,0,0,0,'2026-01-06 14:44:50'),
 (114766,'2026-01-06',912,0,0,0,0,0,'2026-01-06 14:44:50'),
 (114768,'2026-01-06',968,30,0,0,0,0,'2026-01-06 14:44:50'),
 (114772,'2026-01-06',910,0,0,0,0,0,'2026-01-06 14:44:50'),
 (114774,'2026-01-06',966,56,0,0,0,0,'2026-01-06 14:44:50'),
 (114776,'2026-01-06',1068,4,0,0,0,0,'2026-01-06 14:44:50'),
 (114778,'2026-01-06',1085,2,0,0,0,0,'2026-01-06 14:44:50'),
 (114780,'2026-01-06',1086,2,0,0,0,0,'2026-01-06 14:44:50'),
 (114782,'2026-01-06',838,0,0,0,0,0,'2026-01-06 14:44:50'),
 (114784,'2026-01-06',848,1,0,0,0,0,'2026-01-06 14:44:50'),
 (114786,'2026-01-06',1077,0,0,0,0,0,'2026-01-06 14:44:50'),
 (114788,'2026-01-06',1010,8,0,0,0,0,'2026-01-06 14:44:50'),
 (114790,'2026-01-06',918,1,0,0,0,0,'2026-01-06 14:44:50'),
 (114792,'2026-01-06',840,1,0,0,0,0,'2026-01-06 14:44:50'),
 (114794,'2026-01-06',951,0,0,0,0,0,'2026-01-06 14:44:50'),
 (114796,'2026-01-06',999,0,0,0,0,0,'2026-01-06 14:44:50'),
 (114798,'2026-01-06',1079,0,0,0,0,0,'2026-01-06 14:44:50'),
 (114800,'2026-01-06',917,0,0,0,0,0,'2026-01-06 14:44:50'),
 (114802,'2026-01-06',935,0,0,0,0,0,'2026-01-06 14:44:50'),
 (114804,'2026-01-06',986,25,0,0,0,0,'2026-01-06 14:44:50'),
 (114806,'2026-01-06',985,33,0,0,0,0,'2026-01-06 14:44:50'),
 (114808,'2026-01-06',984,0,0,0,0,0,'2026-01-06 14:44:50'),
 (114810,'2026-01-06',932,0,0,0,0,0,'2026-01-06 14:44:50'),
 (114812,'2026-01-06',936,0,0,0,0,0,'2026-01-06 14:44:50'),
 (114814,'2026-01-06',987,0,0,0,0,0,'2026-01-06 14:44:50'),
 (114816,'2026-01-06',934,3,0,0,0,0,'2026-01-06 14:44:50'),
 (114818,'2026-01-06',933,0,0,0,0,0,'2026-01-06 14:44:50'),
 (114820,'2026-01-06',1026,0,0,0,0,0,'2026-01-06 14:44:50'),
 (114822,'2026-01-06',1038,0,0,0,0,0,'2026-01-06 14:44:50'),
 (114824,'2026-01-06',930,0,0,0,0,0,'2026-01-06 14:44:50'),
 (114826,'2026-01-06',931,0,0,0,0,0,'2026-01-06 14:44:50'),
 (114828,'2026-01-06',1037,0,0,0,0,0,'2026-01-06 14:44:50'),
 (114830,'2026-01-06',923,1,0,0,0,0,'2026-01-06 14:44:50'),
 (114832,'2026-01-06',979,0,0,0,0,0,'2026-01-06 14:44:50'),
 (114834,'2026-01-06',974,25,0,0,0,0,'2026-01-06 14:44:50'),
 (114836,'2026-01-06',924,0,0,0,0,0,'2026-01-06 14:44:50'),
 (114838,'2026-01-06',980,0,0,0,0,0,'2026-01-06 14:44:50'),
 (114840,'2026-01-06',1023,0,0,0,0,0,'2026-01-06 14:44:50'),
 (114842,'2026-01-06',880,0,0,0,0,0,'2026-01-06 14:44:50'),
 (114843,'2026-01-06',890,30,0,0,0,0,'2026-01-06 14:44:50'),
 (114845,'2026-01-06',927,7,0,0,0,0,'2026-01-06 14:44:50'),
 (114847,'2026-01-06',982,36,0,0,0,0,'2026-01-06 14:44:50'),
 (114849,'2026-01-06',926,1,0,0,0,0,'2026-01-06 14:44:50'),
 (114851,'2026-01-06',1035,13,0,0,0,0,'2026-01-06 14:44:50'),
 (114853,'2026-01-06',1072,1,0,0,0,0,'2026-01-06 14:44:50'),
 (114855,'2026-01-06',953,0,0,0,0,0,'2026-01-06 14:44:50'),
 (114857,'2026-01-06',1001,0,0,0,0,0,'2026-01-06 14:44:50'),
 (114859,'2026-01-06',869,19,0,0,0,0,'2026-01-06 14:44:50'),
 (114862,'2026-01-06',925,0,0,0,0,0,'2026-01-06 14:44:50'),
 (114864,'2026-01-06',981,0,0,0,0,0,'2026-01-06 14:44:50'),
 (114866,'2026-01-06',841,2,0,0,0,0,'2026-01-06 14:44:50'),
 (114868,'2026-01-06',945,0,0,0,0,0,'2026-01-06 14:44:50'),
 (114870,'2026-01-06',994,0,0,0,0,0,'2026-01-06 14:44:50'),
 (114872,'2026-01-06',946,2,0,0,0,0,'2026-01-06 14:44:50'),
 (114874,'2026-01-06',995,39,0,0,0,0,'2026-01-06 14:44:50'),
 (114876,'2026-01-06',899,0,0,0,0,0,'2026-01-06 14:44:50'),
 (114879,'2026-01-06',944,0,0,0,0,0,'2026-01-06 14:44:50'),
 (114881,'2026-01-06',993,0,0,0,0,0,'2026-01-06 14:44:50'),
 (114883,'2026-01-06',942,1,0,0,0,0,'2026-01-06 14:44:50'),
 (114885,'2026-01-06',991,33,0,0,0,0,'2026-01-06 14:44:50'),
 (114887,'2026-01-06',943,3,0,0,0,0,'2026-01-06 14:44:50'),
 (114889,'2026-01-06',992,49,0,0,0,0,'2026-01-06 14:44:50'),
 (114891,'2026-01-06',988,22,0,0,0,0,'2026-01-06 14:44:50'),
 (114893,'2026-01-06',1090,18,0,0,0,0,'2026-01-06 14:44:50'),
 (114895,'2026-01-06',1040,0,0,0,0,0,'2026-01-06 14:44:50'),
 (114897,'2026-01-06',939,0,0,0,0,0,'2026-01-06 14:44:50'),
 (114899,'2026-01-06',937,1,0,0,0,0,'2026-01-06 14:44:50'),
 (114901,'2026-01-06',938,0,0,0,0,0,'2026-01-06 14:44:50'),
 (114903,'2026-01-06',906,0,0,0,0,0,'2026-01-06 14:44:50'),
 (114905,'2026-01-06',1059,0,0,0,0,0,'2026-01-06 14:44:50'),
 (114907,'2026-01-06',1071,17,0,0,0,0,'2026-01-06 14:44:50'),
 (114909,'2026-01-06',1075,0,0,0,0,0,'2026-01-06 14:44:50'),
 (114911,'2026-01-06',1092,0,0,0,0,0,'2026-01-06 14:44:50'),
 (114913,'2026-01-06',1093,28,0,0,0,0,'2026-01-06 14:44:50'),
 (114915,'2026-01-06',850,0,0,0,0,0,'2026-01-06 14:44:50'),
 (114917,'2026-01-06',962,56,0,0,0,0,'2026-01-06 14:44:50'),
 (114919,'2026-01-06',950,2,0,0,0,0,'2026-01-06 14:44:50'),
 (114921,'2026-01-06',998,24,0,0,0,0,'2026-01-06 14:44:50'),
 (114923,'2026-01-06',1089,1,0,0,0,0,'2026-01-06 14:44:50'),
 (114925,'2026-01-06',1070,2,0,0,0,0,'2026-01-06 14:44:50'),
 (114929,'2026-01-06',1073,1,0,0,0,0,'2026-01-06 14:44:50'),
 (114931,'2026-01-06',1016,0,0,0,0,0,'2026-01-06 14:44:50'),
 (114933,'2026-01-06',907,0,0,0,0,0,'2026-01-06 14:44:50'),
 (114935,'2026-01-06',963,0,0,0,0,0,'2026-01-06 14:44:50'),
 (114937,'2026-01-06',839,0,0,0,0,0,'2026-01-06 14:44:50'),
 (114939,'2026-01-06',1049,3,0,0,0,0,'2026-01-06 14:44:50'),
 (114941,'2026-01-06',973,0,0,0,0,0,'2026-01-06 14:44:50'),
 (114943,'2026-01-06',909,0,0,0,0,0,'2026-01-06 14:44:50'),
 (114945,'2026-01-06',965,0,0,0,0,0,'2026-01-06 14:44:50'),
 (114947,'2026-01-06',1018,0,0,0,0,0,'2026-01-06 14:44:50'),
 (114949,'2026-01-06',1025,7,0,0,0,0,'2026-01-06 14:44:50'),
 (114951,'2026-01-06',835,0,0,0,0,0,'2026-01-06 14:44:50'),
 (114953,'2026-01-06',845,0,0,0,0,0,'2026-01-06 14:44:50'),
 (114955,'2026-01-06',844,2,0,0,0,0,'2026-01-06 14:44:50'),
 (114957,'2026-01-06',1039,1,0,0,0,0,'2026-01-06 14:44:50'),
 (114959,'2026-01-06',902,0,0,0,0,0,'2026-01-06 14:44:50'),
 (114961,'2026-01-06',903,0,0,0,0,0,'2026-01-06 14:44:50'),
 (114963,'2026-01-06',1044,76,0,0,0,0,'2026-01-06 14:44:50'),
 (114965,'2026-01-06',959,0,0,0,0,0,'2026-01-06 14:44:50'),
 (114967,'2026-01-06',1087,3,0,0,0,0,'2026-01-06 14:44:50'),
 (114969,'2026-01-06',958,32,0,0,0,0,'2026-01-06 14:44:50'),
 (114971,'2026-01-06',1088,3,0,0,0,0,'2026-01-06 14:44:50'),
 (114974,'2026-01-06',846,0,0,0,0,0,'2026-01-06 14:44:50'),
 (114976,'2026-01-06',947,0,0,0,0,0,'2026-01-06 14:44:50'),
 (114978,'2026-01-06',996,0,0,0,0,0,'2026-01-06 14:44:50'),
 (114980,'2026-01-06',948,2,0,0,0,0,'2026-01-06 14:44:50'),
 (114982,'2026-01-06',949,0,0,0,0,0,'2026-01-06 14:44:50'),
 (114985,'2026-01-06',851,0,0,0,0,0,'2026-01-06 14:44:50'),
 (114987,'2026-01-06',1063,0,0,0,0,0,'2026-01-06 14:44:50'),
 (114988,'2026-01-06',892,24,0,0,0,0,'2026-01-06 14:44:50'),
 (114990,'2026-01-06',1041,3,0,0,0,0,'2026-01-06 14:44:50'),
 (114992,'2026-01-06',867,0,0,0,0,0,'2026-01-06 14:44:50'),
 (114994,'2026-01-06',847,0,0,0,0,0,'2026-01-06 14:44:50'),
 (114996,'2026-01-06',1032,0,0,0,0,0,'2026-01-06 14:44:50'),
 (114998,'2026-01-06',854,0,0,0,0,0,'2026-01-06 14:44:50'),
 (115000,'2026-01-06',1057,0,0,0,0,0,'2026-01-06 14:44:50'),
 (115002,'2026-01-06',1058,0,0,0,0,0,'2026-01-06 14:44:50'),
 (115004,'2026-01-06',1067,0,0,0,0,0,'2026-01-06 14:44:50'),
 (115006,'2026-01-06',1034,0,0,0,0,0,'2026-01-06 14:44:50'),
 (115008,'2026-01-06',1033,0,0,0,0,0,'2026-01-06 14:44:50'),
 (115010,'2026-01-06',843,0,0,0,0,0,'2026-01-06 14:44:50'),
 (115013,'2026-01-06',897,282,0,0,0,0,'2026-01-06 14:44:50'),
 (115015,'2026-01-06',1050,3,0,0,0,0,'2026-01-06 14:44:50'),
 (115016,'2026-01-06',1052,0,0,0,0,0,'2026-01-06 14:44:50'),
 (115018,'2026-01-06',905,0,0,0,0,0,'2026-01-06 14:44:50'),
 (115020,'2026-01-06',961,49,0,0,0,0,'2026-01-06 14:44:50'),
 (115023,'2026-01-06',1009,11,0,0,0,0,'2026-01-06 14:44:50'),
 (115024,'2026-01-06',881,36,0,0,0,0,'2026-01-06 14:44:50'),
 (115026,'2026-01-06',1082,2,0,0,0,0,'2026-01-06 14:44:50'),
 (115028,'2026-01-06',916,0,0,0,0,0,'2026-01-06 14:44:50'),
 (115030,'2026-01-06',972,60,0,0,0,0,'2026-01-06 14:44:50'),
 (115032,'2026-01-06',978,0,0,0,0,0,'2026-01-06 14:44:50'),
 (115034,'2026-01-06',977,0,0,0,0,0,'2026-01-06 14:44:50'),
 (115036,'2026-01-06',920,1,0,0,0,0,'2026-01-06 14:44:50'),
 (115038,'2026-01-06',922,0,0,0,0,0,'2026-01-06 14:44:50'),
 (115040,'2026-01-06',921,0,0,0,0,0,'2026-01-06 14:44:50'),
 (115042,'2026-01-06',900,0,0,0,0,0,'2026-01-06 14:44:50'),
 (115045,'2026-01-06',1083,11,0,0,0,0,'2026-01-06 14:44:50'),
 (115047,'2026-01-06',849,0,0,0,0,0,'2026-01-06 14:44:50'),
 (115049,'2026-01-06',837,6,0,0,0,0,'2026-01-06 14:44:50'),
 (115053,'2026-01-06',952,0,0,0,0,0,'2026-01-06 14:44:50'),
 (115055,'2026-01-06',1000,0,0,0,0,0,'2026-01-06 14:44:50'),
 (115057,'2026-01-06',908,0,0,0,0,0,'2026-01-06 14:44:50'),
 (115059,'2026-01-06',964,0,0,0,0,0,'2026-01-06 14:44:50'),
 (115064,'2026-01-06',1053,0,0,0,0,0,'2026-01-06 14:44:50'),
 (115066,'2026-01-06',865,0,0,0,0,0,'2026-01-06 14:44:50'),
 (115068,'2026-01-06',1064,0,0,0,0,0,'2026-01-06 14:44:50'),
 (115070,'2026-01-06',864,4,0,0,0,0,'2026-01-06 14:44:50'),
 (115072,'2026-01-06',1096,1,0,0,0,0,'2026-01-06 14:44:50'),
 (115074,'2026-01-06',1097,30,0,0,0,0,'2026-01-06 14:44:50'),
 (115076,'2026-01-06',1065,10,0,0,0,0,'2026-01-06 14:44:50'),
 (115082,'2026-01-06',1029,20,0,0,2,0,'2026-01-06 14:54:50'),
 (115086,'2026-01-06',1017,54,0,0,2,0,'2026-01-06 14:59:41'),
 (115088,'2026-01-06',1008,36,0,0,4,0,'2026-01-06 15:02:26'),
 (115094,'2026-01-06',896,33,0,0,1,0,'2026-01-06 16:44:56'),
 (115098,'2026-01-06',997,21,0,0,1,0,'2026-01-06 16:44:56'),
 (115100,'2026-01-06',956,154,0,0,1,0,'2026-01-06 16:44:56'),
 (115106,'2026-01-06',884,76,0,0,5,0,'2026-01-06 17:03:11'),
 (115108,'2026-01-06',879,26,0,0,2,0,'2026-01-06 17:04:10'),
 (115114,'2026-01-06',1005,32,0,0,5,0,'2026-01-06 17:35:24'),
 (115122,'2026-01-06',868,85,0,0,4,0,'2026-01-06 18:05:16'),
 (115132,'2026-01-06',1056,26,0,0,8,0,'2026-01-06 19:31:37'),
 (115134,'2026-01-06',955,198,0,0,0,0,'2026-01-06 19:54:34'),
 (115136,'2026-01-06',893,45,0,0,1,0,'2026-01-06 19:54:34'),
 (115138,'2026-01-06',873,261,0,0,9,0,'2026-01-06 20:57:07'),
 (115140,'2026-01-06',894,55,0,0,1,0,'2026-01-06 20:57:07'),
 (115144,'2026-01-06',1011,19,0,0,3,0,'2026-01-06 21:04:05'),
 (115148,'2026-01-06',887,281,0,0,22,0,'2026-01-06 21:39:28'),
 (115150,'2026-01-06',886,24,0,0,4,0,'2026-01-06 21:39:28'),
 (115152,'2026-01-06',870,56,0,0,4,0,'2026-01-06 21:39:28'),
 (115154,'2026-01-06',1021,24,0,0,1,0,'2026-01-06 21:46:44'),
 (115157,'2026-01-06',898,269,0,0,2,0,'2026-01-06 21:58:18'),
 (115177,'2026-01-07',886,0,0,0,2,0,'2026-01-06 22:23:23'),
 (115188,'2026-01-07',943,0,0,0,1,0,'2026-01-06 22:43:29'),
 (115226,'2026-01-07',992,0,0,0,7,0,'2026-01-06 23:40:46'),
 (115280,'2026-01-07',896,0,0,0,1,0,'2026-01-07 12:23:03'),
 (115282,'2026-01-07',1048,0,0,0,2,0,'2026-01-07 12:29:22'),
 (115308,'2026-01-07',995,0,0,0,2,0,'2026-01-07 15:53:45'),
 (115312,'2026-01-07',955,0,0,0,28,0,'2026-01-07 15:53:45'),
 (115316,'2026-01-07',957,0,0,0,2,0,'2026-01-07 15:53:45'),
 (115318,'2026-01-07',982,0,0,0,2,0,'2026-01-07 15:53:45'),
 (115319,'2026-01-07',927,0,0,0,0,0,'2026-01-07 16:12:41'),
 (115330,'2026-01-07',870,0,0,0,9,0,'2026-01-07 16:20:16'),
 (115343,'2026-01-07',1054,0,0,24,4,0,'2026-01-07 17:42:47'),
 (115345,'2026-01-07',1056,0,0,24,4,0,'2026-01-07 17:42:47'),
 (115347,'2026-01-07',1068,0,0,12,1,0,'2026-01-07 17:42:47'),
 (115350,'2026-01-07',1016,0,24,24,0,0,'2026-01-07 17:42:47'),
 (115353,'2026-01-07',897,0,0,6,4,0,'2026-01-07 17:42:47'),
 (115354,'2026-01-07',1009,0,35,24,0,0,'2026-01-07 17:42:47'),
 (115355,'2026-01-07',881,0,0,24,10,0,'2026-01-07 17:42:47'),
 (115370,'2026-01-07',894,0,0,24,2,0,'2026-01-07 18:47:22'),
 (115390,'2026-01-07',1011,0,0,24,9,0,'2026-01-07 19:42:41'),
 (115396,'2026-01-07',879,0,0,0,5,0,'2026-01-07 20:03:00'),
 (115400,'2026-01-07',1029,0,0,24,8,0,'2026-01-07 20:18:44'),
 (115404,'2026-01-07',868,0,0,0,4,0,'2026-01-07 20:23:53'),
 (115406,'2026-01-07',1021,0,0,12,4,0,'2026-01-07 20:23:53'),
 (115414,'2026-01-07',1055,0,0,0,4,0,'2026-01-07 20:35:12'),
 (115416,'2026-01-07',884,0,0,24,20,0,'2026-01-07 20:35:12'),
 (115418,'2026-01-07',1091,0,0,0,1,0,'2026-01-07 20:35:12'),
 (115424,'2026-01-07',890,0,0,0,6,0,'2026-01-07 21:12:02'),
 (115428,'2026-01-07',1010,0,0,0,4,0,'2026-01-07 21:12:02'),
 (115430,'2026-01-07',956,0,0,0,14,0,'2026-01-07 21:12:02'),
 (115432,'2026-01-07',887,0,0,0,32,0,'2026-01-07 21:15:38'),
 (115434,'2026-01-07',869,0,59,48,3,0,'2026-01-07 21:15:38'),
 (115436,'2026-01-07',892,0,0,24,1,0,'2026-01-07 21:39:44'),
 (115438,'2026-01-07',898,0,0,0,13,0,'2026-01-07 21:39:44'),
 (115442,'2026-01-07',1017,0,0,0,4,0,'2026-01-07 21:43:13'),
 (115444,'2026-01-07',873,0,0,0,30,0,'2026-01-07 21:56:37'),
 (115448,'2026-01-08',985,0,0,0,4,0,'2026-01-07 23:16:30'),
 (115458,'2026-01-08',1095,0,0,0,1,0,'2026-01-08 13:22:43'),
 (115463,'2026-01-08',886,0,37,24,0,0,'2026-01-08 15:04:06'),
 (115470,'2026-01-08',943,0,4,2,0,0,'2026-01-08 15:04:07'),
 (115485,'2026-01-08',868,0,99,24,4,0,'2026-01-08 16:08:05'),
 (115503,'2026-01-08',1090,0,0,0,1,0,'2026-01-08 16:41:25'),
 (115512,'2026-01-08',869,0,0,0,1,0,'2026-01-08 17:17:09'),
 (115522,'2026-01-08',1021,0,0,0,3,0,'2026-01-08 17:33:43'),
 (115524,'2026-01-08',870,0,62,24,1,0,'2026-01-08 17:42:10'),
 (115527,'2026-01-08',1029,0,0,0,0,0,'2026-01-08 18:13:19'),
 (115555,'2026-01-08',1054,0,0,0,1,0,'2026-01-08 19:40:59'),
 (115563,'2026-01-08',1056,0,0,0,3,0,'2026-01-08 20:34:35'),
 (115565,'2026-01-08',1017,0,0,0,3,0,'2026-01-08 20:34:35'),
 (115570,'2026-01-08',992,0,0,0,3,0,'2026-01-08 20:37:27'),
 (115572,'2026-01-08',897,0,0,0,1,0,'2026-01-08 20:37:27'),
 (115574,'2026-01-08',957,0,0,0,2,0,'2026-01-08 20:37:27'),
 (115578,'2026-01-08',956,0,0,0,3,0,'2026-01-08 20:37:43'),
 (115580,'2026-01-08',898,0,0,0,6,0,'2026-01-08 20:38:04'),
 (115586,'2026-01-08',1048,0,0,0,1,0,'2026-01-08 20:49:22'),
 (115594,'2026-01-08',1098,0,0,0,9,0,'2026-01-08 21:04:02'),
 (115600,'2026-01-08',893,0,0,0,8,0,'2026-01-08 21:15:02'),
 (115604,'2026-01-08',884,0,0,24,11,0,'2026-01-08 21:15:02'),
 (115612,'2026-01-08',890,0,45,24,10,0,'2026-01-08 21:18:02'),
 (115616,'2026-01-08',899,0,2,2,1,0,'2026-01-08 21:19:36'),
 (115618,'2026-01-08',892,0,0,0,5,0,'2026-01-08 21:19:36'),
 (115628,'2026-01-08',873,0,0,0,5,0,'2026-01-08 21:28:48'),
 (115633,'2026-01-08',955,0,0,0,29,0,'2026-01-08 21:34:58'),
 (115635,'2026-01-08',896,0,0,0,2,0,'2026-01-08 21:34:58'),
 (115637,'2026-01-08',879,0,43,24,7,0,'2026-01-08 21:39:02'),
 (115641,'2026-01-08',894,0,0,0,7,0,'2026-01-08 21:39:02'),
 (115643,'2026-01-08',887,0,0,96,19,0,'2026-01-08 21:43:46'),
 (115645,'2026-01-08',1011,0,0,0,7,0,'2026-01-08 21:43:46'),
 (115647,'2026-01-08',881,0,0,0,1,0,'2026-01-08 21:43:46'),
 (115657,'2026-01-09',957,0,0,0,1,0,'2026-01-08 22:17:29'),
 (115661,'2026-01-09',881,0,0,0,0,0,'2026-01-08 22:21:04'),
 (115673,'2026-01-09',997,0,0,0,16,0,'2026-01-08 22:52:39'),
 (115681,'2026-01-09',1068,0,0,0,1,0,'2026-01-09 11:41:03'),
 (115692,'2026-01-09',1054,0,57,24,0,0,'2026-01-09 14:16:17'),
 (115696,'2026-01-09',869,0,77,24,0,0,'2026-01-09 14:16:17'),
 (115697,'2026-01-09',899,0,3,2,0,0,'2026-01-09 14:16:17'),
 (115698,'2026-01-09',943,0,0,1,1,0,'2026-01-09 14:16:17'),
 (115702,'2026-01-09',892,0,0,24,2,0,'2026-01-09 14:16:17'),
 (115703,'2026-01-09',900,0,3,3,0,0,'2026-01-09 14:16:17'),
 (115766,'2026-01-09',1011,0,0,0,1,0,'2026-01-09 18:07:00'),
 (115780,'2026-01-09',893,0,0,0,6,0,'2026-01-09 18:18:31'),
 (115829,'2026-01-09',1091,0,0,0,0,0,'2026-01-09 20:22:57'),
 (115843,'2026-01-09',890,0,49,24,6,0,'2026-01-09 20:49:06'),
 (115846,'2026-01-09',1048,0,0,0,0,0,'2026-01-09 20:49:57'),
 (115860,'2026-01-09',1029,0,0,0,2,0,'2026-01-09 21:00:39'),
 (115864,'2026-01-09',1009,0,0,0,3,0,'2026-01-09 21:01:06'),
 (115878,'2026-01-09',1016,0,0,0,2,0,'2026-01-09 21:05:14'),
 (115882,'2026-01-09',898,0,271,24,2,0,'2026-01-09 21:09:16'),
 (115884,'2026-01-09',887,0,0,96,30,0,'2026-01-09 21:13:58'),
 (115888,'2026-01-09',1008,0,0,24,2,0,'2026-01-09 21:13:58'),
 (115912,'2026-01-09',879,0,0,0,20,0,'2026-01-09 21:38:01'),
 (115914,'2026-01-09',870,0,0,0,6,0,'2026-01-09 21:38:01'),
 (115916,'2026-01-09',868,0,0,0,11,0,'2026-01-09 21:38:01'),
 (115918,'2026-01-09',955,0,0,0,21,0,'2026-01-09 21:38:01'),
 (115920,'2026-01-09',884,0,104,24,12,0,'2026-01-09 21:38:01'),
 (115922,'2026-01-09',896,0,0,0,9,0,'2026-01-09 21:38:01'),
 (115924,'2026-01-09',873,0,0,0,30,0,'2026-01-09 21:38:01'),
 (115926,'2026-01-09',1021,0,46,24,2,0,'2026-01-09 21:38:01'),
 (115928,'2026-01-09',992,0,0,30,20,0,'2026-01-09 21:38:01'),
 (115930,'2026-01-09',897,0,0,0,12,0,'2026-01-09 21:38:01'),
 (115932,'2026-01-09',956,0,0,0,29,0,'2026-01-09 21:38:01'),
 (115934,'2026-01-09',958,0,0,0,1,0,'2026-01-09 21:38:01'),
 (115936,'2026-01-09',894,0,0,48,14,0,'2026-01-09 21:38:01'),
 (115938,'2026-01-09',886,0,58,24,2,0,'2026-01-09 21:38:01'),
 (115940,'2026-01-09',1017,0,0,0,5,0,'2026-01-09 21:38:01'),
 (115942,'2026-01-09',1056,0,0,0,1,0,'2026-01-09 21:38:01'),
 (115943,'2026-01-09',998,0,0,0,0,0,'2026-01-09 21:46:40'),
 (115996,'2026-01-10',911,0,0,0,0,0,'2026-01-10 12:56:15'),
 (115998,'2026-01-10',967,53,0,0,0,0,'2026-01-10 12:56:15'),
 (116000,'2026-01-10',842,2,0,0,0,0,'2026-01-10 12:56:15'),
 (116002,'2026-01-10',904,0,0,0,0,0,'2026-01-10 12:56:15'),
 (116006,'2026-01-10',1091,9,0,0,0,0,'2026-01-10 12:56:15'),
 (116008,'2026-01-10',1074,4,0,0,0,0,'2026-01-10 12:56:15'),
 (116014,'2026-01-10',941,0,0,0,0,0,'2026-01-10 12:56:15'),
 (116016,'2026-01-10',990,0,0,0,0,0,'2026-01-10 12:56:15'),
 (116018,'2026-01-10',940,0,0,0,0,0,'2026-01-10 12:56:15'),
 (116020,'2026-01-10',989,0,0,0,0,0,'2026-01-10 12:56:15'),
 (116022,'2026-01-10',1080,0,0,0,0,0,'2026-01-10 12:56:15'),
 (116024,'2026-01-10',1081,26,0,0,0,0,'2026-01-10 12:56:15'),
 (116031,'2026-01-10',1051,0,0,0,0,0,'2026-01-10 12:56:15'),
 (116033,'2026-01-10',919,0,0,0,0,0,'2026-01-10 12:56:15'),
 (116035,'2026-01-10',975,0,0,0,0,0,'2026-01-10 12:56:15'),
 (116037,'2026-01-10',1076,2,0,0,0,0,'2026-01-10 12:56:15'),
 (116039,'2026-01-10',1029,18,0,0,0,0,'2026-01-10 12:56:15'),
 (116043,'2026-01-10',1060,0,0,0,0,0,'2026-01-10 12:56:15'),
 (116045,'2026-01-10',1061,0,0,0,0,0,'2026-01-10 12:56:15'),
 (116047,'2026-01-10',901,0,0,0,0,0,'2026-01-10 12:56:15'),
 (116051,'2026-01-10',1084,0,0,0,0,0,'2026-01-10 12:56:15'),
 (116055,'2026-01-10',1055,1,0,0,0,0,'2026-01-10 12:56:15'),
 (116057,'2026-01-10',928,0,0,0,0,0,'2026-01-10 12:56:15'),
 (116059,'2026-01-10',983,0,0,0,0,0,'2026-01-10 12:56:15'),
 (116061,'2026-01-10',929,0,0,0,0,0,'2026-01-10 12:56:15'),
 (116063,'2026-01-10',1036,0,0,0,0,0,'2026-01-10 12:56:15'),
 (116065,'2026-01-10',1095,0,0,0,0,0,'2026-01-10 12:56:15'),
 (116067,'2026-01-10',913,0,0,0,0,0,'2026-01-10 12:56:15'),
 (116069,'2026-01-10',969,0,0,0,0,0,'2026-01-10 12:56:15'),
 (116071,'2026-01-10',971,0,0,0,0,0,'2026-01-10 12:56:15'),
 (116073,'2026-01-10',915,0,0,0,0,0,'2026-01-10 12:56:15'),
 (116075,'2026-01-10',914,0,0,0,0,0,'2026-01-10 12:56:15'),
 (116077,'2026-01-10',970,0,0,0,0,0,'2026-01-10 12:56:15'),
 (116079,'2026-01-10',912,0,0,0,0,0,'2026-01-10 12:56:15'),
 (116081,'2026-01-10',968,28,0,0,0,0,'2026-01-10 12:56:15'),
 (116086,'2026-01-10',910,0,0,0,0,0,'2026-01-10 12:56:15'),
 (116088,'2026-01-10',966,56,0,0,0,0,'2026-01-10 12:56:15'),
 (116090,'2026-01-10',1068,14,0,0,0,0,'2026-01-10 12:56:15'),
 (116092,'2026-01-10',1085,2,0,0,0,0,'2026-01-10 12:56:15'),
 (116094,'2026-01-10',1086,2,0,0,0,0,'2026-01-10 12:56:15'),
 (116096,'2026-01-10',838,0,0,0,0,0,'2026-01-10 12:56:15'),
 (116098,'2026-01-10',848,1,0,0,0,0,'2026-01-10 12:56:15'),
 (116100,'2026-01-10',1077,0,0,0,0,0,'2026-01-10 12:56:15'),
 (116104,'2026-01-10',918,0,0,0,0,0,'2026-01-10 12:56:15'),
 (116106,'2026-01-10',840,1,0,0,0,0,'2026-01-10 12:56:15'),
 (116108,'2026-01-10',951,0,0,0,0,0,'2026-01-10 12:56:15'),
 (116110,'2026-01-10',999,0,0,0,0,0,'2026-01-10 12:56:15'),
 (116112,'2026-01-10',1079,0,0,0,0,0,'2026-01-10 12:56:15'),
 (116114,'2026-01-10',917,0,0,0,0,0,'2026-01-10 12:56:15'),
 (116116,'2026-01-10',935,0,0,0,0,0,'2026-01-10 12:56:15'),
 (116118,'2026-01-10',986,25,0,0,0,0,'2026-01-10 12:56:15'),
 (116120,'2026-01-10',984,0,0,0,0,0,'2026-01-10 12:56:15'),
 (116122,'2026-01-10',932,0,0,0,0,0,'2026-01-10 12:56:15'),
 (116124,'2026-01-10',936,0,0,0,0,0,'2026-01-10 12:56:15'),
 (116126,'2026-01-10',987,0,0,0,0,0,'2026-01-10 12:56:15'),
 (116128,'2026-01-10',934,0,0,0,0,0,'2026-01-10 12:56:15'),
 (116130,'2026-01-10',985,96,0,0,0,0,'2026-01-10 12:56:15'),
 (116132,'2026-01-10',933,0,0,0,0,0,'2026-01-10 12:56:15'),
 (116134,'2026-01-10',1026,0,0,0,0,0,'2026-01-10 12:56:15'),
 (116136,'2026-01-10',1038,0,0,0,0,0,'2026-01-10 12:56:15'),
 (116138,'2026-01-10',930,0,0,0,0,0,'2026-01-10 12:56:15'),
 (116140,'2026-01-10',931,0,0,0,0,0,'2026-01-10 12:56:15'),
 (116142,'2026-01-10',1037,0,0,0,0,0,'2026-01-10 12:56:15'),
 (116144,'2026-01-10',923,0,0,0,0,0,'2026-01-10 12:56:15'),
 (116146,'2026-01-10',979,30,0,0,0,0,'2026-01-10 12:56:15'),
 (116148,'2026-01-10',974,54,0,0,0,0,'2026-01-10 12:56:15'),
 (116150,'2026-01-10',924,0,0,0,0,0,'2026-01-10 12:56:15'),
 (116152,'2026-01-10',980,0,0,0,0,0,'2026-01-10 12:56:15'),
 (116154,'2026-01-10',1023,0,0,0,0,0,'2026-01-10 12:56:15'),
 (116161,'2026-01-10',982,171,0,0,0,0,'2026-01-10 12:56:15'),
 (116163,'2026-01-10',926,0,0,0,0,0,'2026-01-10 12:56:15'),
 (116165,'2026-01-10',1035,43,0,0,0,0,'2026-01-10 12:56:15'),
 (116167,'2026-01-10',1072,1,0,0,0,0,'2026-01-10 12:56:15'),
 (116169,'2026-01-10',953,0,0,0,0,0,'2026-01-10 12:56:15'),
 (116171,'2026-01-10',1001,0,0,0,0,0,'2026-01-10 12:56:15'),
 (116179,'2026-01-10',925,0,0,0,0,0,'2026-01-10 12:56:15'),
 (116181,'2026-01-10',981,0,0,0,0,0,'2026-01-10 12:56:15'),
 (116183,'2026-01-10',841,2,0,0,0,0,'2026-01-10 12:56:15'),
 (116185,'2026-01-10',945,0,0,0,0,0,'2026-01-10 12:56:15'),
 (116187,'2026-01-10',994,0,0,0,0,0,'2026-01-10 12:56:15'),
 (116189,'2026-01-10',946,0,0,0,0,0,'2026-01-10 12:56:15'),
 (116191,'2026-01-10',995,91,0,0,0,0,'2026-01-10 12:56:15'),
 (116197,'2026-01-10',944,0,0,0,0,0,'2026-01-10 12:56:15'),
 (116199,'2026-01-10',993,0,0,0,0,0,'2026-01-10 12:56:15'),
 (116201,'2026-01-10',942,0,0,0,0,0,'2026-01-10 12:56:15'),
 (116203,'2026-01-10',991,33,0,0,0,0,'2026-01-10 12:56:15'),
 (116205,'2026-01-10',992,43,0,0,0,0,'2026-01-10 12:56:15'),
 (116207,'2026-01-10',988,22,0,0,0,0,'2026-01-10 12:56:15'),
 (116209,'2026-01-10',1090,17,0,0,0,0,'2026-01-10 12:56:15'),
 (116211,'2026-01-10',1040,0,0,0,0,0,'2026-01-10 12:56:15'),
 (116213,'2026-01-10',939,0,0,0,0,0,'2026-01-10 12:56:15'),
 (116215,'2026-01-10',937,1,0,0,0,0,'2026-01-10 12:56:15'),
 (116217,'2026-01-10',938,0,0,0,0,0,'2026-01-10 12:56:15'),
 (116219,'2026-01-10',906,0,0,0,0,0,'2026-01-10 12:56:15'),
 (116221,'2026-01-10',1059,0,0,0,0,0,'2026-01-10 12:56:15'),
 (116223,'2026-01-10',1071,77,0,0,0,0,'2026-01-10 12:56:15'),
 (116225,'2026-01-10',1075,0,0,0,0,0,'2026-01-10 12:56:15'),
 (116227,'2026-01-10',1092,0,0,0,0,0,'2026-01-10 12:56:15'),
 (116229,'2026-01-10',1093,28,0,0,0,0,'2026-01-10 12:56:15'),
 (116231,'2026-01-10',850,0,0,0,0,0,'2026-01-10 12:56:15'),
 (116233,'2026-01-10',962,56,0,0,0,0,'2026-01-10 12:56:15'),
 (116235,'2026-01-10',950,0,0,0,0,0,'2026-01-10 12:56:15'),
 (116237,'2026-01-10',998,71,0,0,0,0,'2026-01-10 12:56:15'),
 (116239,'2026-01-10',1089,1,0,0,0,0,'2026-01-10 12:56:15'),
 (116241,'2026-01-10',1070,0,0,0,0,0,'2026-01-10 12:56:15'),
 (116245,'2026-01-10',1073,1,0,0,0,0,'2026-01-10 12:56:15'),
 (116249,'2026-01-10',907,0,0,0,0,0,'2026-01-10 12:56:15'),
 (116251,'2026-01-10',963,0,0,0,0,0,'2026-01-10 12:56:15'),
 (116253,'2026-01-10',839,0,0,0,0,0,'2026-01-10 12:56:15'),
 (116255,'2026-01-10',1049,3,0,0,0,0,'2026-01-10 12:56:15'),
 (116257,'2026-01-10',973,0,0,0,0,0,'2026-01-10 12:56:15'),
 (116259,'2026-01-10',909,0,0,0,0,0,'2026-01-10 12:56:15'),
 (116261,'2026-01-10',965,0,0,0,0,0,'2026-01-10 12:56:15'),
 (116263,'2026-01-10',1018,0,0,0,0,0,'2026-01-10 12:56:15'),
 (116267,'2026-01-10',835,0,0,0,0,0,'2026-01-10 12:56:15'),
 (116269,'2026-01-10',845,0,0,0,0,0,'2026-01-10 12:56:15'),
 (116271,'2026-01-10',844,2,0,0,0,0,'2026-01-10 12:56:15'),
 (116272,'2026-01-10',1039,0,0,0,0,0,'2026-01-10 12:56:15'),
 (116274,'2026-01-10',902,0,0,0,0,0,'2026-01-10 12:56:15'),
 (116276,'2026-01-10',903,0,0,0,0,0,'2026-01-10 12:56:15'),
 (116278,'2026-01-10',1044,59,0,0,0,0,'2026-01-10 12:56:15'),
 (116280,'2026-01-10',959,0,0,0,0,0,'2026-01-10 12:56:15'),
 (116282,'2026-01-10',1087,3,0,0,0,0,'2026-01-10 12:56:15'),
 (116286,'2026-01-10',1088,3,0,0,0,0,'2026-01-10 12:56:15'),
 (116289,'2026-01-10',846,0,0,0,0,0,'2026-01-10 12:56:15'),
 (116291,'2026-01-10',947,0,0,0,0,0,'2026-01-10 12:56:15'),
 (116293,'2026-01-10',996,0,0,0,0,0,'2026-01-10 12:56:15'),
 (116297,'2026-01-10',949,0,0,0,0,0,'2026-01-10 12:56:15'),
 (116299,'2026-01-10',997,2,0,0,0,0,'2026-01-10 12:56:15'),
 (116301,'2026-01-10',851,0,0,0,0,0,'2026-01-10 12:56:15'),
 (116303,'2026-01-10',1063,0,0,0,0,0,'2026-01-10 12:56:15'),
 (116306,'2026-01-10',1041,3,0,0,0,0,'2026-01-10 12:56:15'),
 (116308,'2026-01-10',867,0,0,0,0,0,'2026-01-10 12:56:15'),
 (116310,'2026-01-10',847,0,0,0,0,0,'2026-01-10 12:56:15'),
 (116312,'2026-01-10',1032,0,0,0,0,0,'2026-01-10 12:56:15'),
 (116314,'2026-01-10',854,0,0,0,0,0,'2026-01-10 12:56:15'),
 (116316,'2026-01-10',1057,0,0,0,0,0,'2026-01-10 12:56:15'),
 (116318,'2026-01-10',1058,0,0,0,0,0,'2026-01-10 12:56:15'),
 (116320,'2026-01-10',1067,0,0,0,0,0,'2026-01-10 12:56:15'),
 (116322,'2026-01-10',1034,0,0,0,0,0,'2026-01-10 12:56:15'),
 (116324,'2026-01-10',1033,0,0,0,0,0,'2026-01-10 12:56:15'),
 (116326,'2026-01-10',843,0,0,0,0,0,'2026-01-10 12:56:15'),
 (116329,'2026-01-10',1050,2,0,0,0,0,'2026-01-10 12:56:15'),
 (116330,'2026-01-10',1052,0,0,0,0,0,'2026-01-10 12:56:15'),
 (116332,'2026-01-10',905,0,0,0,0,0,'2026-01-10 12:56:15'),
 (116334,'2026-01-10',961,45,0,0,0,0,'2026-01-10 12:56:15'),
 (116336,'2026-01-10',1005,25,0,0,0,0,'2026-01-10 12:56:15'),
 (116338,'2026-01-10',1009,23,0,0,0,0,'2026-01-10 12:56:15'),
 (116341,'2026-01-10',1082,2,0,0,0,0,'2026-01-10 12:56:15'),
 (116343,'2026-01-10',916,0,0,0,0,0,'2026-01-10 12:56:15'),
 (116345,'2026-01-10',972,60,0,0,0,0,'2026-01-10 12:56:15'),
 (116347,'2026-01-10',978,0,0,0,0,0,'2026-01-10 12:56:15'),
 (116349,'2026-01-10',977,0,0,0,0,0,'2026-01-10 12:56:15'),
 (116351,'2026-01-10',920,0,0,0,0,0,'2026-01-10 12:56:15'),
 (116353,'2026-01-10',922,0,0,0,0,0,'2026-01-10 12:56:15'),
 (116355,'2026-01-10',921,0,0,0,0,0,'2026-01-10 12:56:15'),
 (116361,'2026-01-10',1098,0,0,0,0,0,'2026-01-10 12:56:15'),
 (116363,'2026-01-10',1083,11,0,0,0,0,'2026-01-10 12:56:15'),
 (116365,'2026-01-10',849,0,0,0,0,0,'2026-01-10 12:56:15'),
 (116367,'2026-01-10',837,6,0,0,0,0,'2026-01-10 12:56:15'),
 (116370,'2026-01-10',952,0,0,0,0,0,'2026-01-10 12:56:15'),
 (116372,'2026-01-10',1000,0,0,0,0,0,'2026-01-10 12:56:15'),
 (116374,'2026-01-10',908,0,0,0,0,0,'2026-01-10 12:56:15'),
 (116376,'2026-01-10',964,0,0,0,0,0,'2026-01-10 12:56:15'),
 (116382,'2026-01-10',1053,0,0,0,0,0,'2026-01-10 12:56:15'),
 (116384,'2026-01-10',865,0,0,0,0,0,'2026-01-10 12:56:15'),
 (116386,'2026-01-10',1064,0,0,0,0,0,'2026-01-10 12:56:15'),
 (116388,'2026-01-10',864,4,0,0,0,0,'2026-01-10 12:56:15'),
 (116390,'2026-01-10',1096,1,0,0,0,0,'2026-01-10 12:56:15'),
 (116392,'2026-01-10',1097,30,0,0,0,0,'2026-01-10 12:56:15'),
 (116394,'2026-01-10',1065,40,0,0,0,0,'2026-01-10 12:56:15'),
 (116397,'2026-01-10',1048,7,0,24,0,0,'2026-01-10 14:50:52'),
 (116402,'2026-01-10',1010,0,0,24,0,0,'2026-01-10 14:50:52'),
 (116403,'2026-01-10',880,0,0,24,0,0,'2026-01-10 14:50:52'),
 (116405,'2026-01-10',927,0,0,4,0,0,'2026-01-10 14:50:52'),
 (116406,'2026-01-10',870,2,0,24,0,0,'2026-01-10 14:50:52'),
 (116409,'2026-01-10',899,0,0,4,0,0,'2026-01-10 14:50:52'),
 (116410,'2026-01-10',943,0,0,6,0,0,'2026-01-10 14:50:52'),
 (116411,'2026-01-10',1016,6,0,24,0,0,'2026-01-10 14:50:52'),
 (116415,'2026-01-10',900,0,0,3,0,0,'2026-01-10 14:50:52'),
 (116437,'2026-01-10',957,47,0,0,2,0,'2026-01-10 16:01:45'),
 (116439,'2026-01-10',893,3,0,0,1,0,'2026-01-10 16:01:45'),
 (116483,'2026-01-10',1056,25,0,0,1,0,'2026-01-10 16:46:43'),
 (116509,'2026-01-10',958,28,0,0,8,0,'2026-01-10 18:00:41'),
 (116531,'2026-01-10',960,71,0,0,0,0,'2026-01-10 18:39:15'),
 (116543,'2026-01-10',892,47,0,0,1,0,'2026-01-10 18:49:23'),
 (116582,'2026-01-10',881,16,0,24,1,0,'2026-01-10 19:57:01'),
 (116588,'2026-01-10',1021,30,0,0,6,0,'2026-01-10 20:06:19'),
 (116592,'2026-01-10',890,10,0,24,6,0,'2026-01-10 20:06:19'),
 (116594,'2026-01-10',1054,32,0,0,6,0,'2026-01-10 20:07:08'),
 (116598,'2026-01-10',871,35,0,0,1,0,'2026-01-10 20:16:42'),
 (116604,'2026-01-10',873,106,0,96,18,0,'2026-01-10 20:32:49'),
 (116606,'2026-01-10',884,11,0,48,9,0,'2026-01-10 20:35:10'),
 (116608,'2026-01-10',868,67,0,24,16,0,'2026-01-10 20:35:10'),
 (116616,'2026-01-10',897,207,0,0,0,0,'2026-01-10 20:35:10'),
 (116622,'2026-01-10',894,47,0,48,8,0,'2026-01-10 21:02:15'),
 (116624,'2026-01-10',886,46,0,0,1,0,'2026-01-10 21:07:55'),
 (116626,'2026-01-10',887,100,0,144,41,0,'2026-01-10 21:14:30'),
 (116628,'2026-01-10',955,57,0,0,24,0,'2026-01-10 21:14:30'),
 (116630,'2026-01-10',956,41,0,0,3,0,'2026-01-10 21:14:30'),
 (116632,'2026-01-10',898,200,0,0,3,0,'2026-01-10 21:14:53'),
 (116639,'2026-01-10',879,0,0,48,11,0,'2026-01-10 21:37:26'),
 (116641,'2026-01-10',1008,23,0,0,4,0,'2026-01-10 21:37:26'),
 (116643,'2026-01-10',1025,4,0,0,1,0,'2026-01-10 21:41:16'),
 (116645,'2026-01-10',948,1,0,0,1,0,'2026-01-10 21:45:03'),
 (116647,'2026-01-10',896,11,0,24,2,0,'2026-01-10 21:45:03'),
 (116649,'2026-01-10',1017,12,0,48,6,0,'2026-01-10 21:45:16'),
 (116653,'2026-01-10',869,60,0,24,14,0,'2026-01-10 21:57:32'),
 (116655,'2026-01-10',1011,0,0,48,6,0,'2026-01-10 21:57:32'),
 (116657,'2026-01-11',879,0,0,0,1,0,'2026-01-10 22:15:20'),
 (116659,'2026-01-11',890,0,0,0,1,0,'2026-01-10 22:15:20'),
 (116661,'2026-01-11',894,0,0,0,1,0,'2026-01-10 22:18:57'),
 (116663,'2026-01-11',869,0,0,0,1,0,'2026-01-10 22:18:57'),
 (116667,'2026-01-11',884,0,0,0,1,0,'2026-01-10 23:24:41'),
 (116673,'2026-01-11',943,0,0,0,1,0,'2026-01-11 13:34:44'),
 (116677,'2026-01-11',887,0,0,0,1,0,'2026-01-11 13:36:55'),
 (116683,'2026-01-11',955,0,0,0,1,0,'2026-01-11 13:46:43'),
 (116685,'2026-01-11',873,0,0,0,12,0,'2026-01-11 13:46:54');
INSERT INTO "eft_payments" ("id","order_id","transaction_ref","wallet_provider","amount","payment_date","status","cashier_id") VALUES (8158,29008,'','Credit Card',50.0,'2025-12-27 10:41:36','completed','geogina'),
 (8159,29009,'','Credit Card',75.0,'2025-12-27 10:47:46','completed','geogina'),
 (8160,29027,'','Credit Card',85.0,'2025-12-29 18:51:03','completed','geogina'),
 (8161,29032,'','Credit Card',35.0,'2025-12-29 19:15:44','completed','juuso'),
 (8162,29038,'','Credit Card',70.0,'2025-12-29 20:08:02','completed','ruusa'),
 (8163,29039,'','Credit Card',40.0,'2025-12-29 20:09:04','completed','ruusa'),
 (8164,29040,'','Credit Card',150.0,'2025-12-29 21:08:24','completed','ruusa'),
 (8165,29054,'','Credit Card',50.0,'2025-12-31 19:38:11','completed','geogina'),
 (8166,29061,'','Credit Card',250.0,'2025-12-31 22:19:05','completed','geogina'),
 (8167,29062,'','Credit Card',55.0,'2025-12-31 22:38:45','completed','geogina'),
 (8168,29064,'','Credit Card',150.0,'2025-12-31 22:59:17','completed','geogina'),
 (8169,29071,'','Credit Card',120.0,'2026-01-03 20:57:22','completed','ruusa'),
 (8170,29081,'','Credit Card',160.0,'2026-01-03 23:18:36','completed','ruusa'),
 (8171,29082,'','Credit Card',60.0,'2026-01-03 23:20:20','completed','ruusa'),
 (8172,29083,'','Credit Card',270.0,'2026-01-03 23:44:36','completed','David'),
 (8173,29086,'','Credit Card',635.0,'2026-01-04 01:26:56','completed','geogina'),
 (8174,29087,'','Credit Card',155.0,'2026-01-04 03:01:32','completed','geogina'),
 (8175,29088,'','Credit Card',90.0,'2026-01-04 03:01:54','completed','geogina'),
 (8176,29097,'','Credit Card',50.0,'2026-01-04 20:26:35','completed','ruusa'),
 (8177,29102,'','Credit Card',60.0,'2026-01-04 20:58:45','completed','ruusa'),
 (8178,29108,'','Credit Card',50.0,'2026-01-04 22:05:43','completed','ruusa'),
 (8179,29112,'','Credit Card',160.0,'2026-01-04 22:40:14','completed','ruusa'),
 (8180,29113,'','Credit Card',115.0,'2026-01-04 22:50:36','completed','ferderico'),
 (8181,29115,'','Credit Card',30.0,'2026-01-04 22:58:43','completed','ferderico'),
 (8182,29117,'','Credit Card',85.0,'2026-01-04 23:03:09','completed','ruusa'),
 (8183,29119,'','Credit Card',500.0,'2026-01-04 23:17:23','completed','ruusa'),
 (8184,29123,'','Credit Card',50.0,'2026-01-04 23:44:11','completed','David'),
 (8185,29136,'','Credit Card',50.0,'2026-01-05 15:53:17','completed','juuso'),
 (8186,29138,'','Credit Card',50.0,'2026-01-05 16:48:42','completed','juuso'),
 (8187,29139,'','Credit Card',100.0,'2026-01-05 16:49:10','completed','juuso'),
 (8188,29141,'','Credit Card',180.0,'2026-01-05 18:45:42','completed','juuso'),
 (8189,29148,'','Credit Card',55.0,'2026-01-05 20:35:17','completed','ferderico'),
 (8190,29149,'','Credit Card',85.0,'2026-01-05 20:36:25','completed','ferderico'),
 (8191,29153,'','Credit Card',60.0,'2026-01-05 23:35:25','completed','ruusa'),
 (8192,29156,'','Credit Card',100.0,'2026-01-06 00:38:06','completed','ruusa'),
 (8193,29159,'','Credit Card',35.0,'2026-01-06 01:07:05','completed','ruusa'),
 (8194,29160,'','Credit Card',60.0,'2026-01-06 01:07:37','completed','ruusa'),
 (8195,29164,'','',280.0,'2026-01-06 01:31:27','completed','Driana'),
 (8196,29166,'','',85.0,'2026-01-06 02:12:26','completed','ruusa'),
 (8197,29168,'','Credit Card',320.0,'2026-01-06 02:23:33','completed','ruusa'),
 (8198,29169,'','Credit Card',100.0,'2026-01-06 02:36:03','completed','ferderico'),
 (8199,29177,'','Credit Card',25.0,'2026-01-06 15:53:52','completed','David'),
 (8200,29179,'','Credit Card',270.0,'2026-01-06 16:54:50','completed','David'),
 (8201,29181,'','Credit Card',100.0,'2026-01-06 17:02:26','completed','David'),
 (8202,29182,'','Credit Card',255.0,'2026-01-06 18:44:56','completed','David'),
 (8203,29189,'','Credit Card',270.0,'2026-01-06 20:18:29','completed','ruusa'),
 (8204,29190,'','Credit Card',140.0,'2026-01-06 21:31:37','completed','ruusa'),
 (8205,29197,'','Credit Card',180.0,'2026-01-07 00:06:32','completed','Driana'),
 (8206,29200,'','Credit Card',50.0,'2026-01-07 00:23:23','completed','ruusa'),
 (8207,29203,'','',1330.0,'2026-01-07 00:43:29','completed','ruusa'),
 (8208,29204,'','Credit Card',50.0,'2026-01-07 00:46:43','completed','ruusa'),
 (8209,29207,'','Credit Card',240.0,'2026-01-07 00:55:38','completed','Driana'),
 (8210,29208,'','Credit Card',30.0,'2026-01-07 00:58:49','completed','ruusa'),
 (8211,29221,'tp pipis','E-wallet',190.0,'2026-01-07 02:28:07','completed','Driana'),
 (8212,29223,'','Credit Card',180.0,'2026-01-07 02:47:54','completed','ruusa'),
 (8213,29230,'','Credit Card',35.0,'2026-01-07 14:29:22','completed','juuso'),
 (8214,29233,'','Credit Card',225.0,'2026-01-07 15:15:04','completed','juuso'),
 (8215,29238,'','Credit Card',50.0,'2026-01-07 16:54:20','completed','juuso'),
 (8216,29239,'','',635.0,'2026-01-07 17:53:45','completed','Driana'),
 (8217,29244,'','',75.0,'2026-01-07 20:16:03','completed','Driana'),
 (8218,29249,'','Credit Card',200.0,'2026-01-07 20:49:46','completed','ferderico'),
 (8219,29256,'','Easy Wallet',200.0,'2026-01-07 22:18:44','completed','ferderico'),
 (8220,29261,'','Credit Card',100.0,'2026-01-07 22:35:12','completed','ferderico'),
 (8221,29265,'','Credit Card',110.0,'2026-01-07 23:15:38','completed','ferderico'),
 (8222,29266,'','Credit Card',60.0,'2026-01-07 23:39:44','completed','Driana'),
 (8223,29270,'','Credit Card',465.0,'2026-01-08 01:16:30','completed','Driana'),
 (8224,29276,'','Credit Card',85.0,'2026-01-08 17:46:43','completed','geogina'),
 (8225,29277,'Ms. Sirkka Nawa','E-wallet',100.0,'2026-01-08 17:55:35','completed','David'),
 (8226,29278,'','Credit Card',820.0,'2026-01-08 18:08:05','completed','geogina'),
 (8227,29280,'','Credit Card',170.0,'2026-01-08 18:25:20','completed','geogina'),
 (8228,29284,'','Credit Card',375.0,'2026-01-08 19:33:43','completed','geogina'),
 (8229,29287,'','Credit Card',270.0,'2026-01-08 20:27:15','completed','geogina'),
 (8230,29293,'','Credit Card',120.0,'2026-01-08 22:32:56','completed','ferderico'),
 (8231,29294,'','Credit Card',120.0,'2026-01-08 22:33:10','completed','ferderico'),
 (8232,29295,'','Credit Card',175.0,'2026-01-08 22:34:35','completed','ferderico'),
 (8233,29296,'','',355.0,'2026-01-08 22:37:27','completed','geogina'),
 (8234,29297,'','Credit Card',30.0,'2026-01-08 22:37:43','completed','geogina'),
 (8235,29300,'','Credit Card',240.0,'2026-01-08 22:51:09','completed','ferderico'),
 (8236,29303,'','Credit Card',150.0,'2026-01-08 23:04:02','completed','David'),
 (8237,29304,'','Credit Card',310.0,'2026-01-08 23:15:02','completed','David'),
 (8238,29305,'','Credit Card',110.0,'2026-01-08 23:15:38','completed','David'),
 (8239,29306,'','Credit Card',150.0,'2026-01-08 23:18:02','completed','David'),
 (8240,29308,'','Credit Card',195.0,'2026-01-08 23:26:55','completed','David'),
 (8241,29310,'','',135.0,'2026-01-08 23:34:58','completed','geogina'),
 (8242,29312,'','Credit Card',75.0,'2026-01-08 23:43:46','completed','David'),
 (8243,29314,'','Credit Card',55.0,'2026-01-09 00:21:04','completed','ferderico'),
 (8244,29315,'','Credit Card',380.0,'2026-01-09 00:29:21','completed','David'),
 (8245,29319,'','Credit Card',55.0,'2026-01-09 13:41:33','completed','geogina'),
 (8246,29325,'','Credit Card',80.0,'2026-01-09 17:38:00','completed','ferderico'),
 (8247,29332,'pipis','Pay2Cell',210.0,'2026-01-09 19:59:18','completed','Driana'),
 (8248,29333,'','Credit Card',340.0,'2026-01-09 20:07:00','completed','David'),
 (8249,29336,'','Credit Card',50.0,'2026-01-09 20:16:23','completed','ferderico'),
 (8250,29338,'','Credit Card',280.0,'2026-01-09 20:18:31','completed','ferderico'),
 (8251,29339,'pipis','Pay2Cell',120.0,'2026-01-09 20:19:56','completed','geogina'),
 (8252,29341,'','Credit Card',565.0,'2026-01-09 21:43:05','completed','David'),
 (8253,29346,'','Credit Card',255.0,'2026-01-09 22:20:14','completed','David'),
 (8254,29349,'','',615.0,'2026-01-09 22:49:06','completed','Driana'),
 (8255,29350,'','Credit Card',210.0,'2026-01-09 22:55:36','completed','David'),
 (8256,29352,'','Credit Card',240.0,'2026-01-09 23:00:39','completed','ferderico'),
 (8257,29355,'','Credit Card',120.0,'2026-01-09 23:02:23','completed','geogina'),
 (8258,29366,'','Credit Card',395.0,'2026-01-10 00:01:51','completed','David'),
 (8259,29367,'','',55.0,'2026-01-10 00:05:26','completed','Driana'),
 (8260,29369,'','',475.0,'2026-01-10 00:43:27','completed','Driana'),
 (8261,29370,'','Credit Card',585.0,'2026-01-10 00:46:32','completed','geogina'),
 (8262,29371,'','Credit Card',50.0,'2026-01-10 00:46:47','completed','geogina'),
 (8263,29372,'pipis','Pay2Cell',1720.0,'2026-01-10 00:51:33','completed','Driana'),
 (8264,29373,'','',1100.0,'2026-01-10 00:55:50','completed','Driana'),
 (8265,29377,'','Credit Card',100.0,'2026-01-10 18:03:36','completed','David'),
 (8266,29381,'','Credit Card',95.0,'2026-01-10 19:41:57','completed','Driana'),
 (8267,29383,'','Credit Card',280.0,'2026-01-10 19:56:42','completed','geogina'),
 (8268,29385,'','Credit Card',640.0,'2026-01-10 20:00:41','completed','geogina'),
 (8269,29398,'','Credit Card',140.0,'2026-01-10 21:44:00','completed','David'),
 (8270,29399,'','Credit Card',150.0,'2026-01-10 21:52:39','completed','David'),
 (8271,29400,'','Credit Card',60.0,'2026-01-10 21:55:15','completed','geogina'),
 (8272,29401,'','Credit Card',160.0,'2026-01-10 21:57:01','completed','geogina'),
 (8273,29402,'','Credit Card',480.0,'2026-01-10 22:06:19','completed','David'),
 (8274,29405,'','Credit Card',40.0,'2026-01-10 22:16:42','completed','David'),
 (8275,29407,'','Credit Card',30.0,'2026-01-10 22:32:49','completed','David'),
 (8276,29408,'','Credit Card',415.0,'2026-01-10 22:35:10','completed','David'),
 (8277,29412,'','Credit Card',110.0,'2026-01-10 23:14:30','completed','David'),
 (8278,29413,'','Credit Card',25.0,'2026-01-10 23:14:53','completed','David'),
 (8279,29415,'','',2400.0,'2026-01-10 23:41:16','completed','Driana'),
 (8280,29416,'','Credit Card',575.0,'2026-01-10 23:45:03','completed','geogina'),
 (8281,29417,'','Credit Card',180.0,'2026-01-10 23:45:16','completed','geogina'),
 (8282,29421,'','',300.0,'2026-01-11 01:02:09','completed','Driana'),
 (8283,29427,'','Credit Card',30.0,'2026-01-11 15:46:43','completed','Cashier'),
 (8284,29428,'','Credit Card',60.0,'2026-01-11 15:46:54','completed','Cashier');
INSERT INTO "mixed_payments" ("id","order_id","cash_amount","eft_amount","eft_transaction_ref","eft_wallet_provider","created_at","cashier_id") VALUES (68,29155,115,0,'PETRUS','Pay2Cell','2026-01-05 22:22:44','ruusa'),
 (69,29266,0,60,'','Credit Card','2026-01-07 21:39:44','Driana'),
 (70,29270,0,465,'','Credit Card','2026-01-07 23:16:30','Driana'),
 (71,29276,5,85,'','Credit Card','2026-01-08 15:46:43','geogina'),
 (72,29277,20,100,'Ms. Sirkka Nawa','E-wallet','2026-01-08 15:55:35','David'),
 (73,29381,0,95,'','Credit Card','2026-01-10 17:41:57','Driana');
INSERT INTO "opening_stock" ("id","product_id","opening_quantity","recorded_at","recorded_by","notes") VALUES (12338,911,0,'2025-12-29 15:37:17',4,'Opening stock recorded during stock taking'),
 (12339,967,23,'2025-12-29 15:37:17',4,'Opening stock recorded during stock taking'),
 (12340,842,2,'2025-12-29 15:37:17',4,'Opening stock recorded during stock taking'),
 (12341,904,0,'2025-12-29 15:37:17',4,'Opening stock recorded during stock taking'),
 (12342,960,69,'2025-12-29 15:37:17',4,'Opening stock recorded during stock taking'),
 (12343,866,4,'2025-12-29 15:37:17',4,'Opening stock recorded during stock taking'),
 (12344,1074,0,'2025-12-29 15:37:17',4,'Opening stock recorded during stock taking'),
 (12345,893,1,'2025-12-29 15:37:17',4,'Opening stock recorded during stock taking'),
 (12346,1048,16,'2025-12-29 15:37:17',4,'Opening stock recorded during stock taking'),
 (12347,941,0,'2025-12-29 15:37:17',4,'Opening stock recorded during stock taking'),
 (12348,990,0,'2025-12-29 15:37:17',4,'Opening stock recorded during stock taking'),
 (12349,940,0,'2025-12-29 15:37:17',4,'Opening stock recorded during stock taking'),
 (12350,989,0,'2025-12-29 15:37:17',4,'Opening stock recorded during stock taking'),
 (12351,1080,0,'2025-12-29 15:37:17',4,'Opening stock recorded during stock taking'),
 (12352,1081,26,'2025-12-29 15:37:17',4,'Opening stock recorded during stock taking'),
 (12353,871,30,'2025-12-29 15:37:17',4,'Opening stock recorded during stock taking'),
 (12354,1017,6,'2025-12-29 15:37:17',4,'Opening stock recorded during stock taking'),
 (12355,1054,0,'2025-12-29 15:37:17',4,'Opening stock recorded during stock taking'),
 (12356,1051,0,'2025-12-29 15:37:17',4,'Opening stock recorded during stock taking'),
 (12357,919,0,'2025-12-29 15:37:17',4,'Opening stock recorded during stock taking'),
 (12358,975,0,'2025-12-29 15:37:17',4,'Opening stock recorded during stock taking'),
 (12359,1076,2,'2025-12-29 15:37:17',4,'Opening stock recorded during stock taking'),
 (12360,1029,12,'2025-12-29 15:37:17',4,'Opening stock recorded during stock taking'),
 (12361,1056,11,'2025-12-29 15:37:17',4,'Opening stock recorded during stock taking'),
 (12362,1060,0,'2025-12-29 15:37:17',4,'Opening stock recorded during stock taking'),
 (12363,1061,0,'2025-12-29 15:37:17',4,'Opening stock recorded during stock taking'),
 (12364,901,0,'2025-12-29 15:37:17',4,'Opening stock recorded during stock taking'),
 (12365,957,150,'2025-12-29 15:37:17',4,'Opening stock recorded during stock taking'),
 (12366,1084,0,'2025-12-29 15:37:17',4,'Opening stock recorded during stock taking'),
 (12367,886,33,'2025-12-29 15:37:17',4,'Opening stock recorded during stock taking'),
 (12368,884,44,'2025-12-29 15:37:17',4,'Opening stock recorded during stock taking'),
 (12369,1055,16,'2025-12-29 15:37:17',4,'Opening stock recorded during stock taking'),
 (12370,928,0,'2025-12-29 15:37:17',4,'Opening stock recorded during stock taking'),
 (12371,983,0,'2025-12-29 15:37:17',4,'Opening stock recorded during stock taking'),
 (12372,929,0,'2025-12-29 15:37:17',4,'Opening stock recorded during stock taking'),
 (12373,1036,0,'2025-12-29 15:37:17',4,'Opening stock recorded during stock taking'),
 (12374,913,0,'2025-12-29 15:37:17',4,'Opening stock recorded during stock taking'),
 (12375,969,0,'2025-12-29 15:37:17',4,'Opening stock recorded during stock taking'),
 (12376,971,0,'2025-12-29 15:37:17',4,'Opening stock recorded during stock taking'),
 (12377,915,0,'2025-12-29 15:37:17',4,'Opening stock recorded during stock taking'),
 (12378,914,0,'2025-12-29 15:37:17',4,'Opening stock recorded during stock taking'),
 (12379,970,0,'2025-12-29 15:37:17',4,'Opening stock recorded during stock taking'),
 (12380,912,0,'2025-12-29 15:37:17',4,'Opening stock recorded during stock taking'),
 (12381,968,30,'2025-12-29 15:37:17',4,'Opening stock recorded during stock taking'),
 (12382,896,28,'2025-12-29 15:37:17',4,'Opening stock recorded during stock taking'),
 (12383,879,70,'2025-12-29 15:37:17',4,'Opening stock recorded during stock taking'),
 (12384,910,0,'2025-12-29 15:37:17',4,'Opening stock recorded during stock taking'),
 (12385,966,56,'2025-12-29 15:37:17',4,'Opening stock recorded during stock taking'),
 (12386,1068,8,'2025-12-29 15:37:17',4,'Opening stock recorded during stock taking'),
 (12387,1085,2,'2025-12-29 15:37:17',4,'Opening stock recorded during stock taking'),
 (12388,1086,2,'2025-12-29 15:37:17',4,'Opening stock recorded during stock taking'),
 (12389,838,0,'2025-12-29 15:37:17',4,'Opening stock recorded during stock taking'),
 (12390,848,1,'2025-12-29 15:37:17',4,'Opening stock recorded during stock taking'),
 (12391,1077,0,'2025-12-29 15:37:17',4,'Opening stock recorded during stock taking'),
 (12392,1010,9,'2025-12-29 15:37:17',4,'Opening stock recorded during stock taking'),
 (12393,918,0,'2025-12-29 15:37:17',4,'Opening stock recorded during stock taking'),
 (12394,840,2,'2025-12-29 15:37:17',4,'Opening stock recorded during stock taking'),
 (12395,951,0,'2025-12-29 15:37:17',4,'Opening stock recorded during stock taking'),
 (12396,999,0,'2025-12-29 15:37:17',4,'Opening stock recorded during stock taking'),
 (12397,1079,0,'2025-12-29 15:37:17',4,'Opening stock recorded during stock taking'),
 (12398,917,0,'2025-12-29 15:37:17',4,'Opening stock recorded during stock taking'),
 (12399,935,0,'2025-12-29 15:37:17',4,'Opening stock recorded during stock taking'),
 (12400,986,25,'2025-12-29 15:37:17',4,'Opening stock recorded during stock taking'),
 (12401,934,4,'2025-12-29 15:37:17',4,'Opening stock recorded during stock taking'),
 (12402,985,21,'2025-12-29 15:37:17',4,'Opening stock recorded during stock taking'),
 (12403,933,0,'2025-12-29 15:37:17',4,'Opening stock recorded during stock taking'),
 (12404,984,0,'2025-12-29 15:37:17',4,'Opening stock recorded during stock taking'),
 (12405,932,0,'2025-12-29 15:37:17',4,'Opening stock recorded during stock taking'),
 (12406,936,0,'2025-12-29 15:37:17',4,'Opening stock recorded during stock taking'),
 (12407,987,0,'2025-12-29 15:37:17',4,'Opening stock recorded during stock taking'),
 (12408,1026,0,'2025-12-29 15:37:17',4,'Opening stock recorded during stock taking'),
 (12409,1038,0,'2025-12-29 15:37:17',4,'Opening stock recorded during stock taking'),
 (12410,930,0,'2025-12-29 15:37:17',4,'Opening stock recorded during stock taking'),
 (12411,931,0,'2025-12-29 15:37:17',4,'Opening stock recorded during stock taking'),
 (12412,1037,0,'2025-12-29 15:37:17',4,'Opening stock recorded during stock taking'),
 (12413,923,0,'2025-12-29 15:37:17',4,'Opening stock recorded during stock taking'),
 (12414,979,30,'2025-12-29 15:37:17',4,'Opening stock recorded during stock taking'),
 (12415,974,34,'2025-12-29 15:37:17',4,'Opening stock recorded during stock taking'),
 (12416,924,0,'2025-12-29 15:37:17',4,'Opening stock recorded during stock taking'),
 (12417,980,0,'2025-12-29 15:37:17',4,'Opening stock recorded during stock taking'),
 (12418,1023,0,'2025-12-29 15:37:17',4,'Opening stock recorded during stock taking'),
 (12419,880,11,'2025-12-29 15:37:17',4,'Opening stock recorded during stock taking'),
 (12420,890,38,'2025-12-29 15:37:17',4,'Opening stock recorded during stock taking'),
 (12421,927,2,'2025-12-29 15:37:17',4,'Opening stock recorded during stock taking'),
 (12422,982,28,'2025-12-29 15:37:17',4,'Opening stock recorded during stock taking'),
 (12423,926,5,'2025-12-29 15:37:17',4,'Opening stock recorded during stock taking'),
 (12424,1035,28,'2025-12-29 15:37:17',4,'Opening stock recorded during stock taking'),
 (12425,1072,1,'2025-12-29 15:37:17',4,'Opening stock recorded during stock taking'),
 (12426,953,0,'2025-12-29 15:37:17',4,'Opening stock recorded during stock taking'),
 (12427,1001,0,'2025-12-29 15:37:17',4,'Opening stock recorded during stock taking'),
 (12428,870,15,'2025-12-29 15:37:17',4,'Opening stock recorded during stock taking'),
 (12429,869,81,'2025-12-29 15:37:17',4,'Opening stock recorded during stock taking'),
 (12430,868,159,'2025-12-29 15:37:17',4,'Opening stock recorded during stock taking'),
 (12431,925,0,'2025-12-29 15:37:17',4,'Opening stock recorded during stock taking'),
 (12432,981,0,'2025-12-29 15:37:17',4,'Opening stock recorded during stock taking'),
 (12433,841,0,'2025-12-29 15:37:17',4,'Opening stock recorded during stock taking'),
 (12434,945,0,'2025-12-29 15:37:17',4,'Opening stock recorded during stock taking'),
 (12435,994,0,'2025-12-29 15:37:17',4,'Opening stock recorded during stock taking'),
 (12436,946,0,'2025-12-29 15:37:17',4,'Opening stock recorded during stock taking'),
 (12437,995,50,'2025-12-29 15:37:17',4,'Opening stock recorded during stock taking'),
 (12438,899,0,'2025-12-29 15:37:17',4,'Opening stock recorded during stock taking'),
 (12439,955,216,'2025-12-29 15:37:17',4,'Opening stock recorded during stock taking'),
 (12440,944,0,'2025-12-29 15:37:17',4,'Opening stock recorded during stock taking'),
 (12441,993,0,'2025-12-29 15:37:17',4,'Opening stock recorded during stock taking'),
 (12442,942,0,'2025-12-29 15:37:17',4,'Opening stock recorded during stock taking'),
 (12443,991,33,'2025-12-29 15:37:17',4,'Opening stock recorded during stock taking'),
 (12444,943,0,'2025-12-29 15:37:17',4,'Opening stock recorded during stock taking'),
 (12445,992,0,'2025-12-29 15:37:17',4,'Opening stock recorded during stock taking'),
 (12446,988,22,'2025-12-29 15:37:17',4,'Opening stock recorded during stock taking'),
 (12447,1040,0,'2025-12-29 15:37:17',4,'Opening stock recorded during stock taking'),
 (12448,939,0,'2025-12-29 15:37:17',4,'Opening stock recorded during stock taking'),
 (12449,937,1,'2025-12-29 15:37:17',4,'Opening stock recorded during stock taking'),
 (12450,938,0,'2025-12-29 15:37:17',4,'Opening stock recorded during stock taking'),
 (12451,906,0,'2025-12-29 15:37:17',4,'Opening stock recorded during stock taking'),
 (12452,1059,0,'2025-12-29 15:37:17',4,'Opening stock recorded during stock taking'),
 (12453,1071,17,'2025-12-29 15:37:17',4,'Opening stock recorded during stock taking'),
 (12454,1075,0,'2025-12-29 15:37:17',4,'Opening stock recorded during stock taking'),
 (12455,850,0,'2025-12-29 15:37:17',4,'Opening stock recorded during stock taking'),
 (12456,962,26,'2025-12-29 15:37:17',4,'Opening stock recorded during stock taking'),
 (12457,950,1,'2025-12-29 15:37:17',4,'Opening stock recorded during stock taking'),
 (12458,998,24,'2025-12-29 15:37:17',4,'Opening stock recorded during stock taking'),
 (12459,1089,1,'2025-12-29 15:37:17',4,'Opening stock recorded during stock taking'),
 (12460,1070,2,'2025-12-29 15:37:17',4,'Opening stock recorded during stock taking'),
 (12461,1021,0,'2025-12-29 15:37:17',4,'Opening stock recorded during stock taking'),
 (12462,1073,1,'2025-12-29 15:37:17',4,'Opening stock recorded during stock taking'),
 (12463,1016,8,'2025-12-29 15:37:17',4,'Opening stock recorded during stock taking'),
 (12464,907,0,'2025-12-29 15:37:17',4,'Opening stock recorded during stock taking'),
 (12465,963,0,'2025-12-29 15:37:17',4,'Opening stock recorded during stock taking'),
 (12466,839,0,'2025-12-29 15:37:17',4,'Opening stock recorded during stock taking'),
 (12467,1049,1,'2025-12-29 15:37:17',4,'Opening stock recorded during stock taking'),
 (12468,973,0,'2025-12-29 15:37:17',4,'Opening stock recorded during stock taking'),
 (12469,909,0,'2025-12-29 15:37:17',4,'Opening stock recorded during stock taking'),
 (12470,965,0,'2025-12-29 15:37:17',4,'Opening stock recorded during stock taking'),
 (12471,1018,0,'2025-12-29 15:37:17',4,'Opening stock recorded during stock taking'),
 (12472,1025,5,'2025-12-29 15:37:17',4,'Opening stock recorded during stock taking'),
 (12473,835,0,'2025-12-29 15:37:17',4,'Opening stock recorded during stock taking'),
 (12474,845,0,'2025-12-29 15:37:17',4,'Opening stock recorded during stock taking'),
 (12475,844,2,'2025-12-29 15:37:17',4,'Opening stock recorded during stock taking'),
 (12476,1039,1,'2025-12-29 15:37:17',4,'Opening stock recorded during stock taking'),
 (12477,902,0,'2025-12-29 15:37:17',4,'Opening stock recorded during stock taking'),
 (12478,903,0,'2025-12-29 15:37:17',4,'Opening stock recorded during stock taking'),
 (12479,1044,90,'2025-12-29 15:37:17',4,'Opening stock recorded during stock taking'),
 (12480,959,0,'2025-12-29 15:37:17',4,'Opening stock recorded during stock taking'),
 (12481,958,35,'2025-12-29 15:37:17',4,'Opening stock recorded during stock taking'),
 (12482,1088,3,'2025-12-29 15:37:17',4,'Opening stock recorded during stock taking'),
 (12483,894,0,'2025-12-29 15:37:17',4,'Opening stock recorded during stock taking'),
 (12484,846,0,'2025-12-29 15:37:17',4,'Opening stock recorded during stock taking'),
 (12485,947,0,'2025-12-29 15:37:17',4,'Opening stock recorded during stock taking'),
 (12486,996,0,'2025-12-29 15:37:17',4,'Opening stock recorded during stock taking'),
 (12487,948,2,'2025-12-29 15:37:17',4,'Opening stock recorded during stock taking'),
 (12488,949,0,'2025-12-29 15:37:17',4,'Opening stock recorded during stock taking'),
 (12489,997,30,'2025-12-29 15:37:17',4,'Opening stock recorded during stock taking'),
 (12490,851,0,'2025-12-29 15:37:17',4,'Opening stock recorded during stock taking'),
 (12491,1063,0,'2025-12-29 15:37:17',4,'Opening stock recorded during stock taking'),
 (12492,892,42,'2025-12-29 15:37:17',4,'Opening stock recorded during stock taking'),
 (12493,1041,3,'2025-12-29 15:37:17',4,'Opening stock recorded during stock taking'),
 (12494,855,0,'2025-12-29 15:37:17',4,'Opening stock recorded during stock taking'),
 (12495,867,0,'2025-12-29 15:37:17',4,'Opening stock recorded during stock taking'),
 (12496,847,0,'2025-12-29 15:37:17',4,'Opening stock recorded during stock taking'),
 (12497,1032,0,'2025-12-29 15:37:17',4,'Opening stock recorded during stock taking'),
 (12498,854,0,'2025-12-29 15:37:17',4,'Opening stock recorded during stock taking'),
 (12499,1057,0,'2025-12-29 15:37:17',4,'Opening stock recorded during stock taking'),
 (12500,1058,0,'2025-12-29 15:37:17',4,'Opening stock recorded during stock taking'),
 (12501,1067,0,'2025-12-29 15:37:17',4,'Opening stock recorded during stock taking'),
 (12502,1034,0,'2025-12-29 15:37:17',4,'Opening stock recorded during stock taking'),
 (12503,1033,0,'2025-12-29 15:37:17',4,'Opening stock recorded during stock taking'),
 (12504,843,0,'2025-12-29 15:37:17',4,'Opening stock recorded during stock taking'),
 (12505,873,144,'2025-12-29 15:37:17',4,'Opening stock recorded during stock taking'),
 (12506,897,203,'2025-12-29 15:37:17',4,'Opening stock recorded during stock taking'),
 (12507,1050,3,'2025-12-29 15:37:17',4,'Opening stock recorded during stock taking'),
 (12508,1052,0,'2025-12-29 15:37:17',4,'Opening stock recorded during stock taking'),
 (12509,905,0,'2025-12-29 15:37:17',4,'Opening stock recorded during stock taking'),
 (12510,961,42,'2025-12-29 15:37:17',4,'Opening stock recorded during stock taking'),
 (12511,1005,41,'2025-12-29 15:37:17',4,'Opening stock recorded during stock taking'),
 (12512,1009,12,'2025-12-29 15:37:17',4,'Opening stock recorded during stock taking'),
 (12513,881,1,'2025-12-29 15:37:17',4,'Opening stock recorded during stock taking'),
 (12514,1082,2,'2025-12-29 15:37:17',4,'Opening stock recorded during stock taking'),
 (12515,916,0,'2025-12-29 15:37:17',4,'Opening stock recorded during stock taking'),
 (12516,972,60,'2025-12-29 15:37:17',4,'Opening stock recorded during stock taking'),
 (12517,922,0,'2025-12-29 15:37:17',4,'Opening stock recorded during stock taking'),
 (12518,978,0,'2025-12-29 15:37:17',4,'Opening stock recorded during stock taking'),
 (12519,921,0,'2025-12-29 15:37:17',4,'Opening stock recorded during stock taking'),
 (12520,977,0,'2025-12-29 15:37:17',4,'Opening stock recorded during stock taking'),
 (12521,920,0,'2025-12-29 15:37:17',4,'Opening stock recorded during stock taking'),
 (12522,976,54,'2025-12-29 15:37:17',4,'Opening stock recorded during stock taking'),
 (12523,900,0,'2025-12-29 15:37:17',4,'Opening stock recorded during stock taking'),
 (12524,956,233,'2025-12-29 15:37:17',4,'Opening stock recorded during stock taking'),
 (12525,1083,11,'2025-12-29 15:37:17',4,'Opening stock recorded during stock taking'),
 (12526,849,0,'2025-12-29 15:37:17',4,'Opening stock recorded during stock taking'),
 (12527,837,4,'2025-12-29 15:37:17',4,'Opening stock recorded during stock taking'),
 (12528,898,74,'2025-12-29 15:37:17',4,'Opening stock recorded during stock taking'),
 (12529,952,0,'2025-12-29 15:37:17',4,'Opening stock recorded during stock taking'),
 (12530,1000,0,'2025-12-29 15:37:17',4,'Opening stock recorded during stock taking'),
 (12531,908,0,'2025-12-29 15:37:17',4,'Opening stock recorded during stock taking'),
 (12532,964,0,'2025-12-29 15:37:17',4,'Opening stock recorded during stock taking'),
 (12533,887,139,'2025-12-29 15:37:17',4,'Opening stock recorded during stock taking'),
 (12534,1008,5,'2025-12-29 15:37:17',4,'Opening stock recorded during stock taking'),
 (12535,1011,0,'2025-12-29 15:37:17',4,'Opening stock recorded during stock taking'),
 (12536,1087,6,'2025-12-29 15:37:17',4,'Opening stock recorded during stock taking'),
 (12537,1053,0,'2025-12-29 15:37:17',4,'Opening stock recorded during stock taking'),
 (12538,865,0,'2025-12-29 15:37:17',4,'Opening stock recorded during stock taking'),
 (12539,1064,0,'2025-12-29 15:37:17',4,'Opening stock recorded during stock taking'),
 (12540,864,3,'2025-12-29 15:37:17',4,'Opening stock recorded during stock taking'),
 (12541,1065,0,'2025-12-29 15:37:17',4,'Opening stock recorded during stock taking'),
 (12542,911,0,'2026-01-03 17:09:27',2,'Opening stock recorded during stock taking'),
 (12543,967,23,'2026-01-03 17:09:27',2,'Opening stock recorded during stock taking'),
 (12544,842,2,'2026-01-03 17:09:27',2,'Opening stock recorded during stock taking'),
 (12545,904,0,'2026-01-03 17:09:27',2,'Opening stock recorded during stock taking'),
 (12546,960,116,'2026-01-03 17:09:27',2,'Opening stock recorded during stock taking'),
 (12547,1091,10,'2026-01-03 17:09:27',2,'Opening stock recorded during stock taking'),
 (12548,1074,4,'2026-01-03 17:09:27',2,'Opening stock recorded during stock taking'),
 (12549,893,61,'2026-01-03 17:09:27',2,'Opening stock recorded during stock taking'),
 (12550,1048,23,'2026-01-03 17:09:27',2,'Opening stock recorded during stock taking'),
 (12551,941,0,'2026-01-03 17:09:27',2,'Opening stock recorded during stock taking'),
 (12552,990,0,'2026-01-03 17:09:27',2,'Opening stock recorded during stock taking'),
 (12553,940,0,'2026-01-03 17:09:27',2,'Opening stock recorded during stock taking'),
 (12554,989,0,'2026-01-03 17:09:27',2,'Opening stock recorded during stock taking'),
 (12555,1080,0,'2026-01-03 17:09:27',2,'Opening stock recorded during stock taking'),
 (12556,1081,26,'2026-01-03 17:09:27',2,'Opening stock recorded during stock taking'),
 (12557,871,42,'2026-01-03 17:09:27',2,'Opening stock recorded during stock taking'),
 (12558,1017,21,'2026-01-03 17:09:27',2,'Opening stock recorded during stock taking'),
 (12559,1054,44,'2026-01-03 17:09:27',2,'Opening stock recorded during stock taking'),
 (12560,1051,0,'2026-01-03 17:09:27',2,'Opening stock recorded during stock taking'),
 (12561,919,0,'2026-01-03 17:09:27',2,'Opening stock recorded during stock taking'),
 (12562,975,0,'2026-01-03 17:09:27',2,'Opening stock recorded during stock taking'),
 (12563,1076,2,'2026-01-03 17:09:27',2,'Opening stock recorded during stock taking'),
 (12564,1029,22,'2026-01-03 17:09:27',2,'Opening stock recorded during stock taking'),
 (12565,1056,19,'2026-01-03 17:09:27',2,'Opening stock recorded during stock taking'),
 (12566,1060,0,'2026-01-03 17:09:27',2,'Opening stock recorded during stock taking'),
 (12567,1061,0,'2026-01-03 17:09:27',2,'Opening stock recorded during stock taking'),
 (12568,901,0,'2026-01-03 17:09:27',2,'Opening stock recorded during stock taking'),
 (12569,957,102,'2026-01-03 17:09:27',2,'Opening stock recorded during stock taking'),
 (12570,1084,0,'2026-01-03 17:09:27',2,'Opening stock recorded during stock taking'),
 (12571,886,15,'2026-01-03 17:09:27',2,'Opening stock recorded during stock taking'),
 (12572,884,60,'2026-01-03 17:09:27',2,'Opening stock recorded during stock taking'),
 (12573,1055,13,'2026-01-03 17:09:27',2,'Opening stock recorded during stock taking'),
 (12574,928,0,'2026-01-03 17:09:27',2,'Opening stock recorded during stock taking'),
 (12575,983,0,'2026-01-03 17:09:27',2,'Opening stock recorded during stock taking'),
 (12576,929,0,'2026-01-03 17:09:27',2,'Opening stock recorded during stock taking'),
 (12577,1036,0,'2026-01-03 17:09:27',2,'Opening stock recorded during stock taking'),
 (12578,913,0,'2026-01-03 17:09:27',2,'Opening stock recorded during stock taking'),
 (12579,969,0,'2026-01-03 17:09:27',2,'Opening stock recorded during stock taking'),
 (12580,971,0,'2026-01-03 17:09:27',2,'Opening stock recorded during stock taking'),
 (12581,915,0,'2026-01-03 17:09:27',2,'Opening stock recorded during stock taking'),
 (12582,914,0,'2026-01-03 17:09:27',2,'Opening stock recorded during stock taking'),
 (12583,970,0,'2026-01-03 17:09:27',2,'Opening stock recorded during stock taking'),
 (12584,912,0,'2026-01-03 17:09:27',2,'Opening stock recorded during stock taking'),
 (12585,968,30,'2026-01-03 17:09:27',2,'Opening stock recorded during stock taking'),
 (12586,896,25,'2026-01-03 17:09:27',2,'Opening stock recorded during stock taking'),
 (12587,879,66,'2026-01-03 17:09:27',2,'Opening stock recorded during stock taking'),
 (12588,910,1,'2026-01-03 17:09:27',2,'Opening stock recorded during stock taking'),
 (12589,966,26,'2026-01-03 17:09:27',2,'Opening stock recorded during stock taking'),
 (12590,1068,11,'2026-01-03 17:09:27',2,'Opening stock recorded during stock taking'),
 (12591,1085,2,'2026-01-03 17:09:27',2,'Opening stock recorded during stock taking'),
 (12592,1086,2,'2026-01-03 17:09:27',2,'Opening stock recorded during stock taking'),
 (12593,838,0,'2026-01-03 17:09:27',2,'Opening stock recorded during stock taking'),
 (12594,848,1,'2026-01-03 17:09:27',2,'Opening stock recorded during stock taking'),
 (12595,1077,0,'2026-01-03 17:09:27',2,'Opening stock recorded during stock taking'),
 (12596,1010,21,'2026-01-03 17:09:27',2,'Opening stock recorded during stock taking'),
 (12597,918,0,'2026-01-03 17:09:27',2,'Opening stock recorded during stock taking'),
 (12598,840,2,'2026-01-03 17:09:27',2,'Opening stock recorded during stock taking'),
 (12599,951,0,'2026-01-03 17:09:27',2,'Opening stock recorded during stock taking'),
 (12600,999,0,'2026-01-03 17:09:27',2,'Opening stock recorded during stock taking'),
 (12601,1079,0,'2026-01-03 17:09:27',2,'Opening stock recorded during stock taking'),
 (12602,917,0,'2026-01-03 17:09:27',2,'Opening stock recorded during stock taking'),
 (12603,935,0,'2026-01-03 17:09:27',2,'Opening stock recorded during stock taking'),
 (12604,986,25,'2026-01-03 17:09:27',2,'Opening stock recorded during stock taking'),
 (12605,985,38,'2026-01-03 17:09:27',2,'Opening stock recorded during stock taking'),
 (12606,984,0,'2026-01-03 17:09:27',2,'Opening stock recorded during stock taking'),
 (12607,932,0,'2026-01-03 17:09:27',2,'Opening stock recorded during stock taking'),
 (12608,936,0,'2026-01-03 17:09:27',2,'Opening stock recorded during stock taking'),
 (12609,987,0,'2026-01-03 17:09:27',2,'Opening stock recorded during stock taking'),
 (12610,934,3,'2026-01-03 17:09:27',2,'Opening stock recorded during stock taking'),
 (12611,933,0,'2026-01-03 17:09:27',2,'Opening stock recorded during stock taking'),
 (12612,1026,0,'2026-01-03 17:09:27',2,'Opening stock recorded during stock taking'),
 (12613,1038,0,'2026-01-03 17:09:27',2,'Opening stock recorded during stock taking'),
 (12614,930,0,'2026-01-03 17:09:27',2,'Opening stock recorded during stock taking'),
 (12615,931,0,'2026-01-03 17:09:27',2,'Opening stock recorded during stock taking'),
 (12616,1037,0,'2026-01-03 17:09:27',2,'Opening stock recorded during stock taking'),
 (12617,923,0,'2026-01-03 17:09:27',2,'Opening stock recorded during stock taking'),
 (12618,979,30,'2026-01-03 17:09:27',2,'Opening stock recorded during stock taking'),
 (12619,974,60,'2026-01-03 17:09:27',2,'Opening stock recorded during stock taking'),
 (12620,924,0,'2026-01-03 17:09:27',2,'Opening stock recorded during stock taking'),
 (12621,980,0,'2026-01-03 17:09:27',2,'Opening stock recorded during stock taking'),
 (12622,1023,0,'2026-01-03 17:09:27',2,'Opening stock recorded during stock taking'),
 (12623,880,0,'2026-01-03 17:09:27',2,'Opening stock recorded during stock taking'),
 (12624,890,46,'2026-01-03 17:09:27',2,'Opening stock recorded during stock taking'),
 (12625,927,10,'2026-01-03 17:09:27',2,'Opening stock recorded during stock taking'),
 (12626,982,26,'2026-01-03 17:09:27',2,'Opening stock recorded during stock taking'),
 (12627,926,1,'2026-01-03 17:09:27',2,'Opening stock recorded during stock taking'),
 (12628,1035,13,'2026-01-03 17:09:27',2,'Opening stock recorded during stock taking'),
 (12629,1072,1,'2026-01-03 17:09:27',2,'Opening stock recorded during stock taking'),
 (12630,953,0,'2026-01-03 17:09:27',2,'Opening stock recorded during stock taking'),
 (12631,1001,0,'2026-01-03 17:09:27',2,'Opening stock recorded during stock taking'),
 (12632,870,42,'2026-01-03 17:09:27',2,'Opening stock recorded during stock taking'),
 (12633,869,41,'2026-01-03 17:09:27',2,'Opening stock recorded during stock taking'),
 (12634,868,123,'2026-01-03 17:09:27',2,'Opening stock recorded during stock taking'),
 (12635,925,0,'2026-01-03 17:09:27',2,'Opening stock recorded during stock taking'),
 (12636,981,0,'2026-01-03 17:09:27',2,'Opening stock recorded during stock taking'),
 (12637,841,4,'2026-01-03 17:09:27',2,'Opening stock recorded during stock taking'),
 (12638,945,0,'2026-01-03 17:09:27',2,'Opening stock recorded during stock taking'),
 (12639,994,0,'2026-01-03 17:09:27',2,'Opening stock recorded during stock taking'),
 (12640,946,3,'2026-01-03 17:09:27',2,'Opening stock recorded during stock taking'),
 (12641,995,14,'2026-01-03 17:09:27',2,'Opening stock recorded during stock taking'),
 (12642,899,0,'2026-01-03 17:09:27',2,'Opening stock recorded during stock taking'),
 (12643,955,243,'2026-01-03 17:09:27',2,'Opening stock recorded during stock taking'),
 (12644,944,0,'2026-01-03 17:09:27',2,'Opening stock recorded during stock taking'),
 (12645,993,0,'2026-01-03 17:09:27',2,'Opening stock recorded during stock taking'),
 (12646,942,0,'2026-01-03 17:09:27',2,'Opening stock recorded during stock taking'),
 (12647,991,33,'2026-01-03 17:09:27',2,'Opening stock recorded during stock taking'),
 (12648,943,5,'2026-01-03 17:09:27',2,'Opening stock recorded during stock taking'),
 (12649,992,43,'2026-01-03 17:09:27',2,'Opening stock recorded during stock taking'),
 (12650,988,22,'2026-01-03 17:09:27',2,'Opening stock recorded during stock taking'),
 (12651,1090,18,'2026-01-03 17:09:27',2,'Opening stock recorded during stock taking'),
 (12652,1040,0,'2026-01-03 17:09:27',2,'Opening stock recorded during stock taking'),
 (12653,939,0,'2026-01-03 17:09:27',2,'Opening stock recorded during stock taking'),
 (12654,937,1,'2026-01-03 17:09:27',2,'Opening stock recorded during stock taking'),
 (12655,938,0,'2026-01-03 17:09:27',2,'Opening stock recorded during stock taking'),
 (12656,906,0,'2026-01-03 17:09:27',2,'Opening stock recorded during stock taking'),
 (12657,1059,0,'2026-01-03 17:09:27',2,'Opening stock recorded during stock taking'),
 (12658,1071,17,'2026-01-03 17:09:27',2,'Opening stock recorded during stock taking'),
 (12659,1075,0,'2026-01-03 17:09:27',2,'Opening stock recorded during stock taking'),
 (12660,1092,0,'2026-01-03 17:09:27',2,'Opening stock recorded during stock taking'),
 (12661,1093,28,'2026-01-03 17:09:27',2,'Opening stock recorded during stock taking'),
 (12662,850,0,'2026-01-03 17:09:27',2,'Opening stock recorded during stock taking'),
 (12663,962,56,'2026-01-03 17:09:27',2,'Opening stock recorded during stock taking'),
 (12664,950,2,'2026-01-03 17:09:27',2,'Opening stock recorded during stock taking'),
 (12665,998,24,'2026-01-03 17:09:27',2,'Opening stock recorded during stock taking'),
 (12666,1089,1,'2026-01-03 17:09:27',2,'Opening stock recorded during stock taking'),
 (12667,1070,2,'2026-01-03 17:09:27',2,'Opening stock recorded during stock taking'),
 (12668,1021,13,'2026-01-03 17:09:27',2,'Opening stock recorded during stock taking'),
 (12669,1073,1,'2026-01-03 17:09:27',2,'Opening stock recorded during stock taking'),
 (12670,1016,2,'2026-01-03 17:09:27',2,'Opening stock recorded during stock taking'),
 (12671,907,0,'2026-01-03 17:09:27',2,'Opening stock recorded during stock taking'),
 (12672,963,0,'2026-01-03 17:09:27',2,'Opening stock recorded during stock taking'),
 (12673,839,0,'2026-01-03 17:09:27',2,'Opening stock recorded during stock taking'),
 (12674,1049,3,'2026-01-03 17:09:27',2,'Opening stock recorded during stock taking'),
 (12675,973,0,'2026-01-03 17:09:27',2,'Opening stock recorded during stock taking'),
 (12676,909,0,'2026-01-03 17:09:27',2,'Opening stock recorded during stock taking'),
 (12677,965,0,'2026-01-03 17:09:27',2,'Opening stock recorded during stock taking'),
 (12678,1018,0,'2026-01-03 17:09:27',2,'Opening stock recorded during stock taking'),
 (12679,1025,7,'2026-01-03 17:09:27',2,'Opening stock recorded during stock taking'),
 (12680,835,0,'2026-01-03 17:09:27',2,'Opening stock recorded during stock taking'),
 (12681,845,0,'2026-01-03 17:09:27',2,'Opening stock recorded during stock taking'),
 (12682,844,2,'2026-01-03 17:09:27',2,'Opening stock recorded during stock taking'),
 (12683,1039,1,'2026-01-03 17:09:27',2,'Opening stock recorded during stock taking'),
 (12684,902,0,'2026-01-03 17:09:27',2,'Opening stock recorded during stock taking'),
 (12685,903,0,'2026-01-03 17:09:27',2,'Opening stock recorded during stock taking'),
 (12686,1044,78,'2026-01-03 17:09:27',2,'Opening stock recorded during stock taking'),
 (12687,959,0,'2026-01-03 17:09:27',2,'Opening stock recorded during stock taking'),
 (12688,1087,3,'2026-01-03 17:09:27',2,'Opening stock recorded during stock taking'),
 (12689,958,35,'2026-01-03 17:09:27',2,'Opening stock recorded during stock taking'),
 (12690,1088,3,'2026-01-03 17:09:27',2,'Opening stock recorded during stock taking'),
 (12691,894,28,'2026-01-03 17:09:27',2,'Opening stock recorded during stock taking'),
 (12692,846,0,'2026-01-03 17:09:27',2,'Opening stock recorded during stock taking'),
 (12693,947,0,'2026-01-03 17:09:27',2,'Opening stock recorded during stock taking'),
 (12694,996,0,'2026-01-03 17:09:27',2,'Opening stock recorded during stock taking'),
 (12695,948,1,'2026-01-03 17:09:27',2,'Opening stock recorded during stock taking'),
 (12696,949,0,'2026-01-03 17:09:27',2,'Opening stock recorded during stock taking'),
 (12697,997,28,'2026-01-03 17:09:27',2,'Opening stock recorded during stock taking'),
 (12698,851,0,'2026-01-03 17:09:27',2,'Opening stock recorded during stock taking'),
 (12699,1063,0,'2026-01-03 17:09:27',2,'Opening stock recorded during stock taking'),
 (12700,892,38,'2026-01-03 17:09:27',2,'Opening stock recorded during stock taking'),
 (12701,1041,3,'2026-01-03 17:09:27',2,'Opening stock recorded during stock taking'),
 (12702,867,0,'2026-01-03 17:09:27',2,'Opening stock recorded during stock taking'),
 (12703,847,0,'2026-01-03 17:09:27',2,'Opening stock recorded during stock taking'),
 (12704,1032,0,'2026-01-03 17:09:27',2,'Opening stock recorded during stock taking'),
 (12705,854,0,'2026-01-03 17:09:27',2,'Opening stock recorded during stock taking'),
 (12706,1057,0,'2026-01-03 17:09:27',2,'Opening stock recorded during stock taking'),
 (12707,1058,0,'2026-01-03 17:09:27',2,'Opening stock recorded during stock taking'),
 (12708,1067,0,'2026-01-03 17:09:27',2,'Opening stock recorded during stock taking'),
 (12709,1034,0,'2026-01-03 17:09:27',2,'Opening stock recorded during stock taking'),
 (12710,1033,0,'2026-01-03 17:09:27',2,'Opening stock recorded during stock taking'),
 (12711,843,0,'2026-01-03 17:09:27',2,'Opening stock recorded during stock taking'),
 (12712,873,169,'2026-01-03 17:09:27',2,'Opening stock recorded during stock taking'),
 (12713,897,310,'2026-01-03 17:09:27',2,'Opening stock recorded during stock taking'),
 (12714,1050,3,'2026-01-03 17:09:27',2,'Opening stock recorded during stock taking'),
 (12715,1052,0,'2026-01-03 17:09:27',2,'Opening stock recorded during stock taking'),
 (12716,905,0,'2026-01-03 17:09:27',2,'Opening stock recorded during stock taking'),
 (12717,961,49,'2026-01-03 17:09:27',2,'Opening stock recorded during stock taking'),
 (12718,1005,32,'2026-01-03 17:09:27',2,'Opening stock recorded during stock taking'),
 (12719,1009,22,'2026-01-03 17:09:27',2,'Opening stock recorded during stock taking'),
 (12720,881,38,'2026-01-03 17:09:27',2,'Opening stock recorded during stock taking'),
 (12721,1082,2,'2026-01-03 17:09:27',2,'Opening stock recorded during stock taking'),
 (12722,916,0,'2026-01-03 17:09:27',2,'Opening stock recorded during stock taking'),
 (12723,972,60,'2026-01-03 17:09:27',2,'Opening stock recorded during stock taking'),
 (12724,922,0,'2026-01-03 17:09:27',2,'Opening stock recorded during stock taking'),
 (12725,978,0,'2026-01-03 17:09:27',2,'Opening stock recorded during stock taking'),
 (12726,921,0,'2026-01-03 17:09:27',2,'Opening stock recorded during stock taking'),
 (12727,977,0,'2026-01-03 17:09:27',2,'Opening stock recorded during stock taking'),
 (12728,920,0,'2026-01-03 17:09:27',2,'Opening stock recorded during stock taking'),
 (12729,976,0,'2026-01-03 17:09:27',2,'Opening stock recorded during stock taking'),
 (12730,900,0,'2026-01-03 17:09:27',2,'Opening stock recorded during stock taking'),
 (12731,956,222,'2026-01-03 17:09:28',2,'Opening stock recorded during stock taking'),
 (12732,1083,11,'2026-01-03 17:09:28',2,'Opening stock recorded during stock taking'),
 (12733,849,0,'2026-01-03 17:09:28',2,'Opening stock recorded during stock taking'),
 (12734,837,5,'2026-01-03 17:09:28',2,'Opening stock recorded during stock taking'),
 (12735,898,54,'2026-01-03 17:09:28',2,'Opening stock recorded during stock taking'),
 (12736,952,0,'2026-01-03 17:09:28',2,'Opening stock recorded during stock taking'),
 (12737,1000,0,'2026-01-03 17:09:28',2,'Opening stock recorded during stock taking'),
 (12738,908,0,'2026-01-03 17:09:28',2,'Opening stock recorded during stock taking'),
 (12739,964,0,'2026-01-03 17:09:28',2,'Opening stock recorded during stock taking'),
 (12740,887,188,'2026-01-03 17:09:28',2,'Opening stock recorded during stock taking'),
 (12741,1008,34,'2026-01-03 17:09:28',2,'Opening stock recorded during stock taking'),
 (12742,1011,0,'2026-01-03 17:09:28',2,'Opening stock recorded during stock taking'),
 (12743,1053,0,'2026-01-03 17:09:28',2,'Opening stock recorded during stock taking'),
 (12744,865,0,'2026-01-03 17:09:28',2,'Opening stock recorded during stock taking'),
 (12745,1064,0,'2026-01-03 17:09:28',2,'Opening stock recorded during stock taking'),
 (12746,864,4,'2026-01-03 17:09:28',2,'Opening stock recorded during stock taking'),
 (12747,1065,54,'2026-01-03 17:09:28',2,'Opening stock recorded during stock taking'),
 (12748,911,0,'2026-01-06 14:44:50',2,'Opening stock recorded during stock taking'),
 (12749,967,53,'2026-01-06 14:44:50',2,'Opening stock recorded during stock taking'),
 (12750,842,2,'2026-01-06 14:44:50',2,'Opening stock recorded during stock taking'),
 (12751,904,0,'2026-01-06 14:44:50',2,'Opening stock recorded during stock taking'),
 (12752,960,106,'2026-01-06 14:44:50',2,'Opening stock recorded during stock taking'),
 (12753,1091,10,'2026-01-06 14:44:50',2,'Opening stock recorded during stock taking'),
 (12754,1074,4,'2026-01-06 14:44:50',2,'Opening stock recorded during stock taking'),
 (12755,893,45,'2026-01-06 14:44:50',2,'Opening stock recorded during stock taking'),
 (12756,1048,17,'2026-01-06 14:44:50',2,'Opening stock recorded during stock taking'),
 (12757,941,0,'2026-01-06 14:44:50',2,'Opening stock recorded during stock taking'),
 (12758,990,0,'2026-01-06 14:44:50',2,'Opening stock recorded during stock taking'),
 (12759,940,0,'2026-01-06 14:44:50',2,'Opening stock recorded during stock taking'),
 (12760,989,0,'2026-01-06 14:44:50',2,'Opening stock recorded during stock taking'),
 (12761,1080,0,'2026-01-06 14:44:50',2,'Opening stock recorded during stock taking'),
 (12762,1081,26,'2026-01-06 14:44:50',2,'Opening stock recorded during stock taking'),
 (12763,871,37,'2026-01-06 14:44:50',2,'Opening stock recorded during stock taking'),
 (12764,1017,54,'2026-01-06 14:44:50',2,'Opening stock recorded during stock taking'),
 (12765,1054,22,'2026-01-06 14:44:50',2,'Opening stock recorded during stock taking'),
 (12766,1051,0,'2026-01-06 14:44:50',2,'Opening stock recorded during stock taking'),
 (12767,919,0,'2026-01-06 14:44:50',2,'Opening stock recorded during stock taking'),
 (12768,975,0,'2026-01-06 14:44:50',2,'Opening stock recorded during stock taking'),
 (12769,1076,2,'2026-01-06 14:44:50',2,'Opening stock recorded during stock taking'),
 (12770,1029,20,'2026-01-06 14:44:50',2,'Opening stock recorded during stock taking'),
 (12771,1056,26,'2026-01-06 14:44:50',2,'Opening stock recorded during stock taking'),
 (12772,1060,0,'2026-01-06 14:44:50',2,'Opening stock recorded during stock taking'),
 (12773,1061,0,'2026-01-06 14:44:50',2,'Opening stock recorded during stock taking'),
 (12774,901,0,'2026-01-06 14:44:50',2,'Opening stock recorded during stock taking'),
 (12775,957,94,'2026-01-06 14:44:50',2,'Opening stock recorded during stock taking'),
 (12776,1084,0,'2026-01-06 14:44:50',2,'Opening stock recorded during stock taking'),
 (12777,886,24,'2026-01-06 14:44:50',2,'Opening stock recorded during stock taking'),
 (12778,884,76,'2026-01-06 14:44:50',2,'Opening stock recorded during stock taking'),
 (12779,1055,5,'2026-01-06 14:44:50',2,'Opening stock recorded during stock taking'),
 (12780,928,0,'2026-01-06 14:44:50',2,'Opening stock recorded during stock taking'),
 (12781,983,0,'2026-01-06 14:44:50',2,'Opening stock recorded during stock taking'),
 (12782,929,0,'2026-01-06 14:44:50',2,'Opening stock recorded during stock taking'),
 (12783,1036,0,'2026-01-06 14:44:50',2,'Opening stock recorded during stock taking'),
 (12784,1095,0,'2026-01-06 14:44:50',2,'Opening stock recorded during stock taking'),
 (12785,913,0,'2026-01-06 14:44:50',2,'Opening stock recorded during stock taking'),
 (12786,969,0,'2026-01-06 14:44:50',2,'Opening stock recorded during stock taking'),
 (12787,971,0,'2026-01-06 14:44:50',2,'Opening stock recorded during stock taking'),
 (12788,915,0,'2026-01-06 14:44:50',2,'Opening stock recorded during stock taking'),
 (12789,914,0,'2026-01-06 14:44:50',2,'Opening stock recorded during stock taking'),
 (12790,970,0,'2026-01-06 14:44:50',2,'Opening stock recorded during stock taking'),
 (12791,912,0,'2026-01-06 14:44:50',2,'Opening stock recorded during stock taking'),
 (12792,968,30,'2026-01-06 14:44:50',2,'Opening stock recorded during stock taking'),
 (12793,896,33,'2026-01-06 14:44:50',2,'Opening stock recorded during stock taking'),
 (12794,879,26,'2026-01-06 14:44:50',2,'Opening stock recorded during stock taking'),
 (12795,910,0,'2026-01-06 14:44:50',2,'Opening stock recorded during stock taking'),
 (12796,966,56,'2026-01-06 14:44:50',2,'Opening stock recorded during stock taking'),
 (12797,1068,4,'2026-01-06 14:44:50',2,'Opening stock recorded during stock taking'),
 (12798,1085,2,'2026-01-06 14:44:50',2,'Opening stock recorded during stock taking'),
 (12799,1086,2,'2026-01-06 14:44:50',2,'Opening stock recorded during stock taking'),
 (12800,838,0,'2026-01-06 14:44:50',2,'Opening stock recorded during stock taking'),
 (12801,848,1,'2026-01-06 14:44:50',2,'Opening stock recorded during stock taking'),
 (12802,1077,0,'2026-01-06 14:44:50',2,'Opening stock recorded during stock taking'),
 (12803,1010,8,'2026-01-06 14:44:50',2,'Opening stock recorded during stock taking'),
 (12804,918,1,'2026-01-06 14:44:50',2,'Opening stock recorded during stock taking'),
 (12805,840,1,'2026-01-06 14:44:50',2,'Opening stock recorded during stock taking'),
 (12806,951,0,'2026-01-06 14:44:50',2,'Opening stock recorded during stock taking'),
 (12807,999,0,'2026-01-06 14:44:50',2,'Opening stock recorded during stock taking'),
 (12808,1079,0,'2026-01-06 14:44:50',2,'Opening stock recorded during stock taking'),
 (12809,917,0,'2026-01-06 14:44:50',2,'Opening stock recorded during stock taking'),
 (12810,935,0,'2026-01-06 14:44:50',2,'Opening stock recorded during stock taking'),
 (12811,986,25,'2026-01-06 14:44:50',2,'Opening stock recorded during stock taking'),
 (12812,985,33,'2026-01-06 14:44:50',2,'Opening stock recorded during stock taking'),
 (12813,984,0,'2026-01-06 14:44:50',2,'Opening stock recorded during stock taking'),
 (12814,932,0,'2026-01-06 14:44:50',2,'Opening stock recorded during stock taking'),
 (12815,936,0,'2026-01-06 14:44:50',2,'Opening stock recorded during stock taking'),
 (12816,987,0,'2026-01-06 14:44:50',2,'Opening stock recorded during stock taking'),
 (12817,934,3,'2026-01-06 14:44:50',2,'Opening stock recorded during stock taking'),
 (12818,933,0,'2026-01-06 14:44:50',2,'Opening stock recorded during stock taking'),
 (12819,1026,0,'2026-01-06 14:44:50',2,'Opening stock recorded during stock taking'),
 (12820,1038,0,'2026-01-06 14:44:50',2,'Opening stock recorded during stock taking'),
 (12821,930,0,'2026-01-06 14:44:50',2,'Opening stock recorded during stock taking'),
 (12822,931,0,'2026-01-06 14:44:50',2,'Opening stock recorded during stock taking'),
 (12823,1037,0,'2026-01-06 14:44:50',2,'Opening stock recorded during stock taking'),
 (12824,923,1,'2026-01-06 14:44:50',2,'Opening stock recorded during stock taking'),
 (12825,979,0,'2026-01-06 14:44:50',2,'Opening stock recorded during stock taking'),
 (12826,974,25,'2026-01-06 14:44:50',2,'Opening stock recorded during stock taking'),
 (12827,924,0,'2026-01-06 14:44:50',2,'Opening stock recorded during stock taking'),
 (12828,980,0,'2026-01-06 14:44:50',2,'Opening stock recorded during stock taking'),
 (12829,1023,0,'2026-01-06 14:44:50',2,'Opening stock recorded during stock taking'),
 (12830,880,0,'2026-01-06 14:44:50',2,'Opening stock recorded during stock taking'),
 (12831,890,30,'2026-01-06 14:44:50',2,'Opening stock recorded during stock taking'),
 (12832,927,7,'2026-01-06 14:44:50',2,'Opening stock recorded during stock taking'),
 (12833,982,36,'2026-01-06 14:44:50',2,'Opening stock recorded during stock taking'),
 (12834,926,1,'2026-01-06 14:44:50',2,'Opening stock recorded during stock taking'),
 (12835,1035,13,'2026-01-06 14:44:50',2,'Opening stock recorded during stock taking'),
 (12836,1072,1,'2026-01-06 14:44:50',2,'Opening stock recorded during stock taking'),
 (12837,953,0,'2026-01-06 14:44:50',2,'Opening stock recorded during stock taking'),
 (12838,1001,0,'2026-01-06 14:44:50',2,'Opening stock recorded during stock taking'),
 (12839,870,56,'2026-01-06 14:44:50',2,'Opening stock recorded during stock taking'),
 (12840,869,19,'2026-01-06 14:44:50',2,'Opening stock recorded during stock taking'),
 (12841,868,85,'2026-01-06 14:44:50',2,'Opening stock recorded during stock taking'),
 (12842,925,0,'2026-01-06 14:44:50',2,'Opening stock recorded during stock taking'),
 (12843,981,0,'2026-01-06 14:44:50',2,'Opening stock recorded during stock taking'),
 (12844,841,2,'2026-01-06 14:44:50',2,'Opening stock recorded during stock taking'),
 (12845,945,0,'2026-01-06 14:44:50',2,'Opening stock recorded during stock taking'),
 (12846,994,0,'2026-01-06 14:44:50',2,'Opening stock recorded during stock taking'),
 (12847,946,2,'2026-01-06 14:44:50',2,'Opening stock recorded during stock taking'),
 (12848,995,39,'2026-01-06 14:44:50',2,'Opening stock recorded during stock taking'),
 (12849,899,0,'2026-01-06 14:44:50',2,'Opening stock recorded during stock taking'),
 (12850,955,198,'2026-01-06 14:44:50',2,'Opening stock recorded during stock taking'),
 (12851,944,0,'2026-01-06 14:44:50',2,'Opening stock recorded during stock taking'),
 (12852,993,0,'2026-01-06 14:44:50',2,'Opening stock recorded during stock taking'),
 (12853,942,1,'2026-01-06 14:44:50',2,'Opening stock recorded during stock taking'),
 (12854,991,33,'2026-01-06 14:44:50',2,'Opening stock recorded during stock taking'),
 (12855,943,3,'2026-01-06 14:44:50',2,'Opening stock recorded during stock taking'),
 (12856,992,49,'2026-01-06 14:44:50',2,'Opening stock recorded during stock taking'),
 (12857,988,22,'2026-01-06 14:44:50',2,'Opening stock recorded during stock taking'),
 (12858,1090,18,'2026-01-06 14:44:50',2,'Opening stock recorded during stock taking'),
 (12859,1040,0,'2026-01-06 14:44:50',2,'Opening stock recorded during stock taking'),
 (12860,939,0,'2026-01-06 14:44:50',2,'Opening stock recorded during stock taking'),
 (12861,937,1,'2026-01-06 14:44:50',2,'Opening stock recorded during stock taking'),
 (12862,938,0,'2026-01-06 14:44:50',2,'Opening stock recorded during stock taking'),
 (12863,906,0,'2026-01-06 14:44:50',2,'Opening stock recorded during stock taking'),
 (12864,1059,0,'2026-01-06 14:44:50',2,'Opening stock recorded during stock taking'),
 (12865,1071,17,'2026-01-06 14:44:50',2,'Opening stock recorded during stock taking'),
 (12866,1075,0,'2026-01-06 14:44:50',2,'Opening stock recorded during stock taking'),
 (12867,1092,0,'2026-01-06 14:44:50',2,'Opening stock recorded during stock taking'),
 (12868,1093,28,'2026-01-06 14:44:50',2,'Opening stock recorded during stock taking'),
 (12869,850,0,'2026-01-06 14:44:50',2,'Opening stock recorded during stock taking'),
 (12870,962,56,'2026-01-06 14:44:50',2,'Opening stock recorded during stock taking'),
 (12871,950,2,'2026-01-06 14:44:50',2,'Opening stock recorded during stock taking'),
 (12872,998,24,'2026-01-06 14:44:50',2,'Opening stock recorded during stock taking'),
 (12873,1089,1,'2026-01-06 14:44:50',2,'Opening stock recorded during stock taking'),
 (12874,1070,2,'2026-01-06 14:44:50',2,'Opening stock recorded during stock taking'),
 (12875,1021,24,'2026-01-06 14:44:50',2,'Opening stock recorded during stock taking'),
 (12876,1073,1,'2026-01-06 14:44:50',2,'Opening stock recorded during stock taking'),
 (12877,1016,0,'2026-01-06 14:44:50',2,'Opening stock recorded during stock taking'),
 (12878,907,0,'2026-01-06 14:44:50',2,'Opening stock recorded during stock taking'),
 (12879,963,0,'2026-01-06 14:44:50',2,'Opening stock recorded during stock taking'),
 (12880,839,0,'2026-01-06 14:44:50',2,'Opening stock recorded during stock taking'),
 (12881,1049,3,'2026-01-06 14:44:50',2,'Opening stock recorded during stock taking'),
 (12882,973,0,'2026-01-06 14:44:50',2,'Opening stock recorded during stock taking'),
 (12883,909,0,'2026-01-06 14:44:50',2,'Opening stock recorded during stock taking'),
 (12884,965,0,'2026-01-06 14:44:50',2,'Opening stock recorded during stock taking'),
 (12885,1018,0,'2026-01-06 14:44:50',2,'Opening stock recorded during stock taking'),
 (12886,1025,7,'2026-01-06 14:44:50',2,'Opening stock recorded during stock taking'),
 (12887,835,0,'2026-01-06 14:44:50',2,'Opening stock recorded during stock taking'),
 (12888,845,0,'2026-01-06 14:44:50',2,'Opening stock recorded during stock taking'),
 (12889,844,2,'2026-01-06 14:44:50',2,'Opening stock recorded during stock taking'),
 (12890,1039,1,'2026-01-06 14:44:50',2,'Opening stock recorded during stock taking'),
 (12891,902,0,'2026-01-06 14:44:50',2,'Opening stock recorded during stock taking'),
 (12892,903,0,'2026-01-06 14:44:50',2,'Opening stock recorded during stock taking'),
 (12893,1044,76,'2026-01-06 14:44:50',2,'Opening stock recorded during stock taking'),
 (12894,959,0,'2026-01-06 14:44:50',2,'Opening stock recorded during stock taking'),
 (12895,1087,3,'2026-01-06 14:44:50',2,'Opening stock recorded during stock taking'),
 (12896,958,32,'2026-01-06 14:44:50',2,'Opening stock recorded during stock taking'),
 (12897,1088,3,'2026-01-06 14:44:50',2,'Opening stock recorded during stock taking'),
 (12898,894,55,'2026-01-06 14:44:50',2,'Opening stock recorded during stock taking'),
 (12899,846,0,'2026-01-06 14:44:50',2,'Opening stock recorded during stock taking'),
 (12900,947,0,'2026-01-06 14:44:50',2,'Opening stock recorded during stock taking'),
 (12901,996,0,'2026-01-06 14:44:50',2,'Opening stock recorded during stock taking'),
 (12902,948,2,'2026-01-06 14:44:50',2,'Opening stock recorded during stock taking'),
 (12903,949,0,'2026-01-06 14:44:50',2,'Opening stock recorded during stock taking'),
 (12904,997,21,'2026-01-06 14:44:50',2,'Opening stock recorded during stock taking'),
 (12905,851,0,'2026-01-06 14:44:50',2,'Opening stock recorded during stock taking'),
 (12906,1063,0,'2026-01-06 14:44:50',2,'Opening stock recorded during stock taking'),
 (12907,892,24,'2026-01-06 14:44:50',2,'Opening stock recorded during stock taking'),
 (12908,1041,3,'2026-01-06 14:44:50',2,'Opening stock recorded during stock taking'),
 (12909,867,0,'2026-01-06 14:44:50',2,'Opening stock recorded during stock taking'),
 (12910,847,0,'2026-01-06 14:44:50',2,'Opening stock recorded during stock taking'),
 (12911,1032,0,'2026-01-06 14:44:50',2,'Opening stock recorded during stock taking'),
 (12912,854,0,'2026-01-06 14:44:50',2,'Opening stock recorded during stock taking'),
 (12913,1057,0,'2026-01-06 14:44:50',2,'Opening stock recorded during stock taking'),
 (12914,1058,0,'2026-01-06 14:44:50',2,'Opening stock recorded during stock taking'),
 (12915,1067,0,'2026-01-06 14:44:50',2,'Opening stock recorded during stock taking'),
 (12916,1034,0,'2026-01-06 14:44:50',2,'Opening stock recorded during stock taking'),
 (12917,1033,0,'2026-01-06 14:44:50',2,'Opening stock recorded during stock taking'),
 (12918,843,0,'2026-01-06 14:44:50',2,'Opening stock recorded during stock taking'),
 (12919,873,261,'2026-01-06 14:44:50',2,'Opening stock recorded during stock taking'),
 (12920,897,282,'2026-01-06 14:44:50',2,'Opening stock recorded during stock taking'),
 (12921,1050,3,'2026-01-06 14:44:50',2,'Opening stock recorded during stock taking'),
 (12922,1052,0,'2026-01-06 14:44:50',2,'Opening stock recorded during stock taking'),
 (12923,905,0,'2026-01-06 14:44:50',2,'Opening stock recorded during stock taking'),
 (12924,961,49,'2026-01-06 14:44:50',2,'Opening stock recorded during stock taking'),
 (12925,1005,32,'2026-01-06 14:44:50',2,'Opening stock recorded during stock taking'),
 (12926,1009,11,'2026-01-06 14:44:50',2,'Opening stock recorded during stock taking'),
 (12927,881,36,'2026-01-06 14:44:50',2,'Opening stock recorded during stock taking'),
 (12928,1082,2,'2026-01-06 14:44:50',2,'Opening stock recorded during stock taking'),
 (12929,916,0,'2026-01-06 14:44:50',2,'Opening stock recorded during stock taking'),
 (12930,972,60,'2026-01-06 14:44:50',2,'Opening stock recorded during stock taking'),
 (12931,978,0,'2026-01-06 14:44:50',2,'Opening stock recorded during stock taking'),
 (12932,977,0,'2026-01-06 14:44:50',2,'Opening stock recorded during stock taking'),
 (12933,920,1,'2026-01-06 14:44:50',2,'Opening stock recorded during stock taking'),
 (12934,922,0,'2026-01-06 14:44:50',2,'Opening stock recorded during stock taking'),
 (12935,921,0,'2026-01-06 14:44:50',2,'Opening stock recorded during stock taking'),
 (12936,900,0,'2026-01-06 14:44:50',2,'Opening stock recorded during stock taking'),
 (12937,956,154,'2026-01-06 14:44:50',2,'Opening stock recorded during stock taking'),
 (12938,1083,11,'2026-01-06 14:44:50',2,'Opening stock recorded during stock taking'),
 (12939,849,0,'2026-01-06 14:44:50',2,'Opening stock recorded during stock taking'),
 (12940,837,6,'2026-01-06 14:44:50',2,'Opening stock recorded during stock taking'),
 (12941,898,269,'2026-01-06 14:44:50',2,'Opening stock recorded during stock taking'),
 (12942,952,0,'2026-01-06 14:44:50',2,'Opening stock recorded during stock taking'),
 (12943,1000,0,'2026-01-06 14:44:50',2,'Opening stock recorded during stock taking'),
 (12944,908,0,'2026-01-06 14:44:50',2,'Opening stock recorded during stock taking'),
 (12945,964,0,'2026-01-06 14:44:50',2,'Opening stock recorded during stock taking'),
 (12946,887,281,'2026-01-06 14:44:50',2,'Opening stock recorded during stock taking'),
 (12947,1008,36,'2026-01-06 14:44:50',2,'Opening stock recorded during stock taking'),
 (12948,1011,19,'2026-01-06 14:44:50',2,'Opening stock recorded during stock taking'),
 (12949,1053,0,'2026-01-06 14:44:50',2,'Opening stock recorded during stock taking'),
 (12950,865,0,'2026-01-06 14:44:50',2,'Opening stock recorded during stock taking'),
 (12951,1064,0,'2026-01-06 14:44:50',2,'Opening stock recorded during stock taking'),
 (12952,864,4,'2026-01-06 14:44:50',2,'Opening stock recorded during stock taking'),
 (12953,1096,1,'2026-01-06 14:44:50',2,'Opening stock recorded during stock taking'),
 (12954,1097,30,'2026-01-06 14:44:50',2,'Opening stock recorded during stock taking'),
 (12955,1065,10,'2026-01-06 14:44:50',2,'Opening stock recorded during stock taking'),
 (12956,911,0,'2026-01-10 12:56:15',2,'Opening stock recorded during stock taking'),
 (12957,967,53,'2026-01-10 12:56:15',2,'Opening stock recorded during stock taking'),
 (12958,842,2,'2026-01-10 12:56:15',2,'Opening stock recorded during stock taking'),
 (12959,904,0,'2026-01-10 12:56:15',2,'Opening stock recorded during stock taking'),
 (12960,960,71,'2026-01-10 12:56:15',2,'Opening stock recorded during stock taking'),
 (12961,1091,9,'2026-01-10 12:56:15',2,'Opening stock recorded during stock taking'),
 (12962,1074,4,'2026-01-10 12:56:15',2,'Opening stock recorded during stock taking'),
 (12963,893,3,'2026-01-10 12:56:15',2,'Opening stock recorded during stock taking'),
 (12964,1048,7,'2026-01-10 12:56:15',2,'Opening stock recorded during stock taking'),
 (12965,941,0,'2026-01-10 12:56:15',2,'Opening stock recorded during stock taking'),
 (12966,990,0,'2026-01-10 12:56:15',2,'Opening stock recorded during stock taking'),
 (12967,940,0,'2026-01-10 12:56:15',2,'Opening stock recorded during stock taking'),
 (12968,989,0,'2026-01-10 12:56:15',2,'Opening stock recorded during stock taking'),
 (12969,1080,0,'2026-01-10 12:56:15',2,'Opening stock recorded during stock taking'),
 (12970,1081,26,'2026-01-10 12:56:15',2,'Opening stock recorded during stock taking'),
 (12971,871,35,'2026-01-10 12:56:15',2,'Opening stock recorded during stock taking'),
 (12972,1017,12,'2026-01-10 12:56:15',2,'Opening stock recorded during stock taking'),
 (12973,1054,32,'2026-01-10 12:56:15',2,'Opening stock recorded during stock taking'),
 (12974,1051,0,'2026-01-10 12:56:15',2,'Opening stock recorded during stock taking'),
 (12975,919,0,'2026-01-10 12:56:15',2,'Opening stock recorded during stock taking'),
 (12976,975,0,'2026-01-10 12:56:15',2,'Opening stock recorded during stock taking'),
 (12977,1076,2,'2026-01-10 12:56:15',2,'Opening stock recorded during stock taking'),
 (12978,1029,18,'2026-01-10 12:56:15',2,'Opening stock recorded during stock taking'),
 (12979,1056,25,'2026-01-10 12:56:15',2,'Opening stock recorded during stock taking'),
 (12980,1060,0,'2026-01-10 12:56:15',2,'Opening stock recorded during stock taking'),
 (12981,1061,0,'2026-01-10 12:56:15',2,'Opening stock recorded during stock taking'),
 (12982,901,0,'2026-01-10 12:56:15',2,'Opening stock recorded during stock taking'),
 (12983,957,47,'2026-01-10 12:56:15',2,'Opening stock recorded during stock taking'),
 (12984,1084,0,'2026-01-10 12:56:15',2,'Opening stock recorded during stock taking'),
 (12985,886,46,'2026-01-10 12:56:15',2,'Opening stock recorded during stock taking'),
 (12986,884,11,'2026-01-10 12:56:15',2,'Opening stock recorded during stock taking'),
 (12987,1055,1,'2026-01-10 12:56:15',2,'Opening stock recorded during stock taking'),
 (12988,928,0,'2026-01-10 12:56:15',2,'Opening stock recorded during stock taking'),
 (12989,983,0,'2026-01-10 12:56:15',2,'Opening stock recorded during stock taking'),
 (12990,929,0,'2026-01-10 12:56:15',2,'Opening stock recorded during stock taking'),
 (12991,1036,0,'2026-01-10 12:56:15',2,'Opening stock recorded during stock taking'),
 (12992,1095,0,'2026-01-10 12:56:15',2,'Opening stock recorded during stock taking'),
 (12993,913,0,'2026-01-10 12:56:15',2,'Opening stock recorded during stock taking'),
 (12994,969,0,'2026-01-10 12:56:15',2,'Opening stock recorded during stock taking'),
 (12995,971,0,'2026-01-10 12:56:15',2,'Opening stock recorded during stock taking'),
 (12996,915,0,'2026-01-10 12:56:15',2,'Opening stock recorded during stock taking'),
 (12997,914,0,'2026-01-10 12:56:15',2,'Opening stock recorded during stock taking'),
 (12998,970,0,'2026-01-10 12:56:15',2,'Opening stock recorded during stock taking'),
 (12999,912,0,'2026-01-10 12:56:15',2,'Opening stock recorded during stock taking'),
 (13000,968,28,'2026-01-10 12:56:15',2,'Opening stock recorded during stock taking'),
 (13001,896,11,'2026-01-10 12:56:15',2,'Opening stock recorded during stock taking'),
 (13002,879,0,'2026-01-10 12:56:15',2,'Opening stock recorded during stock taking'),
 (13003,910,0,'2026-01-10 12:56:15',2,'Opening stock recorded during stock taking'),
 (13004,966,56,'2026-01-10 12:56:15',2,'Opening stock recorded during stock taking'),
 (13005,1068,14,'2026-01-10 12:56:15',2,'Opening stock recorded during stock taking'),
 (13006,1085,2,'2026-01-10 12:56:15',2,'Opening stock recorded during stock taking'),
 (13007,1086,2,'2026-01-10 12:56:15',2,'Opening stock recorded during stock taking'),
 (13008,838,0,'2026-01-10 12:56:15',2,'Opening stock recorded during stock taking'),
 (13009,848,1,'2026-01-10 12:56:15',2,'Opening stock recorded during stock taking'),
 (13010,1077,0,'2026-01-10 12:56:15',2,'Opening stock recorded during stock taking'),
 (13011,1010,0,'2026-01-10 12:56:15',2,'Opening stock recorded during stock taking'),
 (13012,918,0,'2026-01-10 12:56:15',2,'Opening stock recorded during stock taking'),
 (13013,840,1,'2026-01-10 12:56:15',2,'Opening stock recorded during stock taking'),
 (13014,951,0,'2026-01-10 12:56:15',2,'Opening stock recorded during stock taking'),
 (13015,999,0,'2026-01-10 12:56:15',2,'Opening stock recorded during stock taking'),
 (13016,1079,0,'2026-01-10 12:56:15',2,'Opening stock recorded during stock taking'),
 (13017,917,0,'2026-01-10 12:56:15',2,'Opening stock recorded during stock taking'),
 (13018,935,0,'2026-01-10 12:56:15',2,'Opening stock recorded during stock taking'),
 (13019,986,25,'2026-01-10 12:56:15',2,'Opening stock recorded during stock taking'),
 (13020,984,0,'2026-01-10 12:56:15',2,'Opening stock recorded during stock taking'),
 (13021,932,0,'2026-01-10 12:56:15',2,'Opening stock recorded during stock taking'),
 (13022,936,0,'2026-01-10 12:56:15',2,'Opening stock recorded during stock taking'),
 (13023,987,0,'2026-01-10 12:56:15',2,'Opening stock recorded during stock taking'),
 (13024,934,0,'2026-01-10 12:56:15',2,'Opening stock recorded during stock taking'),
 (13025,985,96,'2026-01-10 12:56:15',2,'Opening stock recorded during stock taking'),
 (13026,933,0,'2026-01-10 12:56:15',2,'Opening stock recorded during stock taking'),
 (13027,1026,0,'2026-01-10 12:56:15',2,'Opening stock recorded during stock taking'),
 (13028,1038,0,'2026-01-10 12:56:15',2,'Opening stock recorded during stock taking'),
 (13029,930,0,'2026-01-10 12:56:15',2,'Opening stock recorded during stock taking'),
 (13030,931,0,'2026-01-10 12:56:15',2,'Opening stock recorded during stock taking'),
 (13031,1037,0,'2026-01-10 12:56:15',2,'Opening stock recorded during stock taking'),
 (13032,923,0,'2026-01-10 12:56:15',2,'Opening stock recorded during stock taking'),
 (13033,979,30,'2026-01-10 12:56:15',2,'Opening stock recorded during stock taking'),
 (13034,974,54,'2026-01-10 12:56:15',2,'Opening stock recorded during stock taking'),
 (13035,924,0,'2026-01-10 12:56:15',2,'Opening stock recorded during stock taking'),
 (13036,980,0,'2026-01-10 12:56:15',2,'Opening stock recorded during stock taking'),
 (13037,1023,0,'2026-01-10 12:56:15',2,'Opening stock recorded during stock taking'),
 (13038,880,0,'2026-01-10 12:56:15',2,'Opening stock recorded during stock taking'),
 (13039,890,10,'2026-01-10 12:56:15',2,'Opening stock recorded during stock taking'),
 (13040,927,0,'2026-01-10 12:56:15',2,'Opening stock recorded during stock taking'),
 (13041,982,171,'2026-01-10 12:56:15',2,'Opening stock recorded during stock taking'),
 (13042,926,0,'2026-01-10 12:56:15',2,'Opening stock recorded during stock taking'),
 (13043,1035,43,'2026-01-10 12:56:15',2,'Opening stock recorded during stock taking'),
 (13044,1072,1,'2026-01-10 12:56:15',2,'Opening stock recorded during stock taking'),
 (13045,953,0,'2026-01-10 12:56:15',2,'Opening stock recorded during stock taking'),
 (13046,1001,0,'2026-01-10 12:56:15',2,'Opening stock recorded during stock taking'),
 (13047,870,2,'2026-01-10 12:56:15',2,'Opening stock recorded during stock taking'),
 (13048,869,60,'2026-01-10 12:56:15',2,'Opening stock recorded during stock taking'),
 (13049,868,67,'2026-01-10 12:56:15',2,'Opening stock recorded during stock taking'),
 (13050,925,0,'2026-01-10 12:56:15',2,'Opening stock recorded during stock taking'),
 (13051,981,0,'2026-01-10 12:56:15',2,'Opening stock recorded during stock taking'),
 (13052,841,2,'2026-01-10 12:56:15',2,'Opening stock recorded during stock taking'),
 (13053,945,0,'2026-01-10 12:56:15',2,'Opening stock recorded during stock taking'),
 (13054,994,0,'2026-01-10 12:56:15',2,'Opening stock recorded during stock taking'),
 (13055,946,0,'2026-01-10 12:56:15',2,'Opening stock recorded during stock taking'),
 (13056,995,91,'2026-01-10 12:56:15',2,'Opening stock recorded during stock taking'),
 (13057,899,0,'2026-01-10 12:56:15',2,'Opening stock recorded during stock taking'),
 (13058,955,57,'2026-01-10 12:56:15',2,'Opening stock recorded during stock taking'),
 (13059,944,0,'2026-01-10 12:56:15',2,'Opening stock recorded during stock taking'),
 (13060,993,0,'2026-01-10 12:56:15',2,'Opening stock recorded during stock taking'),
 (13061,942,0,'2026-01-10 12:56:15',2,'Opening stock recorded during stock taking'),
 (13062,991,33,'2026-01-10 12:56:15',2,'Opening stock recorded during stock taking'),
 (13063,943,0,'2026-01-10 12:56:15',2,'Opening stock recorded during stock taking'),
 (13064,992,43,'2026-01-10 12:56:15',2,'Opening stock recorded during stock taking'),
 (13065,988,22,'2026-01-10 12:56:15',2,'Opening stock recorded during stock taking'),
 (13066,1090,17,'2026-01-10 12:56:15',2,'Opening stock recorded during stock taking'),
 (13067,1040,0,'2026-01-10 12:56:15',2,'Opening stock recorded during stock taking'),
 (13068,939,0,'2026-01-10 12:56:15',2,'Opening stock recorded during stock taking'),
 (13069,937,1,'2026-01-10 12:56:15',2,'Opening stock recorded during stock taking'),
 (13070,938,0,'2026-01-10 12:56:15',2,'Opening stock recorded during stock taking'),
 (13071,906,0,'2026-01-10 12:56:15',2,'Opening stock recorded during stock taking'),
 (13072,1059,0,'2026-01-10 12:56:15',2,'Opening stock recorded during stock taking'),
 (13073,1071,77,'2026-01-10 12:56:15',2,'Opening stock recorded during stock taking'),
 (13074,1075,0,'2026-01-10 12:56:15',2,'Opening stock recorded during stock taking'),
 (13075,1092,0,'2026-01-10 12:56:15',2,'Opening stock recorded during stock taking'),
 (13076,1093,28,'2026-01-10 12:56:15',2,'Opening stock recorded during stock taking'),
 (13077,850,0,'2026-01-10 12:56:15',2,'Opening stock recorded during stock taking'),
 (13078,962,56,'2026-01-10 12:56:15',2,'Opening stock recorded during stock taking'),
 (13079,950,0,'2026-01-10 12:56:15',2,'Opening stock recorded during stock taking'),
 (13080,998,71,'2026-01-10 12:56:15',2,'Opening stock recorded during stock taking'),
 (13081,1089,1,'2026-01-10 12:56:15',2,'Opening stock recorded during stock taking'),
 (13082,1070,0,'2026-01-10 12:56:15',2,'Opening stock recorded during stock taking'),
 (13083,1021,30,'2026-01-10 12:56:15',2,'Opening stock recorded during stock taking'),
 (13084,1073,1,'2026-01-10 12:56:15',2,'Opening stock recorded during stock taking'),
 (13085,1016,6,'2026-01-10 12:56:15',2,'Opening stock recorded during stock taking'),
 (13086,907,0,'2026-01-10 12:56:15',2,'Opening stock recorded during stock taking'),
 (13087,963,0,'2026-01-10 12:56:15',2,'Opening stock recorded during stock taking'),
 (13088,839,0,'2026-01-10 12:56:15',2,'Opening stock recorded during stock taking'),
 (13089,1049,3,'2026-01-10 12:56:15',2,'Opening stock recorded during stock taking'),
 (13090,973,0,'2026-01-10 12:56:15',2,'Opening stock recorded during stock taking'),
 (13091,909,0,'2026-01-10 12:56:15',2,'Opening stock recorded during stock taking'),
 (13092,965,0,'2026-01-10 12:56:15',2,'Opening stock recorded during stock taking'),
 (13093,1018,0,'2026-01-10 12:56:15',2,'Opening stock recorded during stock taking'),
 (13094,1025,4,'2026-01-10 12:56:15',2,'Opening stock recorded during stock taking'),
 (13095,835,0,'2026-01-10 12:56:15',2,'Opening stock recorded during stock taking'),
 (13096,845,0,'2026-01-10 12:56:15',2,'Opening stock recorded during stock taking'),
 (13097,844,2,'2026-01-10 12:56:15',2,'Opening stock recorded during stock taking'),
 (13098,1039,0,'2026-01-10 12:56:15',2,'Opening stock recorded during stock taking'),
 (13099,902,0,'2026-01-10 12:56:15',2,'Opening stock recorded during stock taking'),
 (13100,903,0,'2026-01-10 12:56:15',2,'Opening stock recorded during stock taking'),
 (13101,1044,59,'2026-01-10 12:56:15',2,'Opening stock recorded during stock taking'),
 (13102,959,0,'2026-01-10 12:56:15',2,'Opening stock recorded during stock taking'),
 (13103,1087,3,'2026-01-10 12:56:15',2,'Opening stock recorded during stock taking'),
 (13104,958,28,'2026-01-10 12:56:15',2,'Opening stock recorded during stock taking'),
 (13105,1088,3,'2026-01-10 12:56:15',2,'Opening stock recorded during stock taking'),
 (13106,894,47,'2026-01-10 12:56:15',2,'Opening stock recorded during stock taking'),
 (13107,846,0,'2026-01-10 12:56:15',2,'Opening stock recorded during stock taking'),
 (13108,947,0,'2026-01-10 12:56:15',2,'Opening stock recorded during stock taking'),
 (13109,996,0,'2026-01-10 12:56:15',2,'Opening stock recorded during stock taking'),
 (13110,948,1,'2026-01-10 12:56:15',2,'Opening stock recorded during stock taking'),
 (13111,949,0,'2026-01-10 12:56:15',2,'Opening stock recorded during stock taking'),
 (13112,997,2,'2026-01-10 12:56:15',2,'Opening stock recorded during stock taking'),
 (13113,851,0,'2026-01-10 12:56:15',2,'Opening stock recorded during stock taking'),
 (13114,1063,0,'2026-01-10 12:56:15',2,'Opening stock recorded during stock taking'),
 (13115,892,47,'2026-01-10 12:56:15',2,'Opening stock recorded during stock taking'),
 (13116,1041,3,'2026-01-10 12:56:15',2,'Opening stock recorded during stock taking'),
 (13117,867,0,'2026-01-10 12:56:15',2,'Opening stock recorded during stock taking'),
 (13118,847,0,'2026-01-10 12:56:15',2,'Opening stock recorded during stock taking'),
 (13119,1032,0,'2026-01-10 12:56:15',2,'Opening stock recorded during stock taking'),
 (13120,854,0,'2026-01-10 12:56:15',2,'Opening stock recorded during stock taking'),
 (13121,1057,0,'2026-01-10 12:56:15',2,'Opening stock recorded during stock taking'),
 (13122,1058,0,'2026-01-10 12:56:15',2,'Opening stock recorded during stock taking'),
 (13123,1067,0,'2026-01-10 12:56:15',2,'Opening stock recorded during stock taking'),
 (13124,1034,0,'2026-01-10 12:56:15',2,'Opening stock recorded during stock taking'),
 (13125,1033,0,'2026-01-10 12:56:15',2,'Opening stock recorded during stock taking'),
 (13126,843,0,'2026-01-10 12:56:15',2,'Opening stock recorded during stock taking'),
 (13127,873,106,'2026-01-10 12:56:15',2,'Opening stock recorded during stock taking'),
 (13128,897,207,'2026-01-10 12:56:15',2,'Opening stock recorded during stock taking'),
 (13129,1050,2,'2026-01-10 12:56:15',2,'Opening stock recorded during stock taking'),
 (13130,1052,0,'2026-01-10 12:56:15',2,'Opening stock recorded during stock taking'),
 (13131,905,0,'2026-01-10 12:56:15',2,'Opening stock recorded during stock taking'),
 (13132,961,45,'2026-01-10 12:56:15',2,'Opening stock recorded during stock taking'),
 (13133,1005,25,'2026-01-10 12:56:15',2,'Opening stock recorded during stock taking'),
 (13134,1009,23,'2026-01-10 12:56:15',2,'Opening stock recorded during stock taking'),
 (13135,881,16,'2026-01-10 12:56:15',2,'Opening stock recorded during stock taking'),
 (13136,1082,2,'2026-01-10 12:56:15',2,'Opening stock recorded during stock taking'),
 (13137,916,0,'2026-01-10 12:56:15',2,'Opening stock recorded during stock taking'),
 (13138,972,60,'2026-01-10 12:56:15',2,'Opening stock recorded during stock taking'),
 (13139,978,0,'2026-01-10 12:56:15',2,'Opening stock recorded during stock taking'),
 (13140,977,0,'2026-01-10 12:56:15',2,'Opening stock recorded during stock taking'),
 (13141,920,0,'2026-01-10 12:56:15',2,'Opening stock recorded during stock taking'),
 (13142,922,0,'2026-01-10 12:56:15',2,'Opening stock recorded during stock taking'),
 (13143,921,0,'2026-01-10 12:56:15',2,'Opening stock recorded during stock taking'),
 (13144,900,0,'2026-01-10 12:56:15',2,'Opening stock recorded during stock taking'),
 (13145,956,41,'2026-01-10 12:56:15',2,'Opening stock recorded during stock taking'),
 (13146,1098,0,'2026-01-10 12:56:15',2,'Opening stock recorded during stock taking'),
 (13147,1083,11,'2026-01-10 12:56:15',2,'Opening stock recorded during stock taking'),
 (13148,849,0,'2026-01-10 12:56:15',2,'Opening stock recorded during stock taking'),
 (13149,837,6,'2026-01-10 12:56:15',2,'Opening stock recorded during stock taking'),
 (13150,898,200,'2026-01-10 12:56:15',2,'Opening stock recorded during stock taking'),
 (13151,952,0,'2026-01-10 12:56:15',2,'Opening stock recorded during stock taking'),
 (13152,1000,0,'2026-01-10 12:56:15',2,'Opening stock recorded during stock taking'),
 (13153,908,0,'2026-01-10 12:56:15',2,'Opening stock recorded during stock taking'),
 (13154,964,0,'2026-01-10 12:56:15',2,'Opening stock recorded during stock taking'),
 (13155,887,100,'2026-01-10 12:56:15',2,'Opening stock recorded during stock taking'),
 (13156,1008,23,'2026-01-10 12:56:15',2,'Opening stock recorded during stock taking'),
 (13157,1011,0,'2026-01-10 12:56:15',2,'Opening stock recorded during stock taking'),
 (13158,1053,0,'2026-01-10 12:56:15',2,'Opening stock recorded during stock taking'),
 (13159,865,0,'2026-01-10 12:56:15',2,'Opening stock recorded during stock taking'),
 (13160,1064,0,'2026-01-10 12:56:15',2,'Opening stock recorded during stock taking'),
 (13161,864,4,'2026-01-10 12:56:15',2,'Opening stock recorded during stock taking'),
 (13162,1096,1,'2026-01-10 12:56:15',2,'Opening stock recorded during stock taking'),
 (13163,1097,30,'2026-01-10 12:56:15',2,'Opening stock recorded during stock taking'),
 (13164,1065,40,'2026-01-10 12:56:15',2,'Opening stock recorded during stock taking');
INSERT INTO "order_items" ("id","order_id","product_name","quantity","price","buying_price") VALUES (54393,29003,'Corona Extra 355ml',2,70,0),
 (54394,29004,'Windhoek Draught 500ml Can',2,50,0),
 (54395,29004,'Hunters gold 330ml',1,25,0),
 (54396,29005,'Powerade 500ml',2,60,0),
 (54397,29006,'Bernini Classic 275ml',1,30,0),
 (54398,29007,'Windhoek Draught 500ml Can',2,50,0),
 (54399,29007,'Tafel bottle 330ml',1,25,0),
 (54400,29008,'Windhoek Draught 500ml Can',2,50,0),
 (54401,29009,'Windhoek Draught 500ml Can',2,50,0),
 (54402,29009,'Windhoek Draught NRB 440ml',1,25,0),
 (54403,29010,'Tafel bottle 330ml',2,50,0),
 (54404,29010,'Windhoek Draught 500ml Can',4,100,0),
 (54405,29011,'Windhoek Draught 500ml Can',2,50,0),
 (54406,29011,'Coke 300ml',2,50,0),
 (54407,29012,'Castle Lite Can 500ML',6,150,0),
 (54408,29012,'HUNTERS HARD LEMN 275ML',6,150,0),
 (54409,29012,'CARRIBEAN TWIST 275ML',1,30,0),
 (54410,29012,'Tequila Shots',4,60,0),
 (54411,29013,'Windhoek Draught NRB 440ml',6,150,0),
 (54412,29014,'Windhoek Non-ALC Original 500ml',1,25,0),
 (54413,29015,'Bernini Classic 275ml',1,30,0),
 (54414,29016,'SAVANNA CIDER DRY NRB 330ML',6,180,0),
 (54415,29016,'Windhoek Draught 500ml Can',2,50,0),
 (54416,29016,'Powerade 500ml',1,30,0),
 (54417,29017,'Windhoek Draught 500ml Can',6,150,0),
 (54418,29018,'Windhoek Draught 500ml Can',9,225,0),
 (54419,29018,'SAVANNA CIDER DRY NRB 330ML',3,90,0),
 (54420,29019,'Windhoek Draught 500ml Can',1,25,0),
 (54421,29019,'Whk Lager 440ML',1,25,0),
 (54422,29019,'Hunters Cans',1,30,0),
 (54431,29027,'Jagermeister Shots',2,60,0),
 (54432,29027,'Schweppes 200ml',1,25,0),
 (54433,29028,'Castle Lite Can/Bottle',1,25,0),
 (54434,29028,'Windhoek Draught Can/Bottle',1,25,0),
 (54435,29029,'Windhoek Draught Can/Bottle',2,50,0),
 (54436,29030,'Powerade 500ml',1,30,0),
 (54437,29030,'Lemon Clausthaler 500ml',1,30,0),
 (54438,29031,'Hunters Extreme 275ml',4,140,0),
 (54439,29031,'Castle Lite Can/Bottle',6,150,0),
 (54440,29032,'Corona Extra 355ml',1,35,0),
 (54441,29033,'Peppermint shots',1,25,0),
 (54442,29033,'Cooldrink 300ml',1,25,0),
 (54443,29034,'Corona Extra 355ml',1,35,0),
 (54444,29035,'Cooldrink 300ml',1,25,0),
 (54445,29036,'Windhoek Draught Can/Bottle',1,25,0),
 (54446,29037,'TAFEL RADLER 500ML',1,25,0),
 (54447,29038,'Flying Fish can 500ml ',1,30,0),
 (54448,29038,'Belgravia Cans 500ml',1,40,0),
 (54449,29039,'Belgravia Cans 500ml',1,40,0),
 (54450,29040,'Windhoek Draught Can/Bottle',6,150,0),
 (54451,29041,'DEAD MANS FINGER 275ML',1,30,0),
 (54452,29042,'Windhoek Draught Can/Bottle',1,25,0),
 (54453,29042,'Hunters Cans 500ml',1,30,0),
 (54454,29043,'Corona Extra 355ml',1,35,0),
 (54455,29043,'Castle Lite Can/Bottle',1,25,0),
 (54456,29044,'Windhoek Draught Can/Bottle',2,50,0),
 (54457,29045,'Windhoek Draught Can/Bottle',1,25,0),
 (54458,29046,'Schweppes 200ml',1,25,0),
 (54459,29046,'Lemon Clausthaler 500ml',1,30,0),
 (54460,29047,'Powerade 500ml',1,30,0),
 (54461,29048,'Windhoek Draught Can/Bottle',1,25,0),
 (54462,29049,'Powerade 500ml',1,30,0),
 (54463,29050,'Savannah 330ML',1,30,0),
 (54464,29051,'Savannah 330ML',1,30,0),
 (54465,29051,'LIQUI FRUIT CAN CRANBERRY 300ML',1,30,0),
 (54466,29052,'Powerade 500ml',1,30,0),
 (54467,29052,'Windhoek Draught Can/Bottle',1,25,0),
 (54468,29053,'Savannah 330ML',1,30,0),
 (54469,29053,'LIQUI FRUIT CAN CRANBERRY 300ML',1,30,0),
 (54470,29054,'RICHELIEU normal Shots',1,25,0),
 (54471,29054,'Windhoek Non Alc Can/Bottle',1,25,0),
 (54472,29055,'Windhoek Draught Can/Bottle',6,150,0),
 (54473,29056,'Windhoek Draught Can/Bottle',6,150,0),
 (54474,29057,'Jagermeister Shots',5,150,0),
 (54475,29058,'Lemon Clausthaler 500ml',3,90,0),
 (54476,29058,'Powerade 500ml',1,30,0),
 (54477,29059,'Windhoek Draught Can/Bottle',2,50,0),
 (54478,29059,'Savannah 330ML',4,120,0),
 (54479,29059,'Hunters Bottle 330ml',2,50,0),
 (54480,29060,'Pinotage Wine 2018 750ml',3,900,0),
 (54481,29060,'Castle Lite Can/Bottle',5,125,0),
 (54482,29061,'Windhoek Draught Can/Bottle',10,250,0),
 (54483,29062,'Powerade 500ml',1,30,0),
 (54484,29062,'Water 500ml',1,25,0),
 (54485,29063,'Hunters Cans 500ml',2,60,0),
 (54486,29063,'Savannah 330ML',2,60,0),
 (54487,29064,'Windhoek Draught Can/Bottle',6,150,0),
 (54488,29065,'Castle Lite Can/Bottle',1,25,0),
 (54489,29065,'Heineken bottle 330ml',1,30,0),
 (54490,29065,'Tequila Shots',3,90,0),
 (54491,29065,'Jameson irish Shots',1,30,0),
 (54492,29066,'Lemon Clausthaler 500ml',1,30,0),
 (54493,29067,'Corona Extra 355ml',1,35,0),
 (54494,29068,'Lemon Clausthaler 500ml',1,30,0),
 (54495,29069,'Castle Lite Can/Bottle',1,25,0),
 (54496,29070,'Bahama 440ml',1,35,0),
 (54497,29071,'Bernini Classic 500ml',1,35,0),
 (54498,29071,'Brutal Can 500ml',1,35,0),
 (54499,29071,'Cooldrink 300ml',1,25,0),
 (54500,29071,'RICHELIEU normal Shots',1,25,0),
 (54501,29072,'Savannah 330ML',1,30,0),
 (54502,29072,'Castle Lite Can/Bottle',1,25,0),
 (54503,29072,'Windhoek Draught Can/Bottle',1,25,0),
 (54504,29072,'Corona Extra 355ml',1,35,0),
 (54505,29072,'Tequila Shots',3,90,0),
 (54506,29073,'Windhoek Draught Can/Bottle',1,25,0),
 (54507,29073,'CARRIBEAN TWIST 275ML',1,30,0),
 (54508,29074,'Chillers Punch 440ML',1,35,0),
 (54509,29075,'Windhoek Draught Can/Bottle',2,50,0),
 (54510,29076,'Windhoek Draught Can/Bottle',2,50,0),
 (54511,29076,'Powerade 500ml',1,30,0),
 (54512,29077,'Savannah 330ML',1,30,0),
 (54513,29078,'Water 500ml',2,50,0),
 (54514,29079,'Savannah 330ML',4,120,0),
 (54515,29080,'Windhoek Draught Can/Bottle',1,25,0),
 (54516,29081,'Powerade 500ml',3,90,0),
 (54517,29081,'Hunters Extreme 275ml',2,70,0),
 (54518,29082,'Powerade 500ml',2,60,0),
 (54519,29083,'Savannah 330ML',5,150,0),
 (54520,29083,'Flying Fish can 500ml ',4,120,0),
 (54521,29084,'Windhoek Draught Can/Bottle',1,25,0),
 (54522,29085,'Belgravia Cans 500ml',2,80,0),
 (54523,29085,'Amarula shots',3,75,0),
 (54524,29085,'Water 500ml',1,25,0),
 (54525,29085,'Windhoek Non Alc Can/Bottle',2,50,0),
 (54526,29086,'JC Le roux 750ml',1,350,0),
 (54527,29086,'Bernini Classic 275ml',4,120,0),
 (54528,29086,'Tafel Can/Bottle',3,75,0),
 (54529,29086,'DEAD MANS FINGER 275ML',1,30,0),
 (54530,29086,'Powerade 500ml',2,60,0),
 (54531,29087,'Jameson irish Shots',2,60,0),
 (54532,29087,'Ciroc Vodka Shots',2,70,0),
 (54533,29087,'TAFEL RADLER 500ML',1,25,0),
 (54534,29088,'Savannah 330ML',1,30,0),
 (54535,29088,'Jagermeister Shots',1,30,0),
 (54536,29088,'Tequila Shots',1,30,0),
 (54537,29089,'Windhoek Non Alc Can/Bottle',2,50,0),
 (54538,29089,'Bahama 440ml',1,35,0),
 (54539,29089,'Chillers Punch 440ML',1,35,0),
 (54540,29090,'Windhoek Non Alc Can/Bottle',3,75,0),
 (54541,29091,'Chillers Punch 440ML',1,35,0),
 (54542,29092,'Redbull 250ml',1,35,0),
 (54543,29092,'Jack Daniel Normal Shots',1,30,0),
 (54544,29093,'Corona Extra 355ml',1,35,0),
 (54545,29093,'Hunters Bottle 330ml',1,25,0),
 (54546,29094,'Hunters Extreme 275ml',1,35,0),
 (54547,29094,'Tafel Can/Bottle',1,25,0),
 (54548,29095,'Bahama 440ml',1,35,0),
 (54549,29096,'Savannah 330ML',1,30,0),
 (54550,29096,'Tafel Can/Bottle',1,25,0),
 (54551,29097,'Windhoek Non Alc Can/Bottle',2,50,0),
 (54552,29098,'Castle Lite Can/Bottle',1,25,0),
 (54553,29098,'Windhoek Lager Can/Bottle',1,25,0),
 (54554,29099,'Redbull 250ml',1,35,0),
 (54555,29100,'Tafel Can/Bottle',1,25,0),
 (54556,29100,'Savannah 330ML',1,30,0),
 (54557,29100,'Hunters Bottle 330ml',1,25,0),
 (54558,29101,'Jack Daniel Normal Shots',2,60,0),
 (54559,29101,'Cooldrink 300ml',1,25,0),
 (54560,29102,'Appletizer 330ml',1,30,0),
 (54561,29102,'Bernini Classic 275ml',1,30,0),
 (54562,29103,'Savannah 330ML',3,90,0),
 (54563,29104,'Powerade 500ml',1,30,0),
 (54564,29105,'Windhoek Non Alc Can/Bottle',2,50,0),
 (54565,29106,'Powerade 500ml',1,30,0),
 (54566,29106,'Windhoek Non Alc Can/Bottle',1,25,0),
 (54567,29107,'Hunters Bottle 330ml',8,200,0),
 (54568,29108,'Windhoek Non Alc Can/Bottle',1,25,0),
 (54569,29108,'TAFEL RADLER 500ML',1,25,0),
 (54570,29109,'Windhoek Draught Can/Bottle',2,50,0),
 (54571,29109,'Savannah 330ML',1,30,0),
 (54572,29110,'Windhoek Draught Can/Bottle',4,100,0),
 (54573,29110,'Windhoek Lager Can/Bottle',2,50,0),
 (54574,29110,'Windhoek Non Alc Can/Bottle',4,100,0),
 (54575,29110,'Hunters Cans 500ml',2,60,0),
 (54576,29110,'Chillers Punch 440ML',3,105,0),
 (54577,29111,'Savannah 330ML',1,30,0),
 (54578,29112,'Hunters Bottle 330ml',2,50,0),
 (54579,29112,'Windhoek Draught Can/Bottle',2,50,0),
 (54580,29112,'Savannah 330ML',2,60,0),
 (54581,29113,'Windhoek Draught Can/Bottle',1,25,0),
 (54582,29113,'Savannah 330ML',1,30,0),
 (54583,29113,'Jagermeister Shots',2,60,0),
 (54584,29114,'Windhoek Draught Can/Bottle',1,25,0),
 (54585,29115,'CARRIBEAN TWIST 275ML',1,30,0),
 (54586,29116,'Windhoek Draught Can/Bottle',1,25,0),
 (54587,29116,'Savannah 330ML',1,30,0),
 (54588,29116,'Heineken bottle 330ml',1,30,0),
 (54589,29117,'Heineken bottle 330ml',1,30,0),
 (54590,29117,'Windhoek Draught Can/Bottle',1,25,0),
 (54591,29117,'Savannah 330ML',1,30,0),
 (54592,29118,'Windhoek Draught Can/Bottle',1,25,0),
 (54593,29119,'RICHELIEU 750ml',1,500,0),
 (54594,29120,'Windhoek Draught Can/Bottle',1,25,0),
 (54595,29120,'Tafel Can/Bottle',1,25,0),
 (54596,29121,'Belgravia Cans 500ml',1,40,0),
 (54597,29122,'Windhoek Draught Can/Bottle',2,50,0),
 (54598,29123,'Windhoek Draught Can/Bottle',2,50,0),
 (54599,29124,'Savannah 330ML',1,30,0),
 (54600,29124,'Windhoek Draught Can/Bottle',1,25,0),
 (54601,29125,'Windhoek Draught Can/Bottle',2,50,0),
 (54602,29125,'Windhoek Lager Can/Bottle',1,25,0),
 (54603,29125,'Carling Black Label Can 500ml',1,25,0),
 (54604,29126,'Powerade 500ml',1,30,0),
 (54605,29127,'Windhoek Draught Can/Bottle',4,100,0),
 (54606,29127,'Bernini Classic 275ml',2,60,0),
 (54607,29128,'Powerade 500ml',3,90,0),
 (54608,29128,'Chillers Punch 440ML',1,35,0),
 (54609,29128,'Windhoek Draught Can/Bottle',1,25,0),
 (54610,29129,'Savannah 330ML',1,30,0),
 (54611,29130,'Windhoek Draught Can/Bottle',1,25,0),
 (54612,29131,'Windhoek Draught Can/Bottle',12,300,0),
 (54613,29132,'Windhoek Draught Can/Bottle',3,75,0),
 (54614,29132,'Savannah 330ML',3,90,0),
 (54615,29132,'Hunters Bottle 330ml',3,75,0),
 (54616,29132,'Corona Extra 355ml',3,105,0),
 (54617,29133,'Windhoek Draught Can/Bottle',3,75,0),
 (54618,29133,'Windhoek Non Alc Can/Bottle',2,50,0),
 (54619,29134,'Powerade 500ml',1,30,0),
 (54620,29135,'Powerade 500ml',4,120,0),
 (54621,29135,'Windhoek Draught Can/Bottle',1,25,0),
 (54622,29135,'Tafel Can/Bottle',2,50,0),
 (54623,29135,'Carling Black Label Can 500ml',1,25,0),
 (54624,29136,'Windhoek Lager Can/Bottle',2,50,0),
 (54625,29137,'Windhoek Lager Can/Bottle',1,25,0),
 (54626,29138,'Windhoek Lager Can/Bottle',2,50,0),
 (54627,29139,'Tafel Can/Bottle',4,100,0),
 (54628,29140,'Windhoek Draught Can/Bottle',2,50,0),
 (54629,29141,'Savannah 330ML',4,120,0),
 (54630,29141,'Jameson irish Shots',2,60,0),
 (54631,29142,'Windhoek Draught Can/Bottle',3,75,0),
 (54632,29143,'Corona Extra 355ml',2,70,0),
 (54633,29143,'CARRIBEAN TWIST 275ML',2,60,0),
 (54634,29143,'Windhoek Non Alc Can/Bottle',2,50,0),
 (54635,29144,'Windhoek Lager Can/Bottle',1,25,0),
 (54636,29145,'Savannah 330ML',1,30,0),
 (54637,29146,'Castle Lite Can/Bottle',1,25,0),
 (54638,29147,'Powerade 500ml',1,30,0),
 (54639,29147,'Hunters Extreme 275ml',1,35,0),
 (54640,29148,'Powerade 500ml',1,30,0),
 (54641,29148,'Windhoek Lager Can/Bottle',1,25,0),
 (54642,29149,'Jameson irish Shots',2,60,0),
 (54643,29149,'Windhoek Lager Can/Bottle',1,25,0),
 (54644,29150,'Savannah 330ML',2,60,0),
 (54645,29150,'Heineken bottle 330ml',2,60,0),
 (54646,29151,'Bernini Classic 500ml',1,35,0),
 (54647,29152,'Windhoek Non Alc Can/Bottle',1,25,NULL),
 (54648,29152,'Corona Extra 355ml',1,35,NULL),
 (54649,29152,'LIQUI FRUIT CAN CRANBERRY 300ML',1,30,NULL),
 (54650,29153,'Bernini Classic 275ml',1,30,0),
 (54651,29153,'Heineken bottle 330ml',1,30,0),
 (54652,29154,'Carling Black Label Can 500ml',1,25,0),
 (54653,29155,'Savannah 330ML',1,30,0),
 (54654,29155,'Powerade 500ml',1,30,0),
 (54655,29155,'Windhoek Lager Can/Bottle',1,25,0),
 (54656,29155,'Heineken bottle 330ml',1,30,0),
 (54657,29156,'Windhoek Draught Can/Bottle',3,75,0),
 (54658,29156,'Carling Black Label Can 500ml',1,25,0),
 (54661,29158,'Bernini Classic 275ml',2,60,0),
 (54662,29158,'RICHELIEU normal Shots',2,50,0),
 (54663,29158,'Cooldrink 300ml',1,25,0),
 (54664,29159,'Hunters Extreme 275ml',1,35,0),
 (54665,29160,'Jagermeister Shots',1,30,0),
 (54666,29160,'Heineken bottle 330ml',1,30,0),
 (54667,29161,'Carling Black Label Can 500ml',2,50,0),
 (54668,29162,'Windhoek Draught Can/Bottle',1,25,0),
 (54669,29162,'Tafel Can/Bottle',1,25,0),
 (54670,29162,'Bernini Classic 500ml',1,35,0),
 (54671,29163,'Windhoek Draught Can/Bottle',1,25,0),
 (54672,29164,'Springbokkie Shots',1,40,NULL),
 (54673,29164,'Carling Black Label Can 500ml',2,50,NULL),
 (54674,29164,'Jagermeister Shots',2,60,NULL),
 (54675,29164,'Redbull 250ml',2,70,NULL),
 (54676,29164,'Bernini Classic 500ml',1,35,NULL),
 (54677,29164,'TAFEL RADLER 500ML',1,25,NULL),
 (54678,29165,'Windhoek Draught Can/Bottle',1,25,0),
 (54679,29165,'Hunters Bottle 330ml',1,25,0),
 (54680,29166,'Windhoek Draught Can/Bottle',1,25,NULL),
 (54681,29166,'Tequila Shots',2,60,NULL),
 (54682,29167,'Hunters Extreme 275ml',2,70,0),
 (54683,29167,'Windhoek Non Alc Can/Bottle',1,25,0),
 (54684,29168,'Windhoek Draught Can/Bottle',5,125,0),
 (54685,29168,'Hunters Cans 500ml',3,90,0),
 (54686,29168,'Bernini Classic 500ml',3,105,0),
 (54687,29169,'Windhoek Draught Can/Bottle',4,100,0),
 (54688,29170,'Windhoek Draught Can/Bottle',1,25,0),
 (54689,29171,'Hunters Bottle 330ml',4,100,NULL),
 (54690,29172,'Corona Extra 355ml',12,420,NULL),
 (54691,29173,'Windhoek Draught Can/Bottle',1,25,0),
 (54692,29174,'Castle Lite Can/Bottle',4,100,0),
 (54693,29175,'Savannah 330ML',1,30,0),
 (54694,29175,'Tequila Shots',2,60,0),
 (54695,29176,'Castle Lite Can/Bottle',2,50,0),
 (54696,29177,'Cooldrink 300ml',1,25,0),
 (54697,29178,'Windhoek Draught Can/Bottle',1,25,0),
 (54698,29178,'Hunters Bottle 330ml',1,25,0),
 (54699,29179,'Windhoek Draught Can/Bottle',6,150,0),
 (54700,29179,'Castle Lite Can/Bottle',2,50,0),
 (54701,29179,'Brutal Can 500ml',2,70,0),
 (54702,29180,'Castle Lite Can/Bottle',2,50,0),
 (54703,29180,'Bernini Classic 275ml',2,60,0),
 (54704,29181,'Windhoek Lager Can/Bottle',4,100,0),
 (54705,29182,'Corona Extra 355ml',1,35,0),
 (54706,29182,'Windhoek Non Alc Can/Bottle',1,25,0),
 (54707,29182,'Cooldrink 300ml',1,25,0),
 (54708,29182,'Strongbow Can 440ml',3,90,0),
 (54709,29182,'RICHELIEU normal Shots',1,25,0),
 (54710,29182,'Tequila Shots',1,30,0),
 (54711,29182,'Windhoek Draught Can/Bottle',1,25,0),
 (54712,29183,'Windhoek Non Alc Can/Bottle',1,25,0),
 (54713,29183,'Castle Lite Can/Bottle',1,25,0),
 (54714,29184,'Corona Extra 355ml',1,35,0),
 (54715,29184,'Strongbow Can 440ml',1,30,0),
 (54716,29185,'Windhoek Draught Can/Bottle',2,50,0),
 (54718,29187,'Windhoek Draught Can/Bottle',1,25,0),
 (54719,29187,'Hunters Bottle 330ml',2,50,0),
 (54720,29188,'Savannah 330ML',4,120,0),
 (54721,29188,'Hunters Extreme 275ml',4,140,0),
 (54722,29189,'CARRIBEAN TWIST 275ML',6,180,0),
 (54723,29189,'Savannah 330ML',3,90,0),
 (54724,29190,'Windhoek Draught Can/Bottle',2,50,0),
 (54725,29190,'Savannah 330ML',1,30,0),
 (54726,29190,'CARRIBEAN TWIST 275ML',2,60,0),
 (54727,29191,'Jagermeister Shots',1,30,0),
 (54728,29191,'Appletizer 330ml',1,30,0),
 (54729,29192,'Savannah 330ML',1,30,0),
 (54730,29192,'Powerade 500ml',1,30,0),
 (54731,29193,'Windhoek Draught Can/Bottle',4,100,NULL),
 (54732,29193,'Windhoek Non Alc Can/Bottle',1,25,NULL),
 (54733,29193,'Water 500ml',1,25,NULL),
 (54734,29194,'Windhoek Draught Can/Bottle',6,150,0),
 (54735,29194,'Carling Black Label Can 500ml',4,100,0),
 (54736,29194,'Hunters Bottle 330ml',2,50,0),
 (54737,29195,'LIQUI FRUIT CAN CRANBERRY 300ML',1,30,0),
 (54738,29196,'Water 500ml',1,25,0),
 (54739,29197,'Tequila Shots',6,180,0),
 (54740,29198,'Windhoek Draught Can/Bottle',4,100,0),
 (54741,29198,'Savannah 330ML',2,60,0),
 (54742,29198,'Bernini Classic 275ml',1,30,0),
 (54743,29198,'Corona Extra 355ml',1,35,0),
 (54744,29198,'Heineken bottle 330ml',1,30,0),
 (54745,29199,'Savannah 330ML',2,60,0),
 (54746,29199,'Heineken bottle 330ml',1,30,0),
 (54747,29199,'Jagermeister Shots',6,180,0),
 (54748,29200,'Carling Black Label Can 500ml',2,50,0),
 (54749,29201,'Tequila Shots',2,60,0),
 (54750,29202,'Tequila Shots',1,30,0),
 (54751,29203,'Schweppes 200ml',10,250,NULL),
 (54752,29203,'Jameson irish Shots',5,150,NULL),
 (54753,29203,'Jameson irish 750ml',1,900,NULL),
 (54754,29203,'Tequila Shots',1,30,NULL),
 (54755,29204,'Windhoek Draught Can/Bottle',2,50,0),
 (54756,29205,'Water 500ml',1,25,0),
 (54757,29205,'Windhoek Draught Can/Bottle',1,25,0),
 (54758,29206,'Tequila Shots',7,210,0),
 (54759,29207,'Heineken bottle 330ml',2,60,0),
 (54760,29207,'Jagermeister Shots',6,180,0),
 (54761,29208,'Powerade 500ml',1,30,0),
 (54762,29209,'Windhoek Draught Can/Bottle',1,25,0),
 (54763,29210,'Savannah 330ML',1,30,0),
 (54764,29211,'Windhoek Draught Can/Bottle',1,25,0),
 (54765,29212,'Savannah 330ML',1,30,0),
 (54766,29213,'Corona Extra 355ml',1,35,0),
 (54767,29213,'Heineken bottle 330ml',1,30,0),
 (54768,29214,'Windhoek Draught Can/Bottle',2,50,0),
 (54769,29214,'Brutal Can 500ml',1,35,0),
 (54770,29214,'Bernini Classic 500ml',2,70,0),
 (54771,29214,'Water 500ml',2,50,0),
 (54772,29215,'Jameson irish Shots',2,60,0),
 (54773,29215,'LIQUI FRUIT CAN CRANBERRY 300ML',1,30,0),
 (54774,29216,'Water 500ml',4,100,NULL),
 (54775,29217,'Tequila Shots',3,90,NULL),
 (54776,29218,'Savannah 330ML',2,60,0),
 (54777,29218,'Jagermeister Shots',2,60,0),
 (54778,29219,'Savannah 330ML',6,180,0),
 (54779,29220,'Windhoek Draught Can/Bottle',2,50,0),
 (54780,29220,'Water 500ml',1,25,0),
 (54781,29221,'Jagermeister Shots',2,60,NULL),
 (54782,29221,'Bernini Classic 275ml',2,60,NULL),
 (54783,29221,'Brutal Can 500ml',1,35,NULL),
 (54784,29221,'Bernini Classic 500ml',1,35,NULL),
 (54785,29222,'Savannah 330ML',6,180,0),
 (54786,29223,'Savannah 330ML',1,30,0),
 (54787,29223,'Windhoek Draught Can/Bottle',1,25,0),
 (54788,29223,'Jagermeister Shots',3,90,0),
 (54789,29223,'Brutal Can 500ml',1,35,0),
 (54790,29224,'Bernini Classic 500ml',1,35,0),
 (54791,29225,'Castle Lite Can/Bottle',4,100,0),
 (54792,29226,'Windhoek Draught Can/Bottle',1,25,0),
 (54793,29227,'Windhoek Non Alc Can/Bottle',3,75,0),
 (54794,29228,'Hunters Bottle 330ml',2,50,0),
 (54795,29228,'Flying Fish can 500ml ',2,60,0),
 (54796,29229,'Savannah 330ML',2,60,0),
 (54797,29229,'Windhoek Non Alc Can/Bottle',2,50,0),
 (54798,29229,'Bahama 440ml',1,35,0),
 (54799,29229,'Cooldrink 300ml',1,25,0),
 (54800,29230,'Bahama 440ml',1,35,0),
 (54801,29231,'Schweppes 200ml',1,25,0),
 (54802,29231,'Flying Fish can 500ml ',1,30,0),
 (54803,29232,'Hunters Bottle 330ml',2,50,0),
 (54804,29233,'Tafel Can/Bottle',6,150,0),
 (54805,29233,'Windhoek Draught Can/Bottle',1,25,0),
 (54806,29233,'Water 500ml',2,50,0),
 (54807,29234,'Hunters Bottle 330ml',1,25,0),
 (54808,29234,'LIQUI FRUIT CAN CRANBERRY 300ML',1,30,0),
 (54809,29235,'LIQUI FRUIT CAN CRANBERRY 300ML',1,30,0),
 (54810,29236,'DEAD MANS FINGER 275ML',1,30,0),
 (54811,29237,'Hunters Bottle 330ml',2,50,0),
 (54812,29238,'Tafel Can/Bottle',2,50,0),
 (54813,29239,'Jack Daniel Normal Shots',2,60,NULL),
 (54814,29239,'Schweppes 200ml',1,25,NULL),
 (54815,29239,'Jagermeister Shots',9,270,NULL),
 (54816,29239,'CARRIBEAN TWIST 275ML',4,120,NULL),
 (54817,29239,'Cactus Jack Shots',2,60,NULL),
 (54818,29239,'Hennessy Shots',2,100,NULL),
 (54819,29240,'Windhoek Draught Can/Bottle',4,100,0),
 (54820,29240,'Water 500ml',1,25,0),
 (54821,29240,'Hunters Bottle 330ml',2,50,0),
 (54822,29241,'Tequila Shots',4,120,NULL),
 (54823,29241,'Hunters Extreme 275ml',3,105,NULL),
 (54824,29241,'Savannah 330ML',1,30,NULL),
 (54825,29241,'Castle Lite Can/Bottle',1,25,NULL),
 (54826,29242,'Tafel Can/Bottle',2,50,0),
 (54827,29243,'Castle Lite Can/Bottle',4,100,0),
 (54828,29244,'Castle Lite Can/Bottle',3,75,NULL),
 (54829,29245,'Savannah 330ML',6,180,0),
 (54830,29246,'Castle Lite Can/Bottle',2,50,NULL),
 (54831,29246,'Corona Extra 355ml',2,70,NULL),
 (54832,29246,'Chillers Punch 440ML',2,70,NULL),
 (54833,29246,'Tequila Shots',3,90,NULL),
 (54834,29247,'Powerade 500ml',1,30,0),
 (54835,29248,'Windhoek Draught Can/Bottle',1,25,0),
 (54836,29248,'Windhoek Non Alc Can/Bottle',1,25,0),
 (54837,29249,'Windhoek Draught Can/Bottle',6,150,0),
 (54838,29249,'Windhoek Non Alc Can/Bottle',2,50,0),
 (54839,29250,'Windhoek Draught Can/Bottle',1,25,0),
 (54840,29251,'Windhoek Draught Can/Bottle',1,25,0),
 (54841,29252,'Windhoek Draught Can/Bottle',1,25,0),
 (54842,29253,'Castle Lite Can/Bottle',2,50,0),
 (54843,29254,'Windhoek Draught Can/Bottle',1,25,0),
 (54844,29254,'Windhoek Non Alc Can/Bottle',1,25,0),
 (54845,29255,'Tequila Shots',3,90,NULL),
 (54846,29255,'Castle Lite Can/Bottle',1,25,NULL),
 (54847,29255,'Corona Extra 355ml',1,35,NULL),
 (54848,29255,'Chillers Punch 440ML',1,35,NULL),
 (54849,29256,'Brutal Can 500ml',5,175,0),
 (54850,29256,'Water 500ml',1,25,0),
 (54851,29257,'Hunters Extreme 275ml',1,35,0),
 (54852,29257,'LIQUI FRUIT CAN CRANBERRY 300ML',1,30,0),
 (54853,29258,'Windhoek Draught Can/Bottle',2,50,0),
 (54854,29259,'Castle Lite Can/Bottle',2,50,0),
 (54855,29260,'Windhoek Draught Can/Bottle',1,25,0),
 (54856,29261,'Chillers Punch 440ML',1,35,0),
 (54857,29261,'Castle Lite Can/Bottle',1,25,0),
 (54858,29261,'Annabelle 250ml',1,40,17),
 (54859,29262,'Windhoek Draught Can/Bottle',1,25,0),
 (54860,29263,'Windhoek Draught Can/Bottle',1,25,0),
 (54861,29264,'Heineken bottle 330ml',1,30,0),
 (54862,29264,'Hunters Cans 500ml',1,30,0),
 (54863,29264,'Flying Fish can 500ml ',1,30,0),
 (54864,29264,'Tequila Shots',2,60,0),
 (54865,29265,'Windhoek Draught Can/Bottle',2,50,0),
 (54866,29265,'Hunters Cans 500ml',2,60,0),
 (54867,29266,'Redbull 250ml',1,35,0),
 (54868,29266,'Water 500ml',1,25,0),
 (54869,29267,'Savannah 330ML',1,30,0),
 (54870,29267,'Bernini Classic 275ml',1,30,0),
 (54871,29268,'Savannah 330ML',1,30,0),
 (54872,29269,'Water 500ml',1,25,0),
 (54873,29270,'Glenfiddich 15yrs Shots',4,320,0),
 (54874,29270,'LIQUI FRUIT CAN CRANBERRY 300ML',1,30,0),
 (54875,29270,'Castle Lite Can/Bottle',1,25,0),
 (54876,29270,'Jagermeister Shots',3,90,0),
 (54877,29271,'Windhoek Draught Can/Bottle',1,25,0),
 (54878,29272,'Cigarette',1,5,0),
 (54879,29273,'CARRIBEAN TWIST 275ML',1,30,0),
 (54880,29274,'Windhoek Draught Can/Bottle',1,25,0),
 (54881,29275,'Windhoek Draught Can/Bottle',2,50,0),
 (54882,29276,'Windhoek Draught Can/Bottle',1,25,0),
 (54883,29276,'Savannah 330ML',1,30,0),
 (54884,29276,'Corona Extra 355ml',1,35,0),
 (54885,29277,'Thursday Promo (6 Pack draught)',1,120,0),
 (54886,29278,'Windhoek Non Alc Can/Bottle',4,100,NULL),
 (54887,29278,'Hunters Extreme 275ml',4,140,NULL),
 (54888,29278,'Jagermeister Shots',7,210,NULL),
 (54889,29278,'Tequila Shots',3,90,NULL),
 (54890,29278,'LIQUI FRUIT CAN CRANBERRY 300ML',1,30,NULL),
 (54891,29278,'Castle Lite Can/Bottle',7,175,NULL),
 (54892,29278,'Windhoek Draught Can/Bottle',3,75,NULL),
 (54893,29279,'Castle Lite Can/Bottle',1,25,0),
 (54894,29280,'Thursday Promo (6 Pack draught)',1,120,0),
 (54895,29280,'Water 500ml',2,50,0),
 (54896,29281,'Johnny Walker blue Label Shots',1,180,0),
 (54897,29281,'Heineken bottle 330ml',3,90,0),
 (54898,29282,'Thursday Promo (6 Pack draught)',1,120,0),
 (54899,29283,'Windhoek Draught Can/Bottle',2,50,0),
 (54900,29283,'Hunters Cans 500ml',2,60,0),
 (54901,29284,'Jagermeister Shots',5,150,NULL),
 (54902,29284,'Appletizer 330ml',3,90,NULL),
 (54903,29284,'Heineken bottle 330ml',1,30,NULL),
 (54904,29284,'Castle Lite Can/Bottle',3,75,NULL),
 (54905,29284,'LIQUI FRUIT CAN CRANBERRY 300ML',1,30,NULL),
 (54906,29285,'Hunters Bottle 330ml',1,25,0),
 (54907,29286,'Water 500ml',1,25,0),
 (54908,29287,'Jagermeister Shots',2,60,0),
 (54909,29287,'Heineken bottle 330ml',2,60,0),
 (54910,29287,'Tequila Shots',3,90,0),
 (54911,29287,'Appletizer 330ml',2,60,0),
 (54912,29288,'Windhoek Draught Can/Bottle',1,25,0),
 (54913,29289,'Cooldrink 300ml',1,25,0),
 (54914,29290,'Corona Extra 355ml',1,35,0),
 (54915,29291,'Savannah 330ML',1,30,0),
 (54916,29291,'Bernini Classic 500ml',1,35,0),
 (54917,29292,'Powerade 500ml',1,30,0),
 (54918,29293,'Thursday Promo (6 Pack draught)',1,120,0),
 (54919,29294,'Thursday Promo (6 Pack draught)',1,120,0),
 (54920,29295,'CARRIBEAN TWIST 275ML',2,60,0),
 (54921,29295,'Bernini Classic 275ml',3,90,0),
 (54922,29295,'Water 500ml',1,25,0),
 (54923,29296,'Jameson irish Shots',3,90,NULL),
 (54924,29296,'Schweppes 200ml',1,25,NULL),
 (54925,29296,'Cactus Jack Shots',4,120,NULL),
 (54926,29296,'Jagermeister Shots',4,120,NULL),
 (54927,29297,'Tequila Shots',1,30,0),
 (54928,29298,'Water 500ml',1,25,0),
 (54929,29298,'Windhoek Draught Can/Bottle',1,25,0),
 (54930,29299,'Thursday Promo (6 Pack draught)',1,120,0),
 (54931,29299,'Bahama 440ml',1,35,0),
 (54932,29300,'Thursday Promo (6 Pack draught)',2,240,0),
 (54933,29301,'Jagermeister Shots',3,90,0),
 (54934,29302,'Heineken bottle 330ml',2,60,0),
 (54935,29303,'Thursday Promo (6 Pack draught)',1,120,0),
 (54936,29303,'Powerade 500ml',1,30,0),
 (54937,29304,'Jagermeister Shots',4,120,0),
 (54938,29304,'Appletizer 330ml',3,90,0),
 (54939,29304,'Windhoek Draught Can/Bottle',2,50,0),
 (54940,29304,'Castle Lite Can/Bottle',1,25,0),
 (54941,29304,'Windhoek Non Alc Can/Bottle',1,25,0),
 (54942,29305,'Windhoek Draught Can/Bottle',2,50,0),
 (54943,29305,'Savannah 330ML',2,60,0),
 (54944,29306,'Heineken bottle 330ml',4,120,0),
 (54945,29306,'Powerade 500ml',1,30,0),
 (54946,29307,'Jagermeister',1,900,0),
 (54947,29307,'Redbull 250ml',5,175,0),
 (54948,29308,'Windhoek Draught Can/Bottle',4,100,0),
 (54949,29308,'Powerade 500ml',2,60,0),
 (54950,29308,'Corona Extra 355ml',1,35,0),
 (54951,29309,'Powerade 500ml',1,30,0),
 (54952,29309,'Savannah 330ML',1,30,0),
 (54953,29310,'Windhoek Draught Can/Bottle',2,50,NULL),
 (54954,29310,'Jagermeister Shots',2,60,NULL),
 (54955,29310,'Cooldrink 300ml',1,25,NULL),
 (54956,29311,'Corona Extra 355ml',4,140,0),
 (54957,29311,'Windhoek Non Alc Can/Bottle',1,25,0),
 (54958,29311,'Powerade 500ml',1,30,0),
 (54959,29312,'Windhoek Draught Can/Bottle',1,25,0),
 (54960,29312,'Windhoek Non Alc Can/Bottle',1,25,0),
 (54961,29312,'Tafel Can/Bottle',1,25,0),
 (54962,29313,'Tequila Shots',5,150,NULL),
 (54963,29313,'Jameson irish 750ml',1,900,NULL),
 (54964,29313,'Schweppes 200ml',6,150,NULL),
 (54965,29313,'Appletizer 330ml',4,120,NULL),
 (54966,29313,'Cactus Jack Shots',3,90,NULL),
 (54967,29313,'Savannah 330ML',6,180,NULL),
 (54968,29314,'Tafel Can/Bottle',1,25,0),
 (54969,29314,'Powerade 500ml',1,30,0),
 (54970,29315,'Redbull 250ml',4,140,0),
 (54971,29315,'Savannah 330ML',2,60,0),
 (54972,29315,'Jameson irish Shots',6,180,0),
 (54973,29316,'Windhoek Draught Can/Bottle',2,50,0),
 (54974,29317,'RICHELIEU normal Shots',16,400,NULL),
 (54975,29317,'Cooldrink 300ml',6,150,NULL),
 (54976,29317,'Windhoek Draught Can/Bottle',1,25,NULL),
 (54977,29318,'Windhoek Draught Can/Bottle',2,50,0),
 (54978,29318,'DEAD MANS FINGER 275ML',1,30,0),
 (54979,29319,'Savannah 330ML',1,30,0),
 (54980,29319,'Cooldrink 300ml',1,25,0),
 (54981,29320,'Powerade 500ml',2,60,0),
 (54982,29320,'Windhoek Lager Can/Bottle',1,25,0),
 (54983,29321,'TAFEL RADLER 500ML',1,25,0),
 (54984,29322,'Powerade 500ml',1,30,0),
 (54985,29323,'Castle Lite Can/Bottle',2,50,0),
 (54986,29323,'Windhoek Lager Can/Bottle',1,25,0),
 (54987,29324,'Powerade 500ml',1,30,0),
 (54988,29324,'Tequila Shots',2,60,0),
 (54989,29325,'Castle Lite Can/Bottle',2,50,0),
 (54990,29325,'Powerade 500ml',1,30,0),
 (54991,29326,'Windhoek Draught Can/Bottle',4,100,0),
 (54992,29327,'Windhoek Draught Can/Bottle',1,25,0),
 (54993,29327,'Savannah 330ML',1,30,0),
 (54994,29327,'Powerade 500ml',1,30,0),
 (54995,29328,'Powerade 500ml',1,30,0),
 (54996,29329,'Windhoek Draught Can/Bottle',1,25,0),
 (54997,29329,'Savannah 330ML',1,30,0),
 (54998,29329,'Powerade 500ml',1,30,0),
 (54999,29330,'Cooldrink 300ml',1,25,0),
 (55000,29331,'Savannah 330ML',1,30,0),
 (55001,29331,'Powerade 500ml',1,30,0),
 (55002,29332,'Corona Extra 355ml',6,210,0),
 (55003,29333,'Windhoek Draught Can/Bottle',7,175,0),
 (55004,29333,'Corona Extra 355ml',4,140,0),
 (55005,29333,'Windhoek Non Alc Can/Bottle',1,25,0),
 (55006,29334,'Corona Extra 355ml',1,35,0),
 (55007,29335,'Corona Extra 355ml',1,35,0),
 (55008,29336,'Windhoek Draught Can/Bottle',2,50,0),
 (55009,29337,'Tequila Shots',3,90,0),
 (55010,29337,'Savannah 330ML',1,30,0),
 (55011,29338,'Jameson irish Shots',4,120,0),
 (55012,29338,'Appletizer 330ml',2,60,0),
 (55013,29338,'Castle Lite Can/Bottle',4,100,0),
 (55014,29339,'Jagermeister Shots',2,60,0),
 (55015,29339,'Tequila Shots',2,60,0),
 (55016,29340,'Savannah 330ML',1,30,0),
 (55017,29341,'Tequila Shots',6,180,0),
 (55018,29341,'Jagermeister Shots',8,240,0),
 (55019,29341,'Jameson irish Shots',2,60,0),
 (55020,29341,'Schweppes 200ml',1,25,0),
 (55021,29341,'Heineken bottle 330ml',1,30,0),
 (55022,29341,'Savannah 330ML',1,30,0),
 (55023,29342,'Windhoek Draught Can/Bottle',2,50,0),
 (55024,29343,'Powerade 500ml',1,30,0),
 (55025,29344,'Savannah 330ML',2,60,0),
 (55026,29345,'Tequila Shots',4,120,0),
 (55027,29345,'Windhoek Draught Can/Bottle',1,25,0),
 (55028,29345,'Savannah 330ML',1,30,0),
 (55029,29345,'LIQUI FRUIT CAN CRANBERRY 300ML',1,30,0),
 (55030,29345,'TAFEL RADLER 500ML',1,25,0),
 (55031,29345,'Lemon Clausthaler 500ml',1,30,0),
 (55032,29346,'Hunters Extreme 275ml',3,105,0),
 (55033,29346,'Castle Lite Can/Bottle',2,50,0),
 (55034,29346,'Hunters Bottle 330ml',2,50,0),
 (55035,29346,'Windhoek Draught Can/Bottle',1,25,0),
 (55036,29346,'Water 500ml',1,25,0),
 (55037,29347,'Windhoek Draught Can/Bottle',2,50,0),
 (55038,29348,'Savannah 330ML',1,30,0),
 (55039,29348,'Hunters Extreme 275ml',1,35,0),
 (55040,29349,'Windhoek Draught Can/Bottle',5,125,NULL),
 (55041,29349,'Corona Extra 355ml',5,175,NULL),
 (55042,29349,'Castle Lite Can/Bottle',3,75,NULL),
 (55043,29349,'Heineken bottle 330ml',6,180,NULL),
 (55044,29349,'Tequila Shots',2,60,NULL),
 (55045,29350,'Savannah 330ML',2,60,0),
 (55046,29350,'Tequila Shots',5,150,0),
 (55047,29351,'Savannah 330ML',1,30,0),
 (55048,29352,'Water 500ml',2,50,0),
 (55049,29352,'Powerade 500ml',2,60,0),
 (55050,29352,'Bernini Classic 275ml',2,60,0),
 (55051,29352,'Brutal Can 500ml',2,70,0),
 (55052,29353,'Carling Black Label Can 500ml',1,25,0),
 (55053,29353,'TAFEL RADLER 500ML',1,25,0),
 (55054,29354,'Windhoek Draught Can/Bottle',2,50,0),
 (55055,29354,'Bernini Classic 275ml',1,30,0),
 (55056,29355,'Jameson irish Shots',2,60,0),
 (55057,29355,'Schweppes 200ml',1,25,0),
 (55058,29355,'Hunters Extreme 275ml',1,35,0),
 (55059,29356,'Savannah 330ML',1,30,0),
 (55060,29357,'Lemon Clausthaler 500ml',1,30,0),
 (55061,29357,'Windhoek Draught Can/Bottle',1,25,0),
 (55062,29358,'Water 500ml',1,25,0),
 (55063,29359,'Windhoek Draught Can/Bottle',1,25,0),
 (55064,29359,'Savannah 330ML',2,60,0),
 (55065,29359,'Windhoek Lager Can/Bottle',1,25,0),
 (55066,29360,'Powerade 500ml',1,30,0),
 (55067,29361,'Savannah 330ML',1,30,0),
 (55068,29362,'Schweppes 200ml',1,25,0),
 (55069,29363,'Savannah 330ML',2,60,0),
 (55070,29364,'Savannah 330ML',2,60,0),
 (55071,29364,'Powerade 500ml',1,30,0),
 (55072,29365,'Corona Extra 355ml',3,105,NULL),
 (55073,29365,'Hunters Bottle 330ml',6,150,NULL),
 (55074,29365,'Hunters Extreme 275ml',6,210,NULL),
 (55075,29365,'Jagermeister Shots',11,330,NULL),
 (55076,29365,'Castle Lite Can/Bottle',4,100,NULL),
 (55077,29365,'Cooldrink 300ml',1,25,NULL),
 (55078,29365,'Savannah 330ML',2,60,NULL),
 (55079,29365,'LIQUI FRUIT CAN CRANBERRY 300ML',1,30,NULL),
 (55080,29365,'Jameson irish Shots',8,240,NULL),
 (55081,29365,'Schweppes 200ml',3,75,NULL),
 (55082,29365,'Tequila Shots',3,90,NULL),
 (55083,29365,'Po10c Shots',1,25,NULL),
 (55084,29365,'Powerade 500ml',2,60,NULL),
 (55085,29365,'Carling Black Label Can 500ml',1,25,NULL),
 (55086,29365,'Bernini Classic 275ml',2,60,NULL),
 (55087,29365,'CARRIBEAN TWIST 275ML',1,30,NULL),
 (55088,29366,'Jameson irish Shots',8,240,0),
 (55089,29366,'Schweppes 200ml',4,100,0),
 (55090,29366,'Carling Black Label Can 500ml',1,25,0),
 (55091,29366,'Powerade 500ml',1,30,0),
 (55092,29367,'Powerade 500ml',1,30,NULL),
 (55093,29367,'Water 500ml',1,25,NULL),
 (55098,29369,'Silk and spice 750ml',1,450,NULL),
 (55099,29369,'Water 500ml',1,25,NULL),
 (55100,29370,'Optima 750ml',1,450,0),
 (55101,29370,'Wine Glass',1,25,0),
 (55102,29370,'Springbokkie Shots',2,80,0),
 (55103,29370,'Bernini Classic 275ml',1,30,0),
 (55104,29371,'Windhoek Draught Can/Bottle',1,25,0),
 (55105,29371,'Tafel Can/Bottle',1,25,0),
 (55106,29372,'Schweppes 200ml',2,50,NULL),
 (55107,29372,'Water 500ml',4,100,NULL),
 (55108,29372,'Redbull 250ml',2,70,NULL),
 (55109,29372,'Hennessy Normal 750ml',1,1500,NULL),
 (55110,29373,'Jameson irish 750ml',1,900,NULL),
 (55111,29373,'Schweppes 200ml',7,175,NULL),
 (55112,29373,'Water 500ml',1,25,NULL),
 (55113,29374,'Hunters Extreme 275ml',1,35,0),
 (55114,29375,'Savannah 330ML',1,30,0),
 (55115,29375,'Heineken bottle 330ml',1,30,0),
 (55116,29376,'Windhoek Draught Can/Bottle',2,50,0),
 (55117,29376,'Hunters Cans 500ml',2,60,0),
 (55118,29376,'Hunters Extreme 275ml',2,70,0),
 (55119,29376,'Jagermeister Shots',1,30,0),
 (55120,29376,'Castle Lite Can/Bottle',3,75,0),
 (55121,29376,'Windhoek Non Alc Can/Bottle',1,25,0),
 (55122,29376,'Bernini Classic 500ml',8,280,0),
 (55123,29376,'Cactus Jack Shots',4,120,0),
 (55124,29376,'Appletizer 330ml',1,30,0),
 (55125,29377,'Windhoek Non Alc Can/Bottle',4,100,0),
 (55126,29378,'Powerade 500ml',1,30,0),
 (55127,29379,'CARRIBEAN TWIST 275ML',1,30,0),
 (55128,29380,'Savannah 330ML',6,180,0),
 (55129,29381,'Hunters Extreme 275ml',2,70,0),
 (55130,29381,'Water 500ml',1,25,0),
 (55131,29382,'Tafel Can/Bottle',1,25,0),
 (55132,29383,'Windhoek Draught Can/Bottle',2,50,NULL),
 (55133,29383,'Castle Lite Can/Bottle',2,50,NULL),
 (55134,29383,'Corona Extra 355ml',2,70,NULL),
 (55135,29383,'Windhoek Lager Can/Bottle',2,50,NULL),
 (55136,29383,'Savannah 330ML',2,60,NULL),
 (55137,29384,'Corona Extra 355ml',3,105,0),
 (55138,29384,'Windhoek Draught Can/Bottle',3,75,0),
 (55139,29384,'Hunters Cans 500ml',4,120,0),
 (55140,29385,'Po10c Shots',8,200,NULL),
 (55141,29385,'Hunters Extreme 275ml',2,70,NULL),
 (55142,29385,'Windhoek Draught Can/Bottle',10,250,NULL),
 (55143,29385,'Jagermeister Shots',4,120,NULL),
 (55144,29386,'Windhoek Draught Can/Bottle',6,150,0),
 (55145,29386,'Savannah 330ML',4,120,0),
 (55146,29387,'Powerade 500ml',1,30,0),
 (55147,29387,'Heineken bottle 330ml',1,30,0),
 (55148,29387,'Corona Extra 355ml',2,70,0),
 (55149,29388,'Jagermeister Shots',1,30,0),
 (55150,29389,'Windhoek Draught Can/Bottle',4,100,NULL),
 (55151,29389,'Amarula shots',2,50,NULL),
 (55152,29390,'Savannah 330ML',4,120,0),
 (55153,29390,'Tequila Shots',1,30,0),
 (55154,29391,'Corona Extra 355ml',1,35,0),
 (55155,29391,'Heineken bottle 330ml',1,30,0),
 (55156,29392,'Jagermeister Shots',3,90,0),
 (55157,29392,'Redbull 250ml',1,35,0),
 (55158,29392,'Windhoek Draught Can/Bottle',4,100,0),
 (55159,29392,'Bernini Classic 500ml',1,35,0),
 (55160,29392,'Hunters Extreme 275ml',6,210,0),
 (55161,29393,'Windhoek Draught Can/Bottle',2,50,0),
 (55162,29393,'Hunters Cans 500ml',1,30,0),
 (55163,29394,'Windhoek Draught Can/Bottle',1,25,0),
 (55164,29395,'Savannah 330ML',1,30,0),
 (55165,29395,'Powerade 500ml',1,30,0),
 (55166,29396,'Powerade 500ml',1,30,0),
 (55167,29397,'Powerade 500ml',1,30,0),
 (55168,29398,'Hunters Cans 500ml',3,90,0),
 (55169,29398,'Schweppes 200ml',2,50,0),
 (55170,29399,'Windhoek Draught Can/Bottle',1,25,0),
 (55171,29399,'LIQUI FRUIT CAN CRANBERRY 300ML',2,60,0),
 (55172,29399,'Hunters Extreme 275ml',1,35,0),
 (55173,29399,'Powerade 500ml',1,30,0),
 (55174,29400,'Jagermeister Shots',2,60,NULL),
 (55175,29401,'Windhoek Draught Can/Bottle',2,50,NULL),
 (55176,29401,'Tafel Can/Bottle',2,50,NULL),
 (55177,29401,'Heineken bottle 330ml',2,60,NULL),
 (55178,29402,'Jagermeister Shots',9,270,0),
 (55179,29402,'LIQUI FRUIT CAN CRANBERRY 300ML',4,120,0),
 (55180,29402,'Tequila Shots',1,30,0),
 (55181,29402,'Heineken bottle 330ml',2,60,0),
 (55182,29403,'Bernini Classic 500ml',1,35,0),
 (55183,29404,'Powerade 500ml',1,30,0),
 (55184,29405,'Belgravia Cans 500ml',1,40,0),
 (55185,29406,'Castle Lite Can/Bottle',6,150,0),
 (55186,29406,'Jagermeister Shots',3,90,0),
 (55187,29407,'Savannah 330ML',1,30,0),
 (55188,29408,'Castle Lite Can/Bottle',4,100,0),
 (55189,29408,'Hunters Extreme 275ml',2,70,0),
 (55190,29408,'Hunters Cans 500ml',4,120,0),
 (55191,29408,'Water 500ml',1,25,0),
 (55192,29408,'Windhoek Draught Can/Bottle',2,50,0),
 (55193,29408,'Schweppes 200ml',2,50,0),
 (55194,29409,'Windhoek Draught Can/Bottle',1,25,0),
 (55195,29410,'Windhoek Draught Can/Bottle',1,25,0),
 (55196,29410,'Powerade 500ml',1,30,0),
 (55197,29411,'Carling Black Label Can 500ml',1,25,0),
 (55198,29412,'Windhoek Draught Can/Bottle',2,50,0),
 (55199,29412,'Jagermeister Shots',1,30,0),
 (55200,29412,'Tequila Shots',1,30,0),
 (55201,29413,'Water 500ml',1,25,0),
 (55202,29414,'Corona Extra 355ml',3,105,0),
 (55203,29414,'Windhoek Lager Can/Bottle',2,50,0),
 (55204,29415,'Moet 750ml',1,2400,NULL),
 (55205,29416,'RICHELIEU 750ml',1,500,0),
 (55206,29416,'Cooldrink 300ml',3,75,0),
 (55207,29417,'Bernini Classic 275ml',6,180,0),
 (55208,29418,'Hunters Cans 500ml',1,30,0),
 (55209,29418,'Windhoek Non Alc Can/Bottle',1,25,0),
 (55210,29419,'Corona Extra 355ml',1,35,0),
 (55211,29419,'Heineken bottle 330ml',1,30,0),
 (55212,29420,'Powerade 500ml',1,30,0),
 (55213,29420,'Hunters Cans 500ml',1,30,0),
 (55214,29421,'Savannah 330ML',10,300,NULL),
 (55215,29422,'Castle Lite Can/Bottle',1,25,0),
 (55216,29422,'Windhoek Draught Can/Bottle',1,25,0),
 (55217,29423,'Jameson irish 750ml',1,900,0),
 (55218,29424,'Windhoek Draught Can/Bottle',1,25,0),
 (55219,29425,'Savannah 330ML',1,30,0),
 (55220,29426,'Savannah 330ML',1,30,0),
 (55221,29427,'Jagermeister Shots',1,30,0),
 (55222,29428,'Savannah 330ML',2,60,0);
INSERT INTO "orders" ("id","total","cash_received","created_at","cashier_id") VALUES (29003,70,80,'2025-12-27 08:20:36','juuso'),
 (29004,75,100,'2025-12-27 09:50:26','juuso'),
 (29005,60,200,'2025-12-27 09:58:10','juuso'),
 (29006,30,50,'2025-12-27 10:08:48','David'),
 (29007,75,200,'2025-12-27 10:32:55','geogina'),
 (29008,50,0,'2025-12-27 10:41:36','geogina'),
 (29009,75,0,'2025-12-27 10:47:46','geogina'),
 (29010,150,200,'2025-12-27 06:42:19','geogina'),
 (29011,100,200,'2025-12-27 06:42:39','geogina'),
 (29012,390,400,'2025-12-27 06:59:18','geogina'),
 (29013,150,150,'2025-12-27 07:06:28','juuso'),
 (29014,25,100,'2025-12-27 07:16:22','juuso'),
 (29015,30,100,'2025-12-27 07:17:04','juuso'),
 (29016,260,300,'2025-12-27 07:23:58','geogina'),
 (29017,150,200,'2025-12-27 07:25:31','geogina'),
 (29018,315,320,'2025-12-27 07:27:12','juuso'),
 (29019,80,80,'2025-12-27 07:46:19','geogina'),
 (29027,85,0,'2025-12-29 18:51:03','geogina'),
 (29028,50,50,'2025-12-29 18:51:44','geogina'),
 (29029,50,200,'2025-12-29 18:52:21','geogina'),
 (29030,60,200,'2025-12-29 19:14:30','juuso'),
 (29031,290,400,'2025-12-29 19:15:05','juuso'),
 (29032,35,0,'2025-12-29 19:15:44','juuso'),
 (29033,50,50,'2025-12-29 19:18:03','juuso'),
 (29034,35,35,'2025-12-29 19:18:34','juuso'),
 (29035,25,30,'2025-12-29 19:20:30','ruusa'),
 (29036,25,50,'2025-12-29 19:38:57','ruusa'),
 (29037,25,25,'2025-12-29 19:40:06','ruusa'),
 (29038,70,0,'2025-12-29 20:08:02','ruusa'),
 (29039,40,0,'2025-12-29 20:09:04','ruusa'),
 (29040,150,0,'2025-12-29 21:08:24','ruusa'),
 (29041,30,30,'2025-12-29 21:43:25','juuso'),
 (29042,55,100,'2025-12-30 00:24:49','ruusa'),
 (29043,60,60,'2025-12-30 16:50:56','David'),
 (29044,50,50,'2025-12-30 16:51:11','David'),
 (29045,25,25,'2025-12-30 16:51:40','David'),
 (29046,55,70,'2025-12-30 18:11:24','David'),
 (29047,30,30,'2025-12-30 18:45:45','David'),
 (29048,25,25,'2025-12-31 16:27:11','David'),
 (29049,30,50,'2025-12-31 16:49:06','David'),
 (29050,30,30,'2025-12-31 17:24:09','David'),
 (29051,60,60,'2025-12-31 17:43:42','David'),
 (29052,55,55,'2025-12-31 18:52:46','David'),
 (29053,60,60,'2025-12-31 18:53:57','David'),
 (29054,50,0,'2025-12-31 19:38:11','geogina'),
 (29055,150,200,'2025-12-31 21:52:34','geogina'),
 (29056,150,200,'2025-12-31 21:53:05','geogina'),
 (29057,150,150,'2025-12-31 21:53:39','geogina'),
 (29058,120,200,'2025-12-31 21:54:01','geogina'),
 (29059,220,220,'2025-12-31 22:01:07','geogina'),
 (29060,1025,1025,'2025-12-31 22:01:54','geogina'),
 (29061,250,0,'2025-12-31 22:19:05','geogina'),
 (29062,55,0,'2025-12-31 22:38:45','geogina'),
 (29063,120,200,'2025-12-31 22:58:55','geogina'),
 (29064,150,0,'2025-12-31 22:59:17','geogina'),
 (29065,175,200,'2025-12-31 23:20:43','geogina'),
 (29066,30,30,'2026-01-02 16:59:16','Driana'),
 (29067,35,40,'2026-01-02 21:20:04','ruusa'),
 (29068,30,50,'2026-01-02 21:20:23','ruusa'),
 (29069,25,200,'2026-01-02 21:20:37','ruusa'),
 (29070,35,50,'2026-01-02 22:54:50','ruusa'),
 (29071,120,0,'2026-01-03 20:57:22','ruusa'),
 (29072,205,205,'2026-01-03 21:41:34','geogina'),
 (29073,55,70,'2026-01-03 21:41:56','geogina'),
 (29074,35,50,'2026-01-03 21:42:13','geogina'),
 (29075,50,100,'2026-01-03 22:26:57','geogina'),
 (29076,80,80,'2026-01-03 22:49:32','geogina'),
 (29077,30,30,'2026-01-03 22:49:39','geogina'),
 (29078,50,50,'2026-01-03 22:57:59','geogina'),
 (29079,120,120,'2026-01-03 23:05:57','ruusa'),
 (29080,25,50,'2026-01-03 23:10:11','geogina'),
 (29081,160,0,'2026-01-03 23:18:36','ruusa'),
 (29082,60,0,'2026-01-03 23:20:20','ruusa'),
 (29083,270,0,'2026-01-03 23:44:36','David'),
 (29084,25,100,'2026-01-03 23:58:46','geogina'),
 (29085,230,255,'2026-01-04 00:32:08','geogina'),
 (29086,635,0,'2026-01-04 01:26:56','geogina'),
 (29087,155,0,'2026-01-04 03:01:32','geogina'),
 (29088,90,0,'2026-01-04 03:01:54','geogina'),
 (29089,120,120,'2026-01-04 16:25:26','geogina'),
 (29090,75,75,'2026-01-04 17:21:37','ruusa'),
 (29091,35,35,'2026-01-04 17:24:15','geogina'),
 (29092,65,80,'2026-01-04 17:34:42','David'),
 (29093,60,100,'2026-01-04 17:55:08','geogina'),
 (29094,60,60,'2026-01-04 18:02:47','geogina'),
 (29095,35,35,'2026-01-04 20:10:59','ruusa'),
 (29096,55,200,'2026-01-04 20:26:08','ruusa'),
 (29097,50,0,'2026-01-04 20:26:35','ruusa'),
 (29098,50,50,'2026-01-04 20:39:52','David'),
 (29099,35,35,'2026-01-04 20:40:26','David'),
 (29100,80,100,'2026-01-04 20:43:36','ferderico'),
 (29101,85,100,'2026-01-04 20:56:26','ruusa'),
 (29102,60,0,'2026-01-04 20:58:45','ruusa'),
 (29103,90,90,'2026-01-04 21:06:22','geogina'),
 (29104,30,30,'2026-01-04 21:13:17','ruusa'),
 (29105,50,50,'2026-01-04 21:25:27','ruusa'),
 (29106,55,55,'2026-01-04 21:25:40','ruusa'),
 (29107,200,200,'2026-01-04 21:38:18','geogina'),
 (29108,50,0,'2026-01-04 22:05:43','ruusa'),
 (29109,80,100,'2026-01-04 22:17:56','geogina'),
 (29110,415,430,'2026-01-04 22:29:19','geogina'),
 (29111,30,30,'2026-01-04 22:36:00','ferderico'),
 (29112,160,0,'2026-01-04 22:40:14','ruusa'),
 (29113,115,0,'2026-01-04 22:50:36','ferderico'),
 (29114,25,30,'2026-01-04 22:55:34','ruusa'),
 (29115,30,0,'2026-01-04 22:58:43','ferderico'),
 (29116,85,85,'2026-01-04 23:02:52','ruusa'),
 (29117,85,0,'2026-01-04 23:03:09','ruusa'),
 (29118,25,100,'2026-01-04 23:10:34','ruusa'),
 (29119,500,0,'2026-01-04 23:17:23','ruusa'),
 (29120,50,50,'2026-01-04 23:29:39','Driana'),
 (29121,40,40,'2026-01-04 23:30:01','Driana'),
 (29122,50,50,'2026-01-04 23:30:33','Driana'),
 (29123,50,0,'2026-01-04 23:44:11','David'),
 (29124,55,55,'2026-01-04 23:44:34','David'),
 (29125,100,100,'2026-01-04 23:45:12','David'),
 (29126,30,30,'2026-01-04 23:49:30','ruusa'),
 (29127,160,160,'2026-01-05 00:07:25','ferderico'),
 (29128,150,150,'2026-01-05 00:16:19','ruusa'),
 (29129,30,30,'2026-01-05 00:31:33','ruusa'),
 (29130,25,100,'2026-01-05 00:35:11','ruusa'),
 (29131,300,300,'2026-01-05 00:42:13','geogina'),
 (29132,345,360,'2026-01-05 00:44:54','ruusa'),
 (29133,125,200,'2026-01-05 00:52:18','David'),
 (29134,30,30,'2026-01-05 00:54:35','David'),
 (29135,220,220,'2026-01-05 15:51:19','juuso'),
 (29136,50,0,'2026-01-05 15:53:17','juuso'),
 (29137,25,25,'2026-01-05 15:53:30','juuso'),
 (29138,50,0,'2026-01-05 16:48:42','juuso'),
 (29139,100,0,'2026-01-05 16:49:10','juuso'),
 (29140,50,50,'2026-01-05 18:39:30','juuso'),
 (29141,180,0,'2026-01-05 18:45:42','juuso'),
 (29142,75,75,'2026-01-05 19:01:06','juuso'),
 (29143,180,200,'2026-01-05 19:22:32','ruusa'),
 (29144,25,50,'2026-01-05 19:33:17','Driana'),
 (29145,30,30,'2026-01-05 19:37:23','Driana'),
 (29146,25,200,'2026-01-05 20:15:05','ruusa'),
 (29147,65,100,'2026-01-05 20:24:50','ruusa'),
 (29148,55,0,'2026-01-05 20:35:17','ferderico'),
 (29149,85,0,'2026-01-05 20:36:25','ferderico'),
 (29150,120,120,'2026-01-05 21:43:02','Driana'),
 (29151,35,35,'2026-01-05 23:16:50','Driana'),
 (29152,90,90,'2026-01-05 23:34:22','ruusa'),
 (29153,60,0,'2026-01-05 23:35:25','ruusa'),
 (29154,25,25,'2026-01-05 23:53:30','ruusa'),
 (29155,115,115,'2026-01-06 00:22:44','ruusa'),
 (29156,100,0,'2026-01-06 00:38:06','ruusa'),
 (29158,135,135,'2026-01-06 01:05:15','ferderico'),
 (29159,35,0,'2026-01-06 01:07:05','ruusa'),
 (29160,60,0,'2026-01-06 01:07:37','ruusa'),
 (29161,50,50,'2026-01-06 01:18:20','ferderico'),
 (29162,85,85,'2026-01-06 01:19:09','ruusa'),
 (29163,25,25,'2026-01-06 01:23:08','ferderico'),
 (29164,280,0,'2026-01-06 01:31:27','Driana'),
 (29165,50,50,'2026-01-06 02:05:15','ferderico'),
 (29166,85,0,'2026-01-06 02:12:26','ruusa'),
 (29167,95,100,'2026-01-06 02:16:49','ruusa'),
 (29168,320,0,'2026-01-06 02:23:33','ruusa'),
 (29169,100,0,'2026-01-06 02:36:03','ferderico'),
 (29170,25,25,'2026-01-06 02:40:07','ferderico'),
 (29171,100,100,'2026-01-06 02:53:36','ruusa'),
 (29172,420,420,'2026-01-06 02:56:48','Driana'),
 (29173,25,25,'2026-01-06 02:58:46','Driana'),
 (29174,100,100,'2026-01-06 13:20:38','David'),
 (29175,90,200,'2026-01-06 14:46:58','juuso'),
 (29176,50,50,'2026-01-06 15:20:10','David'),
 (29177,25,0,'2026-01-06 15:53:52','David'),
 (29178,50,50,'2026-01-06 15:55:22','David'),
 (29179,270,0,'2026-01-06 16:54:50','David'),
 (29180,110,120,'2026-01-06 16:59:41','David'),
 (29181,100,0,'2026-01-06 17:02:26','David'),
 (29182,255,0,'2026-01-06 18:44:56','David'),
 (29183,50,50,'2026-01-06 19:03:11','David'),
 (29184,65,65,'2026-01-06 19:04:10','David'),
 (29185,50,200,'2026-01-06 19:05:55','geogina'),
 (29187,75,100,'2026-01-06 19:50:27','ruusa'),
 (29188,260,260,'2026-01-06 20:05:16','ruusa'),
 (29189,270,0,'2026-01-06 20:18:29','ruusa'),
 (29190,140,0,'2026-01-06 21:31:37','ruusa'),
 (29191,60,100,'2026-01-06 21:54:34','ruusa'),
 (29192,60,100,'2026-01-06 22:57:07','ruusa'),
 (29193,150,150,'2026-01-06 23:04:05','ruusa'),
 (29194,300,300,'2026-01-06 23:39:28','Driana'),
 (29195,30,30,'2026-01-06 23:46:44','Driana'),
 (29196,25,25,'2026-01-06 23:58:18','ruusa'),
 (29197,180,0,'2026-01-07 00:06:32','Driana'),
 (29198,255,285,'2026-01-07 00:15:05','ruusa'),
 (29199,270,270,'2026-01-07 00:18:48','ruusa'),
 (29200,50,0,'2026-01-07 00:23:23','ruusa'),
 (29201,60,60,'2026-01-07 00:27:34','Driana'),
 (29202,30,30,'2026-01-07 00:27:48','Driana'),
 (29203,1330,0,'2026-01-07 00:43:29','ruusa'),
 (29204,50,0,'2026-01-07 00:46:43','ruusa'),
 (29205,50,100,'2026-01-07 00:49:30','Driana'),
 (29206,210,220,'2026-01-07 00:52:43','Driana'),
 (29207,240,0,'2026-01-07 00:55:38','Driana'),
 (29208,30,0,'2026-01-07 00:58:49','ruusa'),
 (29209,25,25,'2026-01-07 00:59:42','Driana'),
 (29210,30,30,'2026-01-07 01:07:23','ruusa'),
 (29211,25,25,'2026-01-07 01:08:18','ruusa'),
 (29212,30,200,'2026-01-07 01:12:48','ruusa'),
 (29213,65,100,'2026-01-07 01:27:20','ruusa'),
 (29214,205,205,'2026-01-07 01:30:36','ruusa'),
 (29215,90,200,'2026-01-07 01:40:46','ruusa'),
 (29216,100,100,'2026-01-07 01:43:08','ruusa'),
 (29217,90,90,'2026-01-07 01:55:24','ruusa'),
 (29218,120,120,'2026-01-07 02:04:42','ruusa'),
 (29219,180,180,'2026-01-07 02:13:16','Driana'),
 (29220,75,100,'2026-01-07 02:20:01','ruusa'),
 (29221,190,0,'2026-01-07 02:28:07','Driana'),
 (29222,180,200,'2026-01-07 02:37:18','Driana'),
 (29223,180,0,'2026-01-07 02:47:54','ruusa'),
 (29224,35,35,'2026-01-07 02:58:23','Driana'),
 (29225,100,100,'2026-01-07 11:28:28','juuso'),
 (29226,25,50,'2026-01-07 11:40:53','juuso'),
 (29227,75,100,'2026-01-07 12:09:56','juuso'),
 (29228,110,110,'2026-01-07 14:04:23','juuso'),
 (29229,170,170,'2026-01-07 14:23:03','juuso'),
 (29230,35,0,'2026-01-07 14:29:22','juuso'),
 (29231,55,100,'2026-01-07 14:45:41','juuso'),
 (29232,50,50,'2026-01-07 14:48:55','juuso'),
 (29233,225,0,'2026-01-07 15:15:04','juuso'),
 (29234,55,55,'2026-01-07 15:39:36','juuso'),
 (29235,30,30,'2026-01-07 16:01:18','juuso'),
 (29236,30,30,'2026-01-07 16:45:22','juuso'),
 (29237,50,50,'2026-01-07 16:47:16','juuso'),
 (29238,50,0,'2026-01-07 16:54:20','juuso'),
 (29239,635,0,'2026-01-07 17:53:45','Driana'),
 (29240,175,175,'2026-01-07 18:20:16','Driana'),
 (29241,280,280,'2026-01-07 18:27:11','Driana'),
 (29242,50,50,'2026-01-07 18:53:32','ferderico'),
 (29243,100,100,'2026-01-07 19:21:34','ferderico'),
 (29244,75,0,'2026-01-07 20:16:03','Driana'),
 (29245,180,200,'2026-01-07 20:36:35','Driana'),
 (29246,280,280,'2026-01-07 20:40:21','Driana'),
 (29247,30,30,'2026-01-07 20:47:22','ferderico'),
 (29248,50,50,'2026-01-07 20:48:11','ferderico'),
 (29249,200,0,'2026-01-07 20:49:46','ferderico'),
 (29250,25,25,'2026-01-07 21:03:03','ferderico'),
 (29251,25,25,'2026-01-07 21:25:33','ferderico'),
 (29252,25,25,'2026-01-07 21:41:45','Driana'),
 (29253,50,50,'2026-01-07 21:42:17','ferderico'),
 (29254,50,50,'2026-01-07 21:42:41','Driana'),
 (29255,185,185,'2026-01-07 22:03:00','Driana'),
 (29256,200,0,'2026-01-07 22:18:44','ferderico'),
 (29257,65,65,'2026-01-07 22:23:53','ferderico'),
 (29258,50,50,'2026-01-07 22:32:13','ferderico'),
 (29259,50,50,'2026-01-07 22:32:32','ferderico'),
 (29260,25,25,'2026-01-07 22:32:43','ferderico'),
 (29261,100,0,'2026-01-07 22:35:12','ferderico'),
 (29262,25,25,'2026-01-07 22:43:15','ferderico'),
 (29263,25,25,'2026-01-07 23:09:13','ferderico'),
 (29264,150,200,'2026-01-07 23:12:02','Driana'),
 (29265,110,0,'2026-01-07 23:15:38','ferderico'),
 (29266,60,0,'2026-01-07 23:39:44','Driana'),
 (29267,60,200,'2026-01-07 23:43:13','Driana'),
 (29268,30,100,'2026-01-07 23:56:37','Driana'),
 (29269,25,25,'2026-01-08 00:27:15','Driana'),
 (29270,465,0,'2026-01-08 01:16:30','Driana'),
 (29271,25,25,'2026-01-08 01:16:56','Driana'),
 (29272,5,5,'2026-01-08 15:22:43','juuso'),
 (29273,30,30,'2026-01-08 15:42:59','juuso'),
 (29274,25,25,'2026-01-08 16:44:52','juuso'),
 (29275,50,50,'2026-01-08 17:09:59','geogina'),
 (29276,90,5,'2026-01-08 17:46:43','geogina'),
 (29277,120,20,'2026-01-08 17:55:35','David'),
 (29278,820,0,'2026-01-08 18:08:05','geogina'),
 (29279,25,25,'2026-01-08 18:16:41','David'),
 (29280,170,0,'2026-01-08 18:25:20','geogina'),
 (29281,270,300,'2026-01-08 18:41:25','geogina'),
 (29282,120,120,'2026-01-08 19:03:19','geogina'),
 (29283,110,110,'2026-01-08 19:17:09','ferderico'),
 (29284,375,0,'2026-01-08 19:33:43','geogina'),
 (29285,25,50,'2026-01-08 19:42:10','geogina'),
 (29286,25,25,'2026-01-08 19:54:35','ferderico'),
 (29287,270,0,'2026-01-08 20:27:15','geogina'),
 (29288,25,30,'2026-01-08 20:41:37','David'),
 (29289,25,25,'2026-01-08 21:00:29','ferderico'),
 (29290,35,35,'2026-01-08 21:07:06','ferderico'),
 (29291,65,65,'2026-01-08 21:40:59','ferderico'),
 (29292,30,40,'2026-01-08 21:43:54','David'),
 (29293,120,0,'2026-01-08 22:32:56','ferderico'),
 (29294,120,0,'2026-01-08 22:33:10','ferderico'),
 (29295,175,0,'2026-01-08 22:34:35','ferderico'),
 (29296,355,0,'2026-01-08 22:37:27','geogina'),
 (29297,30,0,'2026-01-08 22:37:43','geogina'),
 (29298,50,50,'2026-01-08 22:38:04','geogina'),
 (29299,155,200,'2026-01-08 22:49:22','David'),
 (29300,240,0,'2026-01-08 22:51:09','ferderico'),
 (29301,90,90,'2026-01-08 22:51:38','ferderico'),
 (29302,60,60,'2026-01-08 22:52:16','ferderico'),
 (29303,150,0,'2026-01-08 23:04:02','David'),
 (29304,310,0,'2026-01-08 23:15:02','David'),
 (29305,110,0,'2026-01-08 23:15:38','David'),
 (29306,150,0,'2026-01-08 23:18:02','David'),
 (29307,1075,1100,'2026-01-08 23:19:36','geogina'),
 (29308,195,0,'2026-01-08 23:26:55','David'),
 (29309,60,60,'2026-01-08 23:28:48','ferderico'),
 (29310,135,0,'2026-01-08 23:34:58','geogina'),
 (29311,195,200,'2026-01-08 23:39:02','ferderico'),
 (29312,75,0,'2026-01-08 23:43:46','David'),
 (29313,1590,1590,'2026-01-09 00:17:29','geogina'),
 (29314,55,0,'2026-01-09 00:21:04','ferderico'),
 (29315,380,0,'2026-01-09 00:29:21','David'),
 (29316,50,50,'2026-01-09 00:51:38','David'),
 (29317,575,575,'2026-01-09 00:52:39','geogina'),
 (29318,80,100,'2026-01-09 13:41:03','geogina'),
 (29319,55,0,'2026-01-09 13:41:33','geogina'),
 (29320,85,200,'2026-01-09 16:02:06','David'),
 (29321,25,25,'2026-01-09 16:02:17','David'),
 (29322,30,30,'2026-01-09 17:04:04','David'),
 (29323,75,200,'2026-01-09 17:25:42','David'),
 (29324,90,200,'2026-01-09 17:25:56','David'),
 (29325,80,0,'2026-01-09 17:38:00','ferderico'),
 (29326,100,100,'2026-01-09 17:49:20','ferderico'),
 (29327,85,100,'2026-01-09 18:03:38','geogina'),
 (29328,30,100,'2026-01-09 18:37:55','David'),
 (29329,85,85,'2026-01-09 18:38:26','geogina'),
 (29330,25,25,'2026-01-09 19:02:20','ferderico'),
 (29331,60,100,'2026-01-09 19:46:00','Driana'),
 (29332,210,0,'2026-01-09 19:59:18','Driana'),
 (29333,340,0,'2026-01-09 20:07:00','David'),
 (29334,35,200,'2026-01-09 20:07:21','Driana'),
 (29335,35,50,'2026-01-09 20:10:23','Driana'),
 (29336,50,0,'2026-01-09 20:16:23','ferderico'),
 (29337,120,120,'2026-01-09 20:17:07','ferderico'),
 (29338,280,0,'2026-01-09 20:18:31','ferderico'),
 (29339,120,0,'2026-01-09 20:19:56','geogina'),
 (29340,30,30,'2026-01-09 20:29:17','ferderico'),
 (29341,565,0,'2026-01-09 21:43:05','David'),
 (29342,50,50,'2026-01-09 21:48:44','ferderico'),
 (29343,30,30,'2026-01-09 21:48:54','ferderico'),
 (29344,60,60,'2026-01-09 21:49:10','ferderico'),
 (29345,260,400,'2026-01-09 22:11:06','geogina'),
 (29346,255,0,'2026-01-09 22:20:14','David'),
 (29347,50,50,'2026-01-09 22:29:08','Driana'),
 (29348,65,200,'2026-01-09 22:31:00','Driana'),
 (29349,615,0,'2026-01-09 22:49:06','Driana'),
 (29350,210,0,'2026-01-09 22:55:36','David'),
 (29351,30,30,'2026-01-09 22:59:51','ferderico'),
 (29352,240,0,'2026-01-09 23:00:39','ferderico'),
 (29353,50,50,'2026-01-09 23:01:06','ferderico'),
 (29354,80,80,'2026-01-09 23:01:34','ferderico'),
 (29355,120,0,'2026-01-09 23:02:23','geogina'),
 (29356,30,30,'2026-01-09 23:03:18','geogina'),
 (29357,55,60,'2026-01-09 23:05:14','geogina'),
 (29358,25,50,'2026-01-09 23:09:16','Driana'),
 (29359,110,110,'2026-01-09 23:13:58','David'),
 (29360,30,30,'2026-01-09 23:14:20','David'),
 (29361,30,30,'2026-01-09 23:14:30','David'),
 (29362,25,25,'2026-01-09 23:19:07','ferderico'),
 (29363,60,60,'2026-01-09 23:19:43','ferderico'),
 (29364,90,200,'2026-01-09 23:28:06','David'),
 (29365,1615,1615,'2026-01-09 23:38:01','geogina'),
 (29366,395,0,'2026-01-10 00:01:51','David'),
 (29367,55,0,'2026-01-10 00:05:26','Driana'),
 (29369,475,0,'2026-01-10 00:43:27','Driana'),
 (29370,585,0,'2026-01-10 00:46:32','geogina'),
 (29371,50,0,'2026-01-10 00:46:47','geogina'),
 (29372,1720,0,'2026-01-10 00:51:33','Driana'),
 (29373,1100,0,'2026-01-10 00:55:50','Driana'),
 (29374,35,100,'2026-01-10 15:56:19','David'),
 (29375,60,60,'2026-01-10 17:55:58','David'),
 (29376,740,800,'2026-01-10 18:01:45','David'),
 (29377,100,0,'2026-01-10 18:03:36','David'),
 (29378,30,50,'2026-01-10 18:16:15','geogina'),
 (29379,30,30,'2026-01-10 18:46:43','David'),
 (29380,180,200,'2026-01-10 18:47:24','geogina'),
 (29381,95,0,'2026-01-10 19:41:57','Driana'),
 (29382,25,25,'2026-01-10 19:48:08','Driana'),
 (29383,280,0,'2026-01-10 19:56:42','geogina'),
 (29384,300,300,'2026-01-10 19:59:18','Driana'),
 (29385,640,0,'2026-01-10 20:00:41','geogina'),
 (29386,270,270,'2026-01-10 20:16:46','ferderico'),
 (29387,130,130,'2026-01-10 20:17:39','ferderico'),
 (29388,30,30,'2026-01-10 20:25:00','ferderico'),
 (29389,150,150,'2026-01-10 20:39:15','geogina'),
 (29390,150,200,'2026-01-10 20:42:13','David'),
 (29391,65,200,'2026-01-10 20:45:10','David'),
 (29392,470,500,'2026-01-10 20:49:23','David'),
 (29393,80,100,'2026-01-10 20:56:30','geogina'),
 (29394,25,25,'2026-01-10 21:15:02','ferderico'),
 (29395,60,200,'2026-01-10 21:16:41','David'),
 (29396,30,30,'2026-01-10 21:27:47','David'),
 (29397,30,30,'2026-01-10 21:37:09','geogina'),
 (29398,140,0,'2026-01-10 21:44:00','David'),
 (29399,150,0,'2026-01-10 21:52:39','David'),
 (29400,60,0,'2026-01-10 21:55:15','geogina'),
 (29401,160,0,'2026-01-10 21:57:01','geogina'),
 (29402,480,0,'2026-01-10 22:06:19','David'),
 (29403,35,50,'2026-01-10 22:07:08','David'),
 (29404,30,200,'2026-01-10 22:16:31','David'),
 (29405,40,0,'2026-01-10 22:16:42','David'),
 (29406,240,240,'2026-01-10 22:32:42','David'),
 (29407,30,0,'2026-01-10 22:32:49','David'),
 (29408,415,0,'2026-01-10 22:35:10','David'),
 (29409,25,25,'2026-01-10 22:55:04','David'),
 (29410,55,100,'2026-01-10 23:02:15','David'),
 (29411,25,25,'2026-01-10 23:07:55','David'),
 (29412,110,0,'2026-01-10 23:14:30','David'),
 (29413,25,0,'2026-01-10 23:14:53','David'),
 (29414,155,200,'2026-01-10 23:37:26','David'),
 (29415,2400,0,'2026-01-10 23:41:16','Driana'),
 (29416,575,0,'2026-01-10 23:45:03','geogina'),
 (29417,180,0,'2026-01-10 23:45:16','geogina'),
 (29418,55,200,'2026-01-10 23:57:32','David'),
 (29419,65,65,'2026-01-11 00:15:20','Driana'),
 (29420,60,60,'2026-01-11 00:18:57','David'),
 (29421,300,0,'2026-01-11 01:02:09','Driana'),
 (29422,50,50,'2026-01-11 01:24:41','ferderico'),
 (29423,900,1200,'2026-01-11 15:34:44','Cashier'),
 (29424,25,100,'2026-01-11 15:36:55','Cashier'),
 (29425,30,200,'2026-01-11 15:45:31','Cashier'),
 (29426,30,200,'2026-01-11 15:45:37','Cashier'),
 (29427,30,0,'2026-01-11 15:46:43','Cashier'),
 (29428,60,0,'2026-01-11 15:46:54','Cashier');
INSERT INTO "product_settings" ("id","show_all_products","default_print_receipt","show_stock_info","hide_available_quantity") VALUES (1,1,0,0,0);
INSERT INTO "products" ("id","name","quantity","price","buying_price","image_url","restock_level","capacity","expiry_date","barcode","discount_start","discount_end","category","discount") VALUES (835,'Moët black 750ML',0,2200,0,'69490c070a13e.png',3,'','','','','','Champagne',0.0),
 (837,'Veuve Cliquot Rich 750ml',6,2500,0,'685442c26540b.png',0,'','','3049614222245','','','Champagne',0.0),
 (838,'Don Perion 750ml',0,4500,0,'6949e22e3dbd4.png',0,'','','','','','Champagne',0.0),
 (839,'Luc Belaire Rare Rose 750ml',0,1200,0,'684b3464ccd17.png',0,'','','',NULL,NULL,'Wine',0.0),
 (840,'GRAHAM BECK BLISS NECTAR NV 750ML',1,450,0,'6949e238b90ed.png',0,'','','6004867000108','','','Champagne',0.0),
 (841,'JC Le roux 750ml',2,350,0,'69490c326a282.png',0,'','','','','','Wine',0.0),
 (842,'Alto Rouge 750 ml',2,350,0,'69495454395b8.png',0,'','','','','','Wine',0.0),
 (843,'SUNKISSED 750M',0,300,0,'684b358ea658a.png',0,'','','',NULL,NULL,'Wine',0.0),
 (844,'Nederburg barone 750ml',2,300,0,'684b36334076b.png',0,'','','',NULL,NULL,'Wine',0.0),
 (845,'Nederburg Shiraz 750ml',0,300,0,'684b368a1cc74.png',0,'','','',NULL,NULL,'Wine',0.0),
 (846,'Protea 750ml',0,300,0,'684b36b9bad5f.png',0,'','','',NULL,NULL,'Wine',0.0),
 (847,'Rupert  ROTHSCHILD RED 750ml',0,600,0,'68543f98c8563.png',0,'','','6009800071863','','','Wine',0.0),
 (848,'Drostdy 750ml',1,300,0,'684b3718603f3.png',0,'','','',NULL,NULL,'Wine',0.0),
 (849,'VAN LOVEREN 750ml',0,300,0,'684b374c95d43.png',0,'','','',NULL,NULL,'Wine',0.0),
 (850,'Kaddette 750ml',0,450,0,'684b377625f79.png',0,'','','',NULL,NULL,'Wine',0.0),
 (851,'Raborie Pineu 750ml',0,350,0,'684b379a5b466.png',0,'','','',NULL,NULL,'Wine',0.0),
 (854,'Ruth & R Blue 750ml',0,1200,0,'684b39b5933ba.png',0,'','','',NULL,NULL,'Wine',0.0),
 (864,'simoinisiong 750ml',4,450,0,'685440cc40f85.png',0,'','','','','','Wine',0.0),
 (865,'Zandvliet Shiraz',0,400,0,'684b9e71a48a8.png',0,'','','',NULL,NULL,'Wine',0.0),
 (867,'Roodeberg Classic Blend Red Wine Bottle 750ml',0,300,0,'684ba052cf760.png',0,'','','',NULL,NULL,'Wine',0.0),
 (868,'Hunters Extreme 275ml',75,35,0,'692164d3bfd88.png',0,'','','6001108097217','','','Cider',0.0),
 (869,'Hunters Cans 500ml',68,30,0,'6921848bf34db.png',0,'','','','','','Cider',0.0),
 (870,'Hunters Bottle 330ml',26,25,0,'692893aa5d19e.png',0,'','','6001108055231','','','Cider',0.0),
 (871,'Belgravia Cans 500ml',34,40,0,'6921620bcb374.png',0,'','','6009694723916','','','Cider',0.0),
 (873,'Savannah 330ML',162,30,0,'695d412d8016e.png',0,'','','6001108028044','','','Cider',0.0),
 (879,'Corona Extra 355ml',28,35,0,'692893c7d9948.png',0,'','','6003326014526','','','Beer',0.0),
 (880,'Heineken Can 500ml',24,35,0,'684ba5b46f985.png',0,'','','',NULL,NULL,'Beer',0.0),
 (881,'Tafel Can/Bottle',36,25,0,'6921678932d2b.png',0,'','','6001760005940','','','Beer',0.0),
 (884,'Castle Lite Can/Bottle',37,25,0,'69490c7e0023e.png',0,'','','6003326011938','','','Beer',0.0),
 (886,'Carling Black Label Can 500ml',44,25,0,'69490ca24eea2.png',0,'','','','','','Beer',0.0),
 (887,'Windhoek Draught Can/Bottle',175,25,0,'694f6fe2cff38.png',0,'','','6001760007715','2025-12-27','2025-12-27','Beer',30.0),
 (890,'Heineken bottle 330ml',32,25,0,'696366ef497af.png',0,'','','6009801472102','','','Beer',0.0),
 (892,'Redbull 250ml',43,35,0,'692166119964a.png',0,'','','90162602','','','Energy Drinks',0.0),
 (893,'Appletizer 330ml',2,30,0,'69490cc61e1ec.png',0,'','','','','','Soft Drinks',0.0),
 (894,'Powerade 500ml',81,30,0,'692893ead214f.png',0,'','','54490482','','','Energy Drinks',0.0),
 (896,'Cooldrink 300ml',33,25,0,'692893f616436.png',0,'','','5449000256805','','','Soft Drinks',0.0),
 (897,'Schweppes 200ml',174,25,0,'69490cee6c524.png',0,'','','5449000046581','','','Soft Drinks',0.0),
 (898,'Water 500ml',187,25,0,'6949e17d2912f.png',0,'','','90492853','','','Water',0.0),
 (899,'Jagermeister',3,900,0,'684bac0e6f413.png',0,'','','',NULL,NULL,'Liqueur',0.0),
 (900,'Tequila',3,900,0,'684bad0846089.png',0,'','','',NULL,NULL,'Tequila',0.0),
 (901,'Cactus Jack 750ml',0,750,0,'684bad3f769d4.png',0,'','','',NULL,NULL,'Liqueur',0.0),
 (902,'PO-10-C 750ml',0,750,0,'68d856b985d6d.png',0,'','','','','','Liqueur',0.0),
 (903,'Peppermint Bottle 750ml',0,750,0,'684baddfcf967.png',0,'','','',NULL,NULL,'Liqueur',0.0),
 (904,'Amarula 750ml',0,750,0,'684bae33e83e6.png',0,'','','',NULL,NULL,'Liqueur',0.0),
 (905,'Strawberrylips 750ml',0,750,0,'684bae607797f.png',0,'','','',NULL,NULL,'Liqueur',0.0),
 (906,'KAHLUA LIQUEUR 750ML',0,900,0,'684baebc98f4a.png',0,'','','',NULL,NULL,'Liqueur',0.0),
 (907,'Lime/ Passionfruit 750ml',0,300,0,'684baefa6dc84.png',0,'','','',NULL,NULL,'Liqueur',0.0),
 (908,'Wild Africa 750ml',0,750,0,'684baf2cbeeb0.png',0,'','','',NULL,NULL,'Liqueur',0.0),
 (909,'Malibu 750ml',0,750,0,'684baf746fc11.png',0,'','','',NULL,NULL,'Liqueur',0.0),
 (910,'Cruz Vodka 750ml',0,1050,0,'684bafb234ab0.png',0,'','','',NULL,NULL,'Vodka',0.0),
 (911,'Absolute Vodka 750ml',0,1050,0,'684bafdb68668.png',0,'','','',NULL,NULL,'Vodka',0.0),
 (912,'Ciroc Vodka 750ml Bottle',0,1050,0,'684bb01abe8d3.png',0,'','','',NULL,NULL,'Vodka',0.0),
 (913,'Ciroc Apple 750ml',0,1050,0,'684bb06eddd9a.png',0,'','','',NULL,NULL,'Vodka',0.0),
 (914,'Ciroc Pineapple 750ml',0,1050,0,'684bb1543b967.png',0,'','','',NULL,NULL,'Vodka',0.0),
 (915,'Ciroc Mango Vodka',0,1050,0,'684bb18e43bba.png',0,'','','',NULL,NULL,'Vodka',0.0),
 (916,'Tango 750ml',0,900,0,'684bb1c85a5f9.png',0,'','','',NULL,NULL,'Vodka',0.0),
 (917,'Gin Malfy Con Rosa 70cl',0,1050,0,'68544541350a3.png',0,'','','5000299296400','','','Gin',0.0),
 (918,'GORDON''S GIN 750ML',0,750,0,'684bb2531ac8c.png',0,'','','',NULL,NULL,'Gin',0.0),
 (919,'Bombay Gin 750ml',0,900,0,'684bb285874c3.png',0,'','','',NULL,NULL,'Gin',0.0),
 (920,'Tanqueray Gin 750ml',0,900,0,'695ba955bfb56.png',0,'','','','','','Gin',0.0),
 (921,'Tanqueray Sevilla',0,900,0,'695c40980812d.png',0,'','','','','','Gin',0.0),
 (922,'Tanqueray Royale',0,900,0,'695c40ab65364.png',0,'','','','','','Gin',0.0),
 (923,'Gordons Belly 750ml',0,750,0,'68716a43c0e53.png',0,'','','','','','Gin',0.0),
 (924,'Gordons Orange 750ml',0,750,0,'684bb3e254d62.png',0,'','','',NULL,NULL,'Gin',0.0),
 (925,'Inverache gin 750ml',0,750,0,'684bb42181829.png',0,'','','',NULL,NULL,'Gin',0.0),
 (926,'Hennessy vsop 750ml',1,2550,0,'6962c40cbaadb.png',0,'','','3245999491805','','','Whiskey',0.0),
 (927,'Hennessy Normal 750ml',2,1500,0,'684bb4ddbf707.png',0,'','','',NULL,NULL,'Whiskey',0.0),
 (928,'Chivas 18 yrs 750ml',0,2400,0,'684bb5104622f.png',0,'','','',NULL,NULL,'Whiskey',0.0),
 (929,'Chivas Regal 750ml',0,900,0,'684bb54842722.png',0,'','','',NULL,NULL,'Whiskey',0.0),
 (930,'Glenmorange 14yrs 750ml',0,1800,0,'684bb58136a84.png',0,'','','',NULL,NULL,'Whiskey',0.0),
 (931,'Glenmorange normal 750ml',0,1500,0,'684bb5c60f4ff.png',0,'','','',NULL,NULL,'Whiskey',0.0),
 (932,'Glefiddich 21 yrs 750ml',0,7000,0,'684bb6253870c.png',0,'','','',NULL,NULL,'Whiskey',0.0),
 (933,'Glenfiddich 18 yrs 750ml',0,3000,0,'69582b43a7d61.png',0,'','','5010327325323','','','Whiskey',0.0),
 (934,'Glenfiddich 15yrs 750ml',0,2400,0,'69582b5e142d4.png',0,'','','','','','Whiskey',0.0),
 (935,'Glefiddich 12 yrs 750ml',0,1200,0,'684bb707ee8fc.png',0,'','','',NULL,NULL,'Whiskey',0.0),
 (936,'Glelivet Founder 750ml',0,1200,0,'684bb7389d924.png',0,'','','',NULL,NULL,'Whiskey',0.0),
 (937,'Jonh Walker Blue Label 750ml',1,5400,0,'684bb77e5d15c.png',0,'','','',NULL,NULL,'Whiskey',0.0),
 (938,'Jonh walker Gold L 750ml',0,1800,0,'684bb7b3cc53b.png',0,'','','',NULL,NULL,'Whiskey',0.0),
 (939,'Jonh Walker Black L 750ml',0,900,0,'684bb7ec25826.png',0,'','','',NULL,NULL,'Whiskey',0.0),
 (940,'Ballantines normal 750ml',0,750,0,'684bb83719d1f.png',0,'','','',NULL,NULL,'Whiskey',0.0),
 (941,'Ballantine 12 yrs 750ml',0,900,0,'684bb870ad9d8.png',0,'','','',NULL,NULL,'Whiskey',0.0),
 (942,'Jameson Select R 750ml',0,1200,0,'68544380a973c.png',0,'','','5011007024000','','','Whiskey',0.0),
 (943,'Jameson irish 750ml',3,900,0,'6854436169030.png',0,'','','5011007003012','','','Whiskey',0.0),
 (944,'Jameson 18yrs 750ml',0,3000,0,'684bb928edae1.png',0,'','','',NULL,NULL,'Whiskey',0.0),
 (945,'Jack Daniel Honey 750ml',0,900,0,'684bb96370f76.png',0,'','','',NULL,NULL,'Whiskey',0.0),
 (946,'Jack Daniel Normal 750ml',0,900,0,'6854465068799.png',0,'','','082184090466','','','Whiskey',0.0),
 (947,'RICHELIEU 10yrs 750ml',0,900,0,'684bb9eaf01ab.png',0,'','','',NULL,NULL,'Whiskey',0.0),
 (948,'RICHELIEU 750ml',0,500,0,'68544348ad43c.png',0,'','','6001495001088','','','Whiskey',0.0),
 (949,'RICHELIEU XO 750ml',0,4500,0,'684bbaeac5fbe.png',0,'','','',NULL,NULL,'Whiskey',0.0),
 (950,'Klipdrit P 750ml',0,900,0,'684bbb3d24dc3.png',0,'','','',NULL,NULL,'Whiskey',0.0),
 (951,'Gentlemen Jack 750ml',0,900,0,'684bbb825894b.png',0,'','','',NULL,NULL,'Whiskey',0.0),
 (952,'White Horse 750ml',0,750,0,'684bbbb6500ae.png',0,'','','',NULL,NULL,'Whiskey',0.0),
 (953,'Honor 750ml',0,1200,0,'684bbbe304d83.png',0,'','','',NULL,NULL,'Whiskey',0.0),
 (955,'Jagermeister Shots',0,30,0,'69495480a9848.png',0,'','','','','','Shots',0.0),
 (956,'Tequila Shots',30,30,0,'694f68484c56a.png',0,'','','','2025-12-27','2025-12-28','Shots',0.0),
 (957,'Cactus Jack Shots',45,30,0,'6949549c7709d.png',0,'','','','','','Shots',0.0),
 (958,'Po10c Shots',12,25,0,'68d856ce97ad8.png',0,'','','','','','Shots',0.0),
 (959,'Perpenimt shots',0,25,0,'684bbe7ec1e03.png',0,'','','',NULL,NULL,'Shots',0.0),
 (960,'Amarula shots',67,25,0,'684bbe9f4f94f.png',0,'','','',NULL,NULL,'Shots',0.0),
 (961,'Strawberrylips shots',45,25,0,'684bbebfa3bd3.png',0,'','','',NULL,NULL,'Shots',0.0),
 (962,'Kalua Shots',56,30,0,'684bbed384a28.png',0,'','','',NULL,NULL,'Shots',0.0),
 (963,'Lime/ Passionfruit Shots',0,10,0,'68ced8df318c3.png',0,'','','','','','Shots',0.0),
 (964,'Wild Africa Shots',0,25,0,'684bbf00bb573.png',0,'','','',NULL,NULL,'Shots',0.0),
 (965,'Malibu shots',0,25,0,'684bbf1b04188.png',0,'','','',NULL,NULL,'Shots',0.0),
 (966,'Cruz Vodka Shots',56,35,0,'684bbf35c699c.png',0,'','','',NULL,NULL,'Shots',0.0),
 (967,'Absolute Vodka Shots',53,35,0,'684bbf5718efd.png',0,'','','',NULL,NULL,'Shots',0.0),
 (968,'Ciroc Vodka Shots',28,35,0,'684bbf76a0217.png',0,'','','',NULL,NULL,'Shots',0.0),
 (969,'Ciroc Apple Shots',0,35,0,'684bbf9dc546f.png',0,'','','',NULL,NULL,'Shots',0.0),
 (970,'Ciroc Pineapple Shots',0,35,0,'684bbfbd97406.png',0,'','','',NULL,NULL,'Shots',0.0),
 (971,'Ciroc Mango Shots',0,35,0,'684bbfe700033.png',0,'','','',NULL,NULL,'Shots',0.0),
 (972,'Tango Shots',60,30,0,'684bc12469320.png',0,'','','',NULL,NULL,'Shots',0.0),
 (973,'Malfy Gin Shots',0,35,0,'684bc14a8b5fc.png',0,'','','',NULL,NULL,'Shots',0.0),
 (974,'Gordons Gin Shots',54,30,0,'684bc1616365c.png',0,'','','',NULL,NULL,'Shots',0.0),
 (975,'Bombay Gin Shots',0,30,0,'68ced8c7acbcf.png',0,'','','','','','Shots',0.0),
 (977,'Tanguray Sevilla Shots',0,30,0,'684bc1bc21c29.png',0,'','','',NULL,NULL,'Shots',0.0),
 (978,'Tanguray Royale Shots',0,30,0,'684bc1d925bf3.png',0,'','','',NULL,NULL,'Shots',0.0),
 (979,'Gordons Belly Shots',30,25,0,'684bc1fc72b72.png',0,'','','',NULL,NULL,'Shots',0.0),
 (980,'Gordons Orange Shots',0,25,0,'684bc21ad8da1.png',0,'','','',NULL,NULL,'Shots',0.0),
 (981,'Inverache gin Shots',0,25,0,'684bc2388392e.png',0,'','','',NULL,NULL,'Shots',0.0),
 (982,'Hennessy Shots',171,50,0,'6921645fb24c3.png',0,'','','','','','Shots',0.0),
 (983,'Chivas 18 yrs Shots',0,80,0,'684bc27e8f7af.png',0,'','','',NULL,NULL,'Shots',0.0),
 (984,'Glefiddich 18 yrs Shots',0,100,0,'684bc29c5d2d1.png',0,'','','',NULL,NULL,'Shots',0.0),
 (985,'Glenfiddich 15yrs Shots',97,80,0,'695ed8631e334.png',0,'','','','','','Shots',0.0),
 (986,'Glefiddich 12 yrs Shots',25,40,0,'684bc2fa59ef0.png',0,'','','',NULL,NULL,'Shots',0.0),
 (987,'Glelivet Founder Shots',0,40,0,'684bc31e36770.png',0,'','','',NULL,NULL,'Shots',0.0),
 (988,'Johnny Walker Black L Shots',22,30,0,'684bc348f1cb3.png',0,'','','',NULL,NULL,'Shots',0.0),
 (989,'Ballantines normal Shots',0,25,0,'684bc366ee52c.png',0,'','','',NULL,NULL,'Shots',0.0),
 (990,'Ballantine 12 yrs Shots',0,30,0,'684bc380d1137.png',0,'','','',NULL,NULL,'Shots',0.0),
 (991,'Jameson Select R Shots',33,40,0,'684bc39e922ac.png',0,'','','',NULL,NULL,'Shots',0.0),
 (992,'Jameson irish Shots',50,30,0,'694954ae4bc70.png',0,'','','','','','Shots',0.0),
 (993,'Jameson 18yrs Shots',0,100,0,'684bc403684ff.png',0,'','','',NULL,NULL,'Shots',0.0),
 (994,'Jack Daniel Honey Shots',0,30,0,'684bc41b148f0.png',0,'','','',NULL,NULL,'Shots',0.0),
 (995,'Jack Daniel Normal Shots',91,30,0,'692165379e33b.png',0,'','','','','','Shots',0.0),
 (996,'RICHELIEU 10yrs Shots',0,30,0,'684bc451341b8.png',0,'','','',NULL,NULL,'Shots',0.0),
 (997,'RICHELIEU normal Shots',2,25,0,'6856c99551c96.png',0,'','','','','','Shots',0.0),
 (998,'Klipdrit P Shots',84,30,0,'684bc49978eed.png',0,'','','',NULL,NULL,'Shots',0.0),
 (999,'Gentlemen Jack Shots',0,30,0,'684bc4b3466e6.png',0,'','','',NULL,NULL,'Shots',0.0),
 (1000,'White Horse Shots',0,25,0,'684d8318b74bf.png',0,'','','','','','Shots',0.0),
 (1001,'Honor Shots',0,40,0,'684bc4f27e0bf.png',0,'','','',NULL,NULL,'Shots',0.0),
 (1005,'Strongbow Can 440ml',25,30,0,'692166f7863a9.png',0,'','','6009705710508','','','Cider',0.0),
 (1008,'Windhoek Lager Can/Bottle',15,25,0,'692169b738ce0.png',0,'','','6001760007685','','','Beer',0.0),
 (1009,'TAFEL RADLER 500ML',23,25,0,'6921674de31a4.png',0,'','','6001760007432','','','Beer',0.0),
 (1010,'Flying Fish can 500ml ',20,30,0,'694954da212b9.png',0,'','','6003326013918','','','Beer',0.0),
 (1011,'Windhoek Non Alc Can/Bottle',37,25,0,'692186a3ca554.png',0,'','','6001760006688','','','Non-Alcoholic',0.0),
 (1016,'Lemon Clausthaler 500ml',29,30,0,'692165c798b84.png',0,'','','4053400204918','','','',0.0),
 (1017,'Bernini Classic 275ml',31,30,0,'692162bf654ae.png',0,'','','6001108055798','','','Cider',0.0),
 (1018,'Miller Lime Beer Can 440ml',0,35,0,'685404e77c0da.png',0,'','','5010038489499',NULL,NULL,'Beer',0.0),
 (1021,'LIQUI FRUIT CAN CRANBERRY 300ML',23,30,0,'695d4146da122.png',0,'','','6001240239445','','','Juice',0.0),
 (1023,'Hansa Draught',0,30,0,'69152b47e2a69.png',0,'','','','','','Beer',0.0),
 (1025,'Moet 750ml',3,2400,0,'6854421cea634.png',0,'','','3185370768990',NULL,NULL,'Champagne',0.0),
 (1026,'Glenfiddich Fire & Cane 750ml',0,1500,0,'685445e1703ed.png',0,'','','5010327305585',NULL,NULL,'Whiskey',0.0),
 (1029,'Brutal Can 500ml',17,35,0,'692162f233a2e.png',0,'','','6003326013970','','','Cider',0.0),
 (1032,'Rupert & Rothschild BLUE 750ml',0,1200,0,'6855479cda247.png',0,'','','',NULL,NULL,'Wine',0.0),
 (1033,'STROH RUM shots 500ml',0,40,0,'68554920bd4fd.png',0,'','','',NULL,NULL,'Shots',0.0),
 (1034,'STROH RUM 500ml',0,1200,0,'68554abb3b6c6.png',0,'','','',NULL,NULL,'Rum',0.0),
 (1035,'Hennessy vsop shots',43,85,0,'6904b6de0186b.png',0,'','','','','','Shots',0.0),
 (1036,'Chivas Regal Shots',0,30,0,'68554c3a770f9.png',0,'','','','','','Shots',0.0),
 (1037,'Glenmorange normal shots',0,50,0,'68554c7fcefb3.png',0,'','','',NULL,NULL,'Shots',0.0),
 (1038,'Glenfiddich Fire & Cane shots',0,65,0,'68554cf5736f4.png',0,'','','',NULL,NULL,'Shots',0.0),
 (1039,'Optima 750ml',0,450,0,'68716a8bc4fc0.png',0,'','','6009800071863','','','Wine',0.0),
 (1040,'Johnny Walker gold Shots',0,60,0,'685e6b20ed1ce.png',0,'','','',NULL,NULL,'Shots',0.0),
 (1041,'Robertson Natural Sweet rose 750ml',3,250,0,'6863ab5abf4d6.png',0,'','','6002039005746','','','Wine',0.0),
 (1044,'Peppermint shots',59,25,0,'6867cf93d315e.png',0,'','','',NULL,NULL,'Shots',0.0),
 (1048,'Bahama 440ml',31,35,0,'6880a96823129.png',0,'','','6009711081944','','','Cider',0.0),
 (1049,'MIMOSA 750ML',3,300,0,'68baf118e9909.png',0,'','2025-08-10','','','','Wine',0.0),
 (1050,'Silk and spice 750ml',2,450,0,'694f794d3300d.png',0,'','','','','','Wine',0.0),
 (1051,'Blow Job Shots',0,40,0,'68e51c440fc1c.png',0,'','','','','','Shots',0.0),
 (1052,'Springbokkie Shots',1000,40,0,'6962c3ec59caa.png',0,'','','','','','Shots',0.0),
 (1053,'Wine Glass',0,25,0,'6960fd6279532.png',0,'','','','','','Wine Glass',0.0),
 (1054,'Bernini Classic 500ml',26,35,0,'6921625b4aebb.png',0,'','','','','','Cider',0.0),
 (1055,'Chillers Punch 440ML',1,35,0,'69495516e7133.png',0,'','','','','','Cider',0.0),
 (1056,'CARRIBEAN TWIST 275ML',26,30,0,'6949554b1fb30.png',0,'','','','','','Cider',0.0),
 (1057,'SHANKY S WHIP 750ML',0,1200,0,'6949557230cd8.png',0,'','','','','','Liqueur',0.0),
 (1058,'SHANKY SWHIP TOT',0,40,0,'694955871b3a6.png',0,'','','','','','Shots',0.0),
 (1059,'KAHLUA SHOT',0,30,0,'6949559043920.png',0,'','','','','','Shots',0.0),
 (1060,'CARVO 750ML',0,900,0,'694955e0a3af1.png',0,'','','','','','Liqueur',0.0),
 (1061,'CARVO SHOTS',0,30,0,'6949559dea6c7.png',0,'','','','','','Shots',0.0),
 (1063,'Red sq ice 330ml',0,30,0,'694955f6029db.png',0,'','','','','','Soft Drinks',0.0),
 (1064,'miller lime beer 330ml',0,30,0,'694956240bf33.png',0,'','','','','','Beer',0.0),
 (1065,'tanQueray original shots ',40,30,1,'695c4071d1a35.png',0,'','','','','','Shots',0.0),
 (1067,'SMIRNOFF QUARANA 250ML',0,30,0,'694989bb5e5bd.png',0,'','','','','','Vodka',0.0),
 (1068,'DEAD MANS FINGER 275ML',14,30,0,'69498a001ae64.png',0,'','','','','','Gin',0.0),
 (1070,'Kwv 10 yrs',0,1200,0,'694988e9b7d30.png',0,'','','','','','Whiskey',0.0),
 (1071,'KWV 10 years shot',77,40,0,'694988f2a3451.png',0,'','','','','','Shots',0.0),
 (1072,'Hennessy xo',1,6000,0,'6949890eba1ae.png',0,'','','','','','Whiskey',0.0),
 (1073,'Laborie Wine',1,350,0,'69498934be261.png',0,'','','','','','Wine',0.0),
 (1074,'Annabelle Champagne',4,350,0,'6949897505b1c.png',0,'','','','','','Champagne',0.0),
 (1075,'KWV Classic Wine',0,300,0,'6949899d6c571.png',0,'','','','','','Wine',0.0),
 (1076,'Bon Courage Blush 750ml',2,350,0,'694f79bba3ac9.png',0,'','','','','','Wine',0.0),
 (1077,'Du Toitsloof Wine',0,300,0,'6949584620b42.png',0,'','','','','','Wine',0.0),
 (1079,'Gh Mumm Champagne',0,1800,0,'6949594de6900.png',0,'','','','','','Champagne',0.0),
 (1080,'Beefeater Gin 750ml',0,1050,0,'6949597031783.png',0,'','','','','','Gin',0.0),
 (1081,'Beefeater Gin Shots',26,35,0,'69495979409a5.png',0,'','','','','','Shots',0.0),
 (1082,'Tallhouse Wine',2,300,0,'694959a252e17.png',0,'','','','','','Wine',0.0),
 (1083,'Underberg 20ml',11,35,0,'../props/default.png',0,'','','',NULL,NULL,'',0.0),
 (1084,'Caribbean Twist Can 440ML',0,35,0,'../props/default.png',0,'','','',NULL,NULL,'',0.0),
 (1085,'Don Julio Blanco 750ml',2,2550,0,'../props/default.png',0,'','','',NULL,NULL,'',0.0),
 (1086,'Don Julio Reposado 750ml',2,2750,0,'../props/default.png',0,'','','',NULL,NULL,'',0.0),
 (1087,'Pinotage Wine 2018 750ml',3,300,0,'../props/default.png',0,'','','','','','',0.0),
 (1088,'Pongracz Champagne 750ml',3,600,0,'../props/default.png',0,'','','',NULL,NULL,'',0.0),
 (1089,'Krone Champagne 750ml',1,600,0,'../props/default.png',0,'','','',NULL,NULL,'',0.0),
 (1090,'Johnny Walker blue Label Shots',17,180,0,'6952a0a230bb6.png',0,'','','',NULL,NULL,'',0.0),
 (1091,'Annabelle 250ml',9,40,17,'../props/default.png',0,'250ml','','',NULL,NULL,'Champagne',0.0),
 (1092,'KWV VS BRANDY 750ML',0,1200,0,'../props/default.png',0,'','','',NULL,NULL,'',0.0),
 (1093,'KWV VS shots ',28,40,0,'../props/default.png',0,'','','',NULL,NULL,'',0.0),
 (1095,'Cigarette',0,5,0,'../props/default.png',0,'','','','','','',0.0),
 (1096,'sky vodka 750ml',1,1050,0,'../props/default.png',0,'','','',NULL,NULL,'',0.0),
 (1097,'sky vodka shots',30,35,0,'../props/default.png',0,'','','',NULL,NULL,'',0.0),
 (1098,'Thursday Promo (6 Pack draught)',1,120,0,'../props/default.png',0,'','','',NULL,NULL,'',0.0),
 (1099,'Grapetiser 330ml',12,30,0,'../props/default.png',0,'','','',NULL,NULL,'',0.0);
INSERT INTO "stock_changes" ("id","product_id","action","quantity_change","old_quantity","new_quantity","changed_at","stocktaken","is_stock_taken") VALUES (5373,956,'Restock',8,-4,4,'2025-12-27 05:02:00',0,0),
 (5374,967,'Opening Stock Adjustment',23,0,23,'2025-12-29 15:37:17',0,1),
 (5375,842,'Opening Stock Adjustment',2,0,2,'2025-12-29 15:37:17',0,1),
 (5376,960,'Opening Stock Adjustment',69,0,69,'2025-12-29 15:37:17',0,1),
 (5377,866,'Opening Stock Adjustment',4,0,4,'2025-12-29 15:37:17',0,1),
 (5378,893,'Opening Stock Adjustment',1,0,1,'2025-12-29 15:37:17',0,1),
 (5379,1048,'Opening Stock Adjustment',16,0,16,'2025-12-29 15:37:17',0,1),
 (5380,1081,'Opening Stock Adjustment',26,0,26,'2025-12-29 15:37:17',0,1),
 (5381,871,'Opening Stock Adjustment',30,0,30,'2025-12-29 15:37:17',0,1),
 (5382,1017,'Opening Stock Adjustment',6,0,6,'2025-12-29 15:37:17',0,1),
 (5383,1076,'Opening Stock Adjustment',2,0,2,'2025-12-29 15:37:17',0,1),
 (5384,1029,'Opening Stock Adjustment',12,0,12,'2025-12-29 15:37:17',0,1),
 (5385,1056,'Opening Stock Adjustment',11,0,11,'2025-12-29 15:37:17',0,1),
 (5386,957,'Opening Stock Adjustment',150,0,150,'2025-12-29 15:37:17',0,1),
 (5387,886,'Opening Stock Adjustment',33,0,33,'2025-12-29 15:37:17',0,1),
 (5388,884,'Opening Stock Adjustment',44,0,44,'2025-12-29 15:37:17',0,1),
 (5389,1055,'Opening Stock Adjustment',16,0,16,'2025-12-29 15:37:17',0,1),
 (5390,968,'Opening Stock Adjustment',30,0,30,'2025-12-29 15:37:17',0,1),
 (5391,896,'Opening Stock Adjustment',28,0,28,'2025-12-29 15:37:17',0,1),
 (5392,879,'Opening Stock Adjustment',70,0,70,'2025-12-29 15:37:17',0,1),
 (5393,966,'Opening Stock Adjustment',56,0,56,'2025-12-29 15:37:17',0,1),
 (5394,1068,'Opening Stock Adjustment',8,0,8,'2025-12-29 15:37:17',0,1),
 (5395,1085,'Opening Stock Adjustment',2,0,2,'2025-12-29 15:37:17',0,1),
 (5396,1086,'Opening Stock Adjustment',2,0,2,'2025-12-29 15:37:17',0,1),
 (5397,848,'Opening Stock Adjustment',1,0,1,'2025-12-29 15:37:17',0,1),
 (5398,1010,'Opening Stock Adjustment',9,0,9,'2025-12-29 15:37:17',0,1),
 (5399,840,'Opening Stock Adjustment',2,0,2,'2025-12-29 15:37:17',0,1),
 (5400,986,'Opening Stock Adjustment',25,0,25,'2025-12-29 15:37:17',0,1),
 (5401,934,'Opening Stock Adjustment',4,0,4,'2025-12-29 15:37:17',0,1),
 (5402,985,'Opening Stock Adjustment',21,0,21,'2025-12-29 15:37:17',0,1),
 (5403,979,'Opening Stock Adjustment',30,0,30,'2025-12-29 15:37:17',0,1),
 (5404,974,'Opening Stock Adjustment',34,0,34,'2025-12-29 15:37:17',0,1),
 (5405,880,'Opening Stock Adjustment',11,0,11,'2025-12-29 15:37:17',0,1),
 (5406,890,'Opening Stock Adjustment',38,0,38,'2025-12-29 15:37:17',0,1),
 (5407,927,'Opening Stock Adjustment',2,0,2,'2025-12-29 15:37:17',0,1),
 (5408,982,'Opening Stock Adjustment',28,0,28,'2025-12-29 15:37:17',0,1),
 (5409,926,'Opening Stock Adjustment',5,0,5,'2025-12-29 15:37:17',0,1),
 (5410,1035,'Opening Stock Adjustment',28,0,28,'2025-12-29 15:37:17',0,1),
 (5411,1072,'Opening Stock Adjustment',1,0,1,'2025-12-29 15:37:17',0,1),
 (5412,870,'Opening Stock Adjustment',15,0,15,'2025-12-29 15:37:17',0,1),
 (5413,869,'Opening Stock Adjustment',81,0,81,'2025-12-29 15:37:17',0,1),
 (5414,868,'Opening Stock Adjustment',159,0,159,'2025-12-29 15:37:17',0,1),
 (5415,995,'Opening Stock Adjustment',50,0,50,'2025-12-29 15:37:17',0,1),
 (5416,955,'Opening Stock Adjustment',216,0,216,'2025-12-29 15:37:17',0,1),
 (5417,991,'Opening Stock Adjustment',33,0,33,'2025-12-29 15:37:17',0,1),
 (5418,988,'Opening Stock Adjustment',22,0,22,'2025-12-29 15:37:17',0,1),
 (5419,937,'Opening Stock Adjustment',1,0,1,'2025-12-29 15:37:17',0,1),
 (5420,1071,'Opening Stock Adjustment',17,0,17,'2025-12-29 15:37:17',0,1),
 (5421,962,'Opening Stock Adjustment',26,0,26,'2025-12-29 15:37:17',0,1),
 (5422,950,'Opening Stock Adjustment',1,0,1,'2025-12-29 15:37:17',0,1),
 (5423,998,'Opening Stock Adjustment',24,0,24,'2025-12-29 15:37:17',0,1),
 (5424,1089,'Opening Stock Adjustment',1,0,1,'2025-12-29 15:37:17',0,1),
 (5425,1070,'Opening Stock Adjustment',2,0,2,'2025-12-29 15:37:17',0,1),
 (5426,1073,'Opening Stock Adjustment',1,0,1,'2025-12-29 15:37:17',0,1),
 (5427,1016,'Opening Stock Adjustment',8,0,8,'2025-12-29 15:37:17',0,1),
 (5428,1049,'Opening Stock Adjustment',1,0,1,'2025-12-29 15:37:17',0,1),
 (5429,1025,'Opening Stock Adjustment',5,0,5,'2025-12-29 15:37:17',0,1),
 (5430,844,'Opening Stock Adjustment',2,0,2,'2025-12-29 15:37:17',0,1),
 (5431,1039,'Opening Stock Adjustment',1,0,1,'2025-12-29 15:37:17',0,1),
 (5432,1044,'Opening Stock Adjustment',90,0,90,'2025-12-29 15:37:17',0,1),
 (5433,958,'Opening Stock Adjustment',35,0,35,'2025-12-29 15:37:17',0,1),
 (5434,1088,'Opening Stock Adjustment',3,0,3,'2025-12-29 15:37:17',0,1),
 (5435,948,'Opening Stock Adjustment',2,0,2,'2025-12-29 15:37:17',0,1),
 (5436,997,'Opening Stock Adjustment',30,0,30,'2025-12-29 15:37:17',0,1),
 (5437,892,'Opening Stock Adjustment',42,0,42,'2025-12-29 15:37:17',0,1),
 (5438,1041,'Opening Stock Adjustment',3,0,3,'2025-12-29 15:37:17',0,1),
 (5439,873,'Opening Stock Adjustment',144,0,144,'2025-12-29 15:37:17',0,1),
 (5440,897,'Opening Stock Adjustment',203,0,203,'2025-12-29 15:37:17',0,1),
 (5441,1050,'Opening Stock Adjustment',3,0,3,'2025-12-29 15:37:17',0,1),
 (5442,961,'Opening Stock Adjustment',42,0,42,'2025-12-29 15:37:17',0,1),
 (5443,1005,'Opening Stock Adjustment',41,0,41,'2025-12-29 15:37:17',0,1),
 (5444,1009,'Opening Stock Adjustment',12,0,12,'2025-12-29 15:37:17',0,1),
 (5445,881,'Opening Stock Adjustment',1,0,1,'2025-12-29 15:37:17',0,1),
 (5446,1082,'Opening Stock Adjustment',2,0,2,'2025-12-29 15:37:17',0,1),
 (5447,972,'Opening Stock Adjustment',60,0,60,'2025-12-29 15:37:17',0,1),
 (5448,976,'Opening Stock Adjustment',54,0,54,'2025-12-29 15:37:17',0,1),
 (5449,956,'Opening Stock Adjustment',233,0,233,'2025-12-29 15:37:17',0,1),
 (5450,1083,'Opening Stock Adjustment',11,0,11,'2025-12-29 15:37:17',0,1),
 (5451,837,'Opening Stock Adjustment',4,0,4,'2025-12-29 15:37:17',0,1),
 (5452,898,'Opening Stock Adjustment',74,0,74,'2025-12-29 15:37:17',0,1),
 (5453,887,'Opening Stock Adjustment',139,0,139,'2025-12-29 15:37:17',0,1),
 (5454,1008,'Opening Stock Adjustment',5,0,5,'2025-12-29 15:37:17',0,1),
 (5455,1087,'Opening Stock Adjustment',6,0,6,'2025-12-29 15:37:17',0,1),
 (5456,864,'Opening Stock Adjustment',3,0,3,'2025-12-29 15:37:17',0,1),
 (5457,1090,'add',18,0,18,'2025-12-29 15:39:14',0,0),
 (5458,926,'Adjust',-3,5,2,'2025-12-29 15:42:52',0,0),
 (5459,927,'Restock',3,2,5,'2025-12-29 15:42:58',0,0),
 (5460,1074,'Restock',4,0,4,'2025-12-29 15:56:24',0,0),
 (5461,893,'Restock',48,1,49,'2025-12-29 18:11:59',0,0),
 (5462,1017,'Restock',72,6,78,'2025-12-29 18:11:59',0,0),
 (5463,1054,'Restock',24,0,24,'2025-12-29 18:11:59',0,0),
 (5464,884,'Restock',48,44,92,'2025-12-29 18:11:59',0,0),
 (5465,927,'Restock',4,5,9,'2025-12-29 18:11:59',0,0),
 (5466,870,'Restock',48,15,63,'2025-12-29 18:11:59',0,0),
 (5467,946,'Restock',2,0,2,'2025-12-29 18:11:59',0,0),
 (5468,943,'Restock',10,0,10,'2025-12-29 18:11:59',0,0),
 (5469,1021,'Restock',24,0,24,'2025-12-29 18:11:59',0,0),
 (5470,1016,'Restock',24,8,32,'2025-12-29 18:11:59',0,0),
 (5471,1025,'Restock',3,5,8,'2025-12-29 18:11:59',0,0),
 (5472,894,'Restock',48,0,48,'2025-12-29 18:11:59',0,0),
 (5473,873,'Restock',48,144,192,'2025-12-29 18:11:59',0,0),
 (5474,897,'Restock',96,203,299,'2025-12-29 18:11:59',0,0),
 (5475,887,'Restock',120,139,259,'2025-12-29 18:11:59',0,0),
 (5476,1011,'Restock',24,0,24,'2025-12-29 18:11:59',0,0),
 (5477,865,'Restock',2,0,2,'2025-12-29 18:11:59',0,0),
 (5478,1056,'Restock',6,11,17,'2025-12-30 20:30:38',0,0),
 (5479,873,'Restock',72,192,264,'2025-12-30 20:30:38',0,0),
 (5480,1009,'Restock',24,11,35,'2025-12-30 20:30:38',0,0),
 (5481,881,'Restock',48,1,49,'2025-12-30 20:30:38',0,0),
 (5482,887,'Restock',72,245,317,'2025-12-30 20:30:38',0,0),
 (5483,1091,'add',12,0,12,'2025-12-31 13:12:39',0,0),
 (5484,960,'Restock',30,69,99,'2025-12-31 18:20:09',0,0),
 (5485,1091,'Restock',12,12,24,'2025-12-31 18:20:09',0,0),
 (5486,893,'Restock',48,49,97,'2025-12-31 18:20:09',0,0),
 (5487,871,'Restock',24,28,52,'2025-12-31 18:20:09',0,0),
 (5488,1017,'Restock',24,78,102,'2025-12-31 18:20:09',0,0),
 (5489,1054,'Restock',48,24,72,'2025-12-31 18:20:09',0,0),
 (5490,1029,'Restock',24,12,36,'2025-12-31 18:20:09',0,0),
 (5491,1056,'Restock',24,17,41,'2025-12-31 18:20:09',0,0),
 (5492,886,'Restock',24,33,57,'2025-12-31 18:20:09',0,0),
 (5493,884,'Restock',48,84,132,'2025-12-31 18:20:09',0,0),
 (5494,1055,'Restock',24,16,40,'2025-12-31 18:20:09',0,0),
 (5495,879,'Restock',48,67,115,'2025-12-31 18:20:09',0,0),
 (5496,1068,'Restock',12,7,19,'2025-12-31 18:20:09',0,0),
 (5497,1010,'Restock',24,8,32,'2025-12-31 18:20:09',0,0),
 (5498,918,'Restock',1,0,1,'2025-12-31 18:20:09',0,0),
 (5499,890,'Restock',48,38,86,'2025-12-31 18:20:09',0,0),
 (5500,927,'Restock',5,9,14,'2025-12-31 18:20:09',0,0),
 (5501,869,'Restock',48,80,128,'2025-12-31 18:20:09',0,0),
 (5502,868,'Restock',48,155,203,'2025-12-31 18:20:09',0,0),
 (5503,841,'Restock',5,0,5,'2025-12-31 18:20:09',0,0),
 (5504,955,'Restock',180,214,394,'2025-12-31 18:20:09',0,0),
 (5505,943,'Restock',4,10,14,'2025-12-31 18:20:09',0,0),
 (5506,992,'Restock',30,0,30,'2025-12-31 18:20:09',0,0),
 (5507,1092,'Restock',1,0,1,'2025-12-31 18:20:09',0,0),
 (5508,950,'Restock',1,1,2,'2025-12-31 18:20:09',0,0),
 (5509,894,'Restock',48,45,93,'2025-12-31 18:20:09',0,0),
 (5510,892,'Restock',48,42,90,'2025-12-31 18:20:09',0,0),
 (5511,873,'Restock',96,262,358,'2025-12-31 18:20:09',0,0),
 (5512,897,'Restock',96,297,393,'2025-12-31 18:20:09',0,0),
 (5513,961,'Restock',30,42,72,'2025-12-31 18:20:09',0,0),
 (5514,956,'Restock',120,233,353,'2025-12-31 18:20:09',0,0),
 (5515,1083,'Restock',18,11,29,'2025-12-31 18:20:09',0,0),
 (5516,837,'Restock',2,4,6,'2025-12-31 18:20:09',0,0),
 (5517,898,'Restock',24,74,98,'2025-12-31 18:20:09',0,0),
 (5518,887,'Restock',288,316,604,'2025-12-31 18:20:09',0,0),
 (5519,1008,'Restock',24,5,29,'2025-12-31 18:20:09',0,0),
 (5520,943,'Restock',4,14,18,'2025-12-31 20:29:00',0,0),
 (5521,960,'Restock',30,99,129,'2026-01-02 21:39:48',0,0),
 (5522,893,'Restock',48,97,145,'2026-01-02 21:39:48',0,0),
 (5523,1048,'Restock',24,16,40,'2026-01-02 21:39:48',0,0),
 (5524,871,'Restock',24,52,76,'2026-01-02 21:39:48',0,0),
 (5525,1054,'Restock',24,72,96,'2026-01-02 21:39:48',0,0),
 (5526,884,'Restock',48,125,173,'2026-01-02 21:39:48',0,0),
 (5527,896,'Restock',24,26,50,'2026-01-02 21:39:48',0,0),
 (5528,879,'Restock',48,114,162,'2026-01-02 21:39:48',0,0),
 (5529,927,'Restock',4,14,18,'2026-01-02 21:39:48',0,0),
 (5530,870,'Restock',24,61,85,'2026-01-02 21:39:48',0,0),
 (5531,841,'Restock',2,5,7,'2026-01-02 21:39:48',0,0),
 (5532,955,'Restock',120,389,509,'2026-01-02 21:39:48',0,0),
 (5533,943,'Restock',6,18,24,'2026-01-02 21:39:48',0,0),
 (5534,1021,'Restock',24,22,46,'2026-01-02 21:39:48',0,0),
 (5535,1049,'Restock',2,1,3,'2026-01-02 21:39:48',0,0),
 (5536,894,'Restock',48,90,138,'2026-01-02 21:39:48',0,0),
 (5537,873,'Restock',144,351,495,'2026-01-02 21:39:48',0,0),
 (5538,897,'Restock',72,393,465,'2026-01-02 21:39:48',0,0),
 (5539,881,'Restock',48,49,97,'2026-01-02 21:39:48',0,0),
 (5540,956,'Restock',120,350,470,'2026-01-02 21:39:48',0,0),
 (5541,898,'Restock',72,97,169,'2026-01-02 21:39:48',0,0),
 (5542,887,'Restock',192,573,765,'2026-01-02 21:39:48',0,0),
 (5543,1008,'Restock',24,29,53,'2026-01-02 21:39:48',0,0),
 (5544,967,'Opening Stock Adjustment',23,0,23,'2026-01-03 17:09:27',0,1),
 (5545,842,'Opening Stock Adjustment',2,0,2,'2026-01-03 17:09:27',0,1),
 (5546,960,'Opening Stock Adjustment',116,0,116,'2026-01-03 17:09:27',0,1),
 (5547,1091,'Opening Stock Adjustment',10,0,10,'2026-01-03 17:09:27',0,1),
 (5548,1074,'Opening Stock Adjustment',4,0,4,'2026-01-03 17:09:27',0,1),
 (5549,893,'Opening Stock Adjustment',61,0,61,'2026-01-03 17:09:27',0,1),
 (5550,1048,'Opening Stock Adjustment',23,0,23,'2026-01-03 17:09:27',0,1),
 (5551,1081,'Opening Stock Adjustment',26,0,26,'2026-01-03 17:09:27',0,1),
 (5552,871,'Opening Stock Adjustment',42,0,42,'2026-01-03 17:09:27',0,1),
 (5553,1017,'Opening Stock Adjustment',21,0,21,'2026-01-03 17:09:27',0,1),
 (5554,1054,'Opening Stock Adjustment',44,0,44,'2026-01-03 17:09:27',0,1),
 (5555,1076,'Opening Stock Adjustment',2,0,2,'2026-01-03 17:09:27',0,1),
 (5556,1029,'Opening Stock Adjustment',22,0,22,'2026-01-03 17:09:27',0,1),
 (5557,1056,'Opening Stock Adjustment',19,0,19,'2026-01-03 17:09:27',0,1),
 (5558,957,'Opening Stock Adjustment',102,0,102,'2026-01-03 17:09:27',0,1),
 (5559,886,'Opening Stock Adjustment',15,0,15,'2026-01-03 17:09:27',0,1),
 (5560,884,'Opening Stock Adjustment',60,0,60,'2026-01-03 17:09:27',0,1),
 (5561,1055,'Opening Stock Adjustment',13,0,13,'2026-01-03 17:09:27',0,1),
 (5562,968,'Opening Stock Adjustment',30,0,30,'2026-01-03 17:09:27',0,1),
 (5563,896,'Opening Stock Adjustment',25,0,25,'2026-01-03 17:09:27',0,1),
 (5564,879,'Opening Stock Adjustment',66,0,66,'2026-01-03 17:09:27',0,1),
 (5565,910,'Opening Stock Adjustment',1,0,1,'2026-01-03 17:09:27',0,1),
 (5566,966,'Opening Stock Adjustment',26,0,26,'2026-01-03 17:09:27',0,1),
 (5567,1068,'Opening Stock Adjustment',11,0,11,'2026-01-03 17:09:27',0,1),
 (5568,1085,'Opening Stock Adjustment',2,0,2,'2026-01-03 17:09:27',0,1),
 (5569,1086,'Opening Stock Adjustment',2,0,2,'2026-01-03 17:09:27',0,1),
 (5570,848,'Opening Stock Adjustment',1,0,1,'2026-01-03 17:09:27',0,1),
 (5571,1010,'Opening Stock Adjustment',21,0,21,'2026-01-03 17:09:27',0,1),
 (5572,840,'Opening Stock Adjustment',2,0,2,'2026-01-03 17:09:27',0,1),
 (5573,986,'Opening Stock Adjustment',25,0,25,'2026-01-03 17:09:27',0,1),
 (5574,985,'Opening Stock Adjustment',38,0,38,'2026-01-03 17:09:27',0,1),
 (5575,934,'Opening Stock Adjustment',3,0,3,'2026-01-03 17:09:27',0,1),
 (5576,979,'Opening Stock Adjustment',30,0,30,'2026-01-03 17:09:27',0,1),
 (5577,974,'Opening Stock Adjustment',60,0,60,'2026-01-03 17:09:27',0,1),
 (5578,890,'Opening Stock Adjustment',46,0,46,'2026-01-03 17:09:27',0,1),
 (5579,927,'Opening Stock Adjustment',10,0,10,'2026-01-03 17:09:27',0,1),
 (5580,982,'Opening Stock Adjustment',26,0,26,'2026-01-03 17:09:27',0,1),
 (5581,926,'Opening Stock Adjustment',1,0,1,'2026-01-03 17:09:27',0,1),
 (5582,1035,'Opening Stock Adjustment',13,0,13,'2026-01-03 17:09:27',0,1),
 (5583,1072,'Opening Stock Adjustment',1,0,1,'2026-01-03 17:09:27',0,1),
 (5584,870,'Opening Stock Adjustment',42,0,42,'2026-01-03 17:09:27',0,1),
 (5585,869,'Opening Stock Adjustment',41,0,41,'2026-01-03 17:09:27',0,1),
 (5586,868,'Opening Stock Adjustment',123,0,123,'2026-01-03 17:09:27',0,1),
 (5587,841,'Opening Stock Adjustment',4,0,4,'2026-01-03 17:09:27',0,1),
 (5588,946,'Opening Stock Adjustment',3,0,3,'2026-01-03 17:09:27',0,1),
 (5589,995,'Opening Stock Adjustment',14,0,14,'2026-01-03 17:09:27',0,1),
 (5590,955,'Opening Stock Adjustment',243,0,243,'2026-01-03 17:09:27',0,1),
 (5591,991,'Opening Stock Adjustment',33,0,33,'2026-01-03 17:09:27',0,1),
 (5592,943,'Opening Stock Adjustment',5,0,5,'2026-01-03 17:09:27',0,1),
 (5593,992,'Opening Stock Adjustment',43,0,43,'2026-01-03 17:09:27',0,1),
 (5594,988,'Opening Stock Adjustment',22,0,22,'2026-01-03 17:09:27',0,1),
 (5595,1090,'Opening Stock Adjustment',18,0,18,'2026-01-03 17:09:27',0,1),
 (5596,937,'Opening Stock Adjustment',1,0,1,'2026-01-03 17:09:27',0,1),
 (5597,1071,'Opening Stock Adjustment',17,0,17,'2026-01-03 17:09:27',0,1),
 (5598,1093,'Opening Stock Adjustment',28,0,28,'2026-01-03 17:09:27',0,1),
 (5599,962,'Opening Stock Adjustment',56,0,56,'2026-01-03 17:09:27',0,1),
 (5600,950,'Opening Stock Adjustment',2,0,2,'2026-01-03 17:09:27',0,1),
 (5601,998,'Opening Stock Adjustment',24,0,24,'2026-01-03 17:09:27',0,1),
 (5602,1089,'Opening Stock Adjustment',1,0,1,'2026-01-03 17:09:27',0,1),
 (5603,1070,'Opening Stock Adjustment',2,0,2,'2026-01-03 17:09:27',0,1),
 (5604,1021,'Opening Stock Adjustment',13,0,13,'2026-01-03 17:09:27',0,1),
 (5605,1073,'Opening Stock Adjustment',1,0,1,'2026-01-03 17:09:27',0,1),
 (5606,1016,'Opening Stock Adjustment',2,0,2,'2026-01-03 17:09:27',0,1),
 (5607,1049,'Opening Stock Adjustment',3,0,3,'2026-01-03 17:09:27',0,1),
 (5608,1025,'Opening Stock Adjustment',7,0,7,'2026-01-03 17:09:27',0,1),
 (5609,844,'Opening Stock Adjustment',2,0,2,'2026-01-03 17:09:27',0,1),
 (5610,1039,'Opening Stock Adjustment',1,0,1,'2026-01-03 17:09:27',0,1),
 (5611,1044,'Opening Stock Adjustment',78,0,78,'2026-01-03 17:09:27',0,1),
 (5612,1087,'Opening Stock Adjustment',3,0,3,'2026-01-03 17:09:27',0,1),
 (5613,958,'Opening Stock Adjustment',35,0,35,'2026-01-03 17:09:27',0,1),
 (5614,1088,'Opening Stock Adjustment',3,0,3,'2026-01-03 17:09:27',0,1),
 (5615,894,'Opening Stock Adjustment',28,0,28,'2026-01-03 17:09:27',0,1),
 (5616,948,'Opening Stock Adjustment',1,0,1,'2026-01-03 17:09:27',0,1),
 (5617,997,'Opening Stock Adjustment',28,0,28,'2026-01-03 17:09:27',0,1),
 (5618,892,'Opening Stock Adjustment',38,0,38,'2026-01-03 17:09:27',0,1),
 (5619,1041,'Opening Stock Adjustment',3,0,3,'2026-01-03 17:09:27',0,1),
 (5620,873,'Opening Stock Adjustment',169,0,169,'2026-01-03 17:09:27',0,1),
 (5621,897,'Opening Stock Adjustment',310,0,310,'2026-01-03 17:09:27',0,1),
 (5622,1050,'Opening Stock Adjustment',3,0,3,'2026-01-03 17:09:27',0,1),
 (5623,961,'Opening Stock Adjustment',49,0,49,'2026-01-03 17:09:27',0,1),
 (5624,1005,'Opening Stock Adjustment',32,0,32,'2026-01-03 17:09:27',0,1),
 (5625,1009,'Opening Stock Adjustment',22,0,22,'2026-01-03 17:09:27',0,1),
 (5626,881,'Opening Stock Adjustment',38,0,38,'2026-01-03 17:09:27',0,1),
 (5627,1082,'Opening Stock Adjustment',2,0,2,'2026-01-03 17:09:27',0,1),
 (5628,972,'Opening Stock Adjustment',60,0,60,'2026-01-03 17:09:27',0,1),
 (5629,956,'Opening Stock Adjustment',222,0,222,'2026-01-03 17:09:28',0,1),
 (5630,1083,'Opening Stock Adjustment',11,0,11,'2026-01-03 17:09:28',0,1),
 (5631,837,'Opening Stock Adjustment',5,0,5,'2026-01-03 17:09:28',0,1),
 (5632,898,'Opening Stock Adjustment',54,0,54,'2026-01-03 17:09:28',0,1),
 (5633,887,'Opening Stock Adjustment',188,0,188,'2026-01-03 17:09:28',0,1),
 (5634,1008,'Opening Stock Adjustment',34,0,34,'2026-01-03 17:09:28',0,1),
 (5635,864,'Opening Stock Adjustment',4,0,4,'2026-01-03 17:09:28',0,1),
 (5636,1065,'Opening Stock Adjustment',54,0,54,'2026-01-03 17:09:28',0,1),
 (5637,1017,'Restock',48,21,69,'2026-01-03 19:11:00',0,0),
 (5638,942,'Restock',1,0,1,'2026-01-03 19:11:00',0,0),
 (5639,894,'Restock',48,28,76,'2026-01-03 19:11:00',0,0),
 (5640,898,'Restock',24,54,78,'2026-01-03 19:11:00',0,0),
 (5641,887,'Restock',96,188,284,'2026-01-03 19:11:00',0,0),
 (5642,1011,'Restock',24,0,24,'2026-01-03 19:11:00',0,0),
 (5643,1094,'add',30,0,30,'2026-01-04 21:28:11',0,0),
 (5644,1095,'add',20,0,20,'2026-01-05 13:57:26',0,0),
 (5645,911,'Restock',1,0,1,'2026-01-05 16:20:27',0,0),
 (5646,1029,'Restock',12,21,33,'2026-01-05 16:20:27',0,0),
 (5647,1056,'Restock',24,17,41,'2026-01-05 16:20:27',0,0),
 (5648,886,'Restock',24,13,37,'2026-01-05 16:20:27',0,0),
 (5649,884,'Restock',48,58,106,'2026-01-05 16:20:27',0,0),
 (5650,896,'Restock',24,23,47,'2026-01-05 16:20:27',0,0),
 (5651,870,'Restock',54,27,81,'2026-01-05 16:20:27',0,0),
 (5652,1021,'Restock',24,13,37,'2026-01-05 16:20:27',0,0),
 (5653,894,'Restock',48,57,105,'2026-01-05 16:20:27',0,0),
 (5654,948,'Restock',2,0,2,'2026-01-05 16:20:27',0,0),
 (5655,873,'Restock',168,140,308,'2026-01-05 16:20:27',0,0),
 (5656,881,'Restock',24,29,53,'2026-01-05 16:20:27',0,0),
 (5657,898,'Restock',216,75,291,'2026-01-05 16:20:27',0,0),
 (5658,887,'Restock',192,230,422,'2026-01-05 16:20:27',0,0),
 (5659,1008,'Restock',24,27,51,'2026-01-05 16:20:27',0,0),
 (5660,1011,'Restock',24,5,29,'2026-01-05 16:20:27',0,0),
 (5661,1096,'Restock',1,0,1,'2026-01-05 16:20:27',0,0),
 (5662,1097,'Restock',30,0,30,'2026-01-05 16:20:27',0,0),
 (5663,837,'Restock',1,5,6,'2026-01-05 16:42:23',0,0),
 (5664,1052,'Restock',30,0,30,'2026-01-05 22:44:27',0,0),
 (5665,967,'Opening Stock Adjustment',53,0,53,'2026-01-06 14:44:50',0,1),
 (5666,842,'Opening Stock Adjustment',2,0,2,'2026-01-06 14:44:50',0,1),
 (5667,960,'Opening Stock Adjustment',106,0,106,'2026-01-06 14:44:50',0,1),
 (5668,1091,'Opening Stock Adjustment',10,0,10,'2026-01-06 14:44:50',0,1),
 (5669,1074,'Opening Stock Adjustment',4,0,4,'2026-01-06 14:44:50',0,1),
 (5670,893,'Opening Stock Adjustment',45,0,45,'2026-01-06 14:44:50',0,1),
 (5671,1048,'Opening Stock Adjustment',17,0,17,'2026-01-06 14:44:50',0,1),
 (5672,1081,'Opening Stock Adjustment',26,0,26,'2026-01-06 14:44:50',0,1),
 (5673,871,'Opening Stock Adjustment',37,0,37,'2026-01-06 14:44:50',0,1),
 (5674,1017,'Opening Stock Adjustment',54,0,54,'2026-01-06 14:44:50',0,1),
 (5675,1054,'Opening Stock Adjustment',22,0,22,'2026-01-06 14:44:50',0,1),
 (5676,1076,'Opening Stock Adjustment',2,0,2,'2026-01-06 14:44:50',0,1),
 (5677,1029,'Opening Stock Adjustment',20,0,20,'2026-01-06 14:44:50',0,1),
 (5678,1056,'Opening Stock Adjustment',26,0,26,'2026-01-06 14:44:50',0,1),
 (5679,957,'Opening Stock Adjustment',94,0,94,'2026-01-06 14:44:50',0,1),
 (5680,886,'Opening Stock Adjustment',24,0,24,'2026-01-06 14:44:50',0,1),
 (5681,884,'Opening Stock Adjustment',76,0,76,'2026-01-06 14:44:50',0,1),
 (5682,1055,'Opening Stock Adjustment',5,0,5,'2026-01-06 14:44:50',0,1),
 (5683,968,'Opening Stock Adjustment',30,0,30,'2026-01-06 14:44:50',0,1),
 (5684,896,'Opening Stock Adjustment',33,0,33,'2026-01-06 14:44:50',0,1),
 (5685,879,'Opening Stock Adjustment',26,0,26,'2026-01-06 14:44:50',0,1),
 (5686,966,'Opening Stock Adjustment',56,0,56,'2026-01-06 14:44:50',0,1),
 (5687,1068,'Opening Stock Adjustment',4,0,4,'2026-01-06 14:44:50',0,1),
 (5688,1085,'Opening Stock Adjustment',2,0,2,'2026-01-06 14:44:50',0,1),
 (5689,1086,'Opening Stock Adjustment',2,0,2,'2026-01-06 14:44:50',0,1),
 (5690,848,'Opening Stock Adjustment',1,0,1,'2026-01-06 14:44:50',0,1),
 (5691,1010,'Opening Stock Adjustment',8,0,8,'2026-01-06 14:44:50',0,1),
 (5692,918,'Opening Stock Adjustment',1,0,1,'2026-01-06 14:44:50',0,1),
 (5693,840,'Opening Stock Adjustment',1,0,1,'2026-01-06 14:44:50',0,1),
 (5694,986,'Opening Stock Adjustment',25,0,25,'2026-01-06 14:44:50',0,1),
 (5695,985,'Opening Stock Adjustment',33,0,33,'2026-01-06 14:44:50',0,1),
 (5696,934,'Opening Stock Adjustment',3,0,3,'2026-01-06 14:44:50',0,1),
 (5697,923,'Opening Stock Adjustment',1,0,1,'2026-01-06 14:44:50',0,1),
 (5698,974,'Opening Stock Adjustment',25,0,25,'2026-01-06 14:44:50',0,1),
 (5699,890,'Opening Stock Adjustment',30,0,30,'2026-01-06 14:44:50',0,1),
 (5700,927,'Opening Stock Adjustment',7,0,7,'2026-01-06 14:44:50',0,1),
 (5701,982,'Opening Stock Adjustment',36,0,36,'2026-01-06 14:44:50',0,1),
 (5702,926,'Opening Stock Adjustment',1,0,1,'2026-01-06 14:44:50',0,1),
 (5703,1035,'Opening Stock Adjustment',13,0,13,'2026-01-06 14:44:50',0,1),
 (5704,1072,'Opening Stock Adjustment',1,0,1,'2026-01-06 14:44:50',0,1),
 (5705,870,'Opening Stock Adjustment',56,0,56,'2026-01-06 14:44:50',0,1),
 (5706,869,'Opening Stock Adjustment',19,0,19,'2026-01-06 14:44:50',0,1),
 (5707,868,'Opening Stock Adjustment',85,0,85,'2026-01-06 14:44:50',0,1),
 (5708,841,'Opening Stock Adjustment',2,0,2,'2026-01-06 14:44:50',0,1),
 (5709,946,'Opening Stock Adjustment',2,0,2,'2026-01-06 14:44:50',0,1),
 (5710,995,'Opening Stock Adjustment',39,0,39,'2026-01-06 14:44:50',0,1),
 (5711,955,'Opening Stock Adjustment',198,0,198,'2026-01-06 14:44:50',0,1),
 (5712,942,'Opening Stock Adjustment',1,0,1,'2026-01-06 14:44:50',0,1),
 (5713,991,'Opening Stock Adjustment',33,0,33,'2026-01-06 14:44:50',0,1),
 (5714,943,'Opening Stock Adjustment',3,0,3,'2026-01-06 14:44:50',0,1),
 (5715,992,'Opening Stock Adjustment',49,0,49,'2026-01-06 14:44:50',0,1),
 (5716,988,'Opening Stock Adjustment',22,0,22,'2026-01-06 14:44:50',0,1),
 (5717,1090,'Opening Stock Adjustment',18,0,18,'2026-01-06 14:44:50',0,1),
 (5718,937,'Opening Stock Adjustment',1,0,1,'2026-01-06 14:44:50',0,1),
 (5719,1071,'Opening Stock Adjustment',17,0,17,'2026-01-06 14:44:50',0,1),
 (5720,1093,'Opening Stock Adjustment',28,0,28,'2026-01-06 14:44:50',0,1),
 (5721,962,'Opening Stock Adjustment',56,0,56,'2026-01-06 14:44:50',0,1),
 (5722,950,'Opening Stock Adjustment',2,0,2,'2026-01-06 14:44:50',0,1),
 (5723,998,'Opening Stock Adjustment',24,0,24,'2026-01-06 14:44:50',0,1),
 (5724,1089,'Opening Stock Adjustment',1,0,1,'2026-01-06 14:44:50',0,1),
 (5725,1070,'Opening Stock Adjustment',2,0,2,'2026-01-06 14:44:50',0,1),
 (5726,1021,'Opening Stock Adjustment',24,0,24,'2026-01-06 14:44:50',0,1),
 (5727,1073,'Opening Stock Adjustment',1,0,1,'2026-01-06 14:44:50',0,1),
 (5728,1049,'Opening Stock Adjustment',3,0,3,'2026-01-06 14:44:50',0,1),
 (5729,1025,'Opening Stock Adjustment',7,0,7,'2026-01-06 14:44:50',0,1),
 (5730,844,'Opening Stock Adjustment',2,0,2,'2026-01-06 14:44:50',0,1),
 (5731,1039,'Opening Stock Adjustment',1,0,1,'2026-01-06 14:44:50',0,1),
 (5732,1044,'Opening Stock Adjustment',76,0,76,'2026-01-06 14:44:50',0,1),
 (5733,1087,'Opening Stock Adjustment',3,0,3,'2026-01-06 14:44:50',0,1),
 (5734,958,'Opening Stock Adjustment',32,0,32,'2026-01-06 14:44:50',0,1),
 (5735,1088,'Opening Stock Adjustment',3,0,3,'2026-01-06 14:44:50',0,1),
 (5736,894,'Opening Stock Adjustment',55,0,55,'2026-01-06 14:44:50',0,1),
 (5737,948,'Opening Stock Adjustment',2,0,2,'2026-01-06 14:44:50',0,1),
 (5738,997,'Opening Stock Adjustment',21,0,21,'2026-01-06 14:44:50',0,1),
 (5739,892,'Opening Stock Adjustment',24,0,24,'2026-01-06 14:44:50',0,1),
 (5740,1041,'Opening Stock Adjustment',3,0,3,'2026-01-06 14:44:50',0,1),
 (5741,873,'Opening Stock Adjustment',261,0,261,'2026-01-06 14:44:50',0,1),
 (5742,897,'Opening Stock Adjustment',282,0,282,'2026-01-06 14:44:50',0,1),
 (5743,1050,'Opening Stock Adjustment',3,0,3,'2026-01-06 14:44:50',0,1),
 (5744,961,'Opening Stock Adjustment',49,0,49,'2026-01-06 14:44:50',0,1),
 (5745,1005,'Opening Stock Adjustment',32,0,32,'2026-01-06 14:44:50',0,1),
 (5746,1009,'Opening Stock Adjustment',11,0,11,'2026-01-06 14:44:50',0,1),
 (5747,881,'Opening Stock Adjustment',36,0,36,'2026-01-06 14:44:50',0,1),
 (5748,1082,'Opening Stock Adjustment',2,0,2,'2026-01-06 14:44:50',0,1),
 (5749,972,'Opening Stock Adjustment',60,0,60,'2026-01-06 14:44:50',0,1),
 (5750,920,'Opening Stock Adjustment',1,0,1,'2026-01-06 14:44:50',0,1),
 (5751,956,'Opening Stock Adjustment',154,0,154,'2026-01-06 14:44:50',0,1),
 (5752,1083,'Opening Stock Adjustment',11,0,11,'2026-01-06 14:44:50',0,1),
 (5753,837,'Opening Stock Adjustment',6,0,6,'2026-01-06 14:44:50',0,1),
 (5754,898,'Opening Stock Adjustment',269,0,269,'2026-01-06 14:44:50',0,1),
 (5755,887,'Opening Stock Adjustment',281,0,281,'2026-01-06 14:44:50',0,1),
 (5756,1008,'Opening Stock Adjustment',36,0,36,'2026-01-06 14:44:50',0,1),
 (5757,1011,'Opening Stock Adjustment',19,0,19,'2026-01-06 14:44:50',0,1),
 (5758,864,'Opening Stock Adjustment',4,0,4,'2026-01-06 14:44:50',0,1),
 (5759,1096,'Opening Stock Adjustment',1,0,1,'2026-01-06 14:44:50',0,1),
 (5760,1097,'Opening Stock Adjustment',30,0,30,'2026-01-06 14:44:50',0,1),
 (5761,1065,'Opening Stock Adjustment',10,0,10,'2026-01-06 14:44:50',0,1),
 (5762,873,'Restock',1,261,262,'2026-01-06 17:06:53',0,0),
 (5763,1021,'Adjust',-1,24,23,'2026-01-06 17:07:19',0,0),
 (5764,1054,'Restock',24,18,42,'2026-01-07 19:42:47',0,0),
 (5765,1029,'Restock',24,15,39,'2026-01-07 19:42:47',0,0),
 (5766,1056,'Restock',24,12,36,'2026-01-07 19:42:47',0,0),
 (5767,884,'Restock',24,54,78,'2026-01-07 19:42:47',0,0),
 (5768,1068,'Restock',12,3,15,'2026-01-07 19:42:47',0,0),
 (5769,869,'Restock',48,11,59,'2026-01-07 19:42:47',0,0),
 (5770,1021,'Restock',12,18,30,'2026-01-07 19:42:47',0,0),
 (5771,1016,'Restock',24,0,24,'2026-01-07 19:42:47',0,0),
 (5772,894,'Restock',24,53,77,'2026-01-07 19:42:47',0,0),
 (5773,892,'Restock',24,22,46,'2026-01-07 19:42:47',0,0),
 (5774,897,'Restock',6,282,288,'2026-01-07 19:42:47',0,0),
 (5775,1009,'Restock',24,11,35,'2026-01-07 19:42:47',0,0),
 (5776,881,'Restock',24,26,50,'2026-01-07 19:42:47',0,0),
 (5777,1011,'Restock',24,9,33,'2026-01-07 19:42:47',0,0),
 (5778,1098,'add',100,0,100,'2026-01-08 10:33:47',0,0),
 (5779,1095,'Restock',100,0,100,'2026-01-08 13:22:10',0,0),
 (5780,886,'Restock',24,13,37,'2026-01-08 17:04:06',0,0),
 (5781,884,'Restock',24,67,91,'2026-01-08 17:04:06',0,0),
 (5782,879,'Restock',24,19,43,'2026-01-08 17:04:06',0,0),
 (5783,890,'Restock',24,21,45,'2026-01-08 17:04:06',0,0),
 (5784,870,'Restock',24,38,62,'2026-01-08 17:04:06',0,0),
 (5785,868,'Restock',24,75,99,'2026-01-08 17:04:06',0,0),
 (5786,899,'Restock',2,0,2,'2026-01-08 17:04:06',0,0),
 (5787,943,'Restock',2,2,4,'2026-01-08 17:04:06',0,0),
 (5788,887,'Restock',96,205,301,'2026-01-08 17:04:06',0,0),
 (5789,1052,'Restock',100,0,100,'2026-01-09 13:05:46',0,0),
 (5790,1053,'Restock',100,0,100,'2026-01-09 13:06:42',0,0),
 (5791,1054,'Restock',24,33,57,'2026-01-09 16:16:17',0,0),
 (5792,886,'Restock',24,34,58,'2026-01-09 16:16:17',0,0),
 (5793,884,'Restock',24,80,104,'2026-01-09 16:16:17',0,0),
 (5794,890,'Restock',24,25,49,'2026-01-09 16:16:17',0,0),
 (5795,869,'Restock',24,53,77,'2026-01-09 16:16:17',0,0),
 (5796,899,'Restock',2,1,3,'2026-01-09 16:16:17',0,0),
 (5797,943,'Restock',1,3,4,'2026-01-09 16:16:17',0,0),
 (5798,992,'Restock',30,17,47,'2026-01-09 16:16:17',0,0),
 (5799,1021,'Restock',24,22,46,'2026-01-09 16:16:17',0,0),
 (5800,894,'Restock',48,59,107,'2026-01-09 16:16:17',0,0),
 (5801,892,'Restock',24,36,60,'2026-01-09 16:16:17',0,0),
 (5802,900,'Restock',3,0,3,'2026-01-09 16:16:17',0,0),
 (5803,898,'Restock',24,247,271,'2026-01-09 16:16:17',0,0),
 (5804,887,'Restock',96,261,357,'2026-01-09 16:16:17',0,0),
 (5805,1008,'Restock',24,24,48,'2026-01-09 16:16:17',0,0),
 (5806,967,'Opening Stock Adjustment',53,0,53,'2026-01-10 12:56:15',0,1),
 (5807,842,'Opening Stock Adjustment',2,0,2,'2026-01-10 12:56:15',0,1),
 (5808,960,'Opening Stock Adjustment',71,0,71,'2026-01-10 12:56:15',0,1),
 (5809,1091,'Opening Stock Adjustment',9,0,9,'2026-01-10 12:56:15',0,1),
 (5810,1074,'Opening Stock Adjustment',4,0,4,'2026-01-10 12:56:15',0,1),
 (5811,893,'Opening Stock Adjustment',3,0,3,'2026-01-10 12:56:15',0,1),
 (5812,1048,'Opening Stock Adjustment',7,0,7,'2026-01-10 12:56:15',0,1),
 (5813,1081,'Opening Stock Adjustment',26,0,26,'2026-01-10 12:56:15',0,1),
 (5814,871,'Opening Stock Adjustment',35,0,35,'2026-01-10 12:56:15',0,1),
 (5815,1017,'Opening Stock Adjustment',12,0,12,'2026-01-10 12:56:15',0,1),
 (5816,1054,'Opening Stock Adjustment',32,0,32,'2026-01-10 12:56:15',0,1),
 (5817,1076,'Opening Stock Adjustment',2,0,2,'2026-01-10 12:56:15',0,1),
 (5818,1029,'Opening Stock Adjustment',18,0,18,'2026-01-10 12:56:15',0,1),
 (5819,1056,'Opening Stock Adjustment',25,0,25,'2026-01-10 12:56:15',0,1),
 (5820,957,'Opening Stock Adjustment',47,0,47,'2026-01-10 12:56:15',0,1),
 (5821,886,'Opening Stock Adjustment',46,0,46,'2026-01-10 12:56:15',0,1),
 (5822,884,'Opening Stock Adjustment',11,0,11,'2026-01-10 12:56:15',0,1),
 (5823,1055,'Opening Stock Adjustment',1,0,1,'2026-01-10 12:56:15',0,1),
 (5824,968,'Opening Stock Adjustment',28,0,28,'2026-01-10 12:56:15',0,1),
 (5825,896,'Opening Stock Adjustment',11,0,11,'2026-01-10 12:56:15',0,1),
 (5826,966,'Opening Stock Adjustment',56,0,56,'2026-01-10 12:56:15',0,1),
 (5827,1068,'Opening Stock Adjustment',14,0,14,'2026-01-10 12:56:15',0,1),
 (5828,1085,'Opening Stock Adjustment',2,0,2,'2026-01-10 12:56:15',0,1),
 (5829,1086,'Opening Stock Adjustment',2,0,2,'2026-01-10 12:56:15',0,1),
 (5830,848,'Opening Stock Adjustment',1,0,1,'2026-01-10 12:56:15',0,1),
 (5831,840,'Opening Stock Adjustment',1,0,1,'2026-01-10 12:56:15',0,1),
 (5832,986,'Opening Stock Adjustment',25,0,25,'2026-01-10 12:56:15',0,1),
 (5833,985,'Opening Stock Adjustment',96,0,96,'2026-01-10 12:56:15',0,1),
 (5834,979,'Opening Stock Adjustment',30,0,30,'2026-01-10 12:56:15',0,1),
 (5835,974,'Opening Stock Adjustment',54,0,54,'2026-01-10 12:56:15',0,1),
 (5836,890,'Opening Stock Adjustment',10,0,10,'2026-01-10 12:56:15',0,1),
 (5837,982,'Opening Stock Adjustment',171,0,171,'2026-01-10 12:56:15',0,1),
 (5838,1035,'Opening Stock Adjustment',43,0,43,'2026-01-10 12:56:15',0,1),
 (5839,1072,'Opening Stock Adjustment',1,0,1,'2026-01-10 12:56:15',0,1),
 (5840,870,'Opening Stock Adjustment',2,0,2,'2026-01-10 12:56:15',0,1),
 (5841,869,'Opening Stock Adjustment',60,0,60,'2026-01-10 12:56:15',0,1),
 (5842,868,'Opening Stock Adjustment',67,0,67,'2026-01-10 12:56:15',0,1),
 (5843,841,'Opening Stock Adjustment',2,0,2,'2026-01-10 12:56:15',0,1),
 (5844,995,'Opening Stock Adjustment',91,0,91,'2026-01-10 12:56:15',0,1),
 (5845,955,'Opening Stock Adjustment',57,0,57,'2026-01-10 12:56:15',0,1),
 (5846,991,'Opening Stock Adjustment',33,0,33,'2026-01-10 12:56:15',0,1),
 (5847,992,'Opening Stock Adjustment',43,0,43,'2026-01-10 12:56:15',0,1),
 (5848,988,'Opening Stock Adjustment',22,0,22,'2026-01-10 12:56:15',0,1),
 (5849,1090,'Opening Stock Adjustment',17,0,17,'2026-01-10 12:56:15',0,1),
 (5850,937,'Opening Stock Adjustment',1,0,1,'2026-01-10 12:56:15',0,1),
 (5851,1071,'Opening Stock Adjustment',77,0,77,'2026-01-10 12:56:15',0,1),
 (5852,1093,'Opening Stock Adjustment',28,0,28,'2026-01-10 12:56:15',0,1),
 (5853,962,'Opening Stock Adjustment',56,0,56,'2026-01-10 12:56:15',0,1),
 (5854,998,'Opening Stock Adjustment',71,0,71,'2026-01-10 12:56:15',0,1),
 (5855,1089,'Opening Stock Adjustment',1,0,1,'2026-01-10 12:56:15',0,1),
 (5856,1021,'Opening Stock Adjustment',30,0,30,'2026-01-10 12:56:15',0,1),
 (5857,1073,'Opening Stock Adjustment',1,0,1,'2026-01-10 12:56:15',0,1),
 (5858,1016,'Opening Stock Adjustment',6,0,6,'2026-01-10 12:56:15',0,1),
 (5859,1049,'Opening Stock Adjustment',3,0,3,'2026-01-10 12:56:15',0,1),
 (5860,1025,'Opening Stock Adjustment',4,0,4,'2026-01-10 12:56:15',0,1),
 (5861,844,'Opening Stock Adjustment',2,0,2,'2026-01-10 12:56:15',0,1),
 (5862,1044,'Opening Stock Adjustment',59,0,59,'2026-01-10 12:56:15',0,1),
 (5863,1087,'Opening Stock Adjustment',3,0,3,'2026-01-10 12:56:15',0,1),
 (5864,958,'Opening Stock Adjustment',28,0,28,'2026-01-10 12:56:15',0,1),
 (5865,1088,'Opening Stock Adjustment',3,0,3,'2026-01-10 12:56:15',0,1),
 (5866,894,'Opening Stock Adjustment',47,0,47,'2026-01-10 12:56:15',0,1),
 (5867,948,'Opening Stock Adjustment',1,0,1,'2026-01-10 12:56:15',0,1),
 (5868,997,'Opening Stock Adjustment',2,0,2,'2026-01-10 12:56:15',0,1),
 (5869,892,'Opening Stock Adjustment',47,0,47,'2026-01-10 12:56:15',0,1),
 (5870,1041,'Opening Stock Adjustment',3,0,3,'2026-01-10 12:56:15',0,1),
 (5871,873,'Opening Stock Adjustment',106,0,106,'2026-01-10 12:56:15',0,1),
 (5872,897,'Opening Stock Adjustment',207,0,207,'2026-01-10 12:56:15',0,1),
 (5873,1050,'Opening Stock Adjustment',2,0,2,'2026-01-10 12:56:15',0,1),
 (5874,961,'Opening Stock Adjustment',45,0,45,'2026-01-10 12:56:15',0,1),
 (5875,1005,'Opening Stock Adjustment',25,0,25,'2026-01-10 12:56:15',0,1),
 (5876,1009,'Opening Stock Adjustment',23,0,23,'2026-01-10 12:56:15',0,1),
 (5877,881,'Opening Stock Adjustment',16,0,16,'2026-01-10 12:56:15',0,1),
 (5878,1082,'Opening Stock Adjustment',2,0,2,'2026-01-10 12:56:15',0,1),
 (5879,972,'Opening Stock Adjustment',60,0,60,'2026-01-10 12:56:15',0,1),
 (5880,956,'Opening Stock Adjustment',41,0,41,'2026-01-10 12:56:15',0,1),
 (5881,1083,'Opening Stock Adjustment',11,0,11,'2026-01-10 12:56:15',0,1),
 (5882,837,'Opening Stock Adjustment',6,0,6,'2026-01-10 12:56:15',0,1),
 (5883,898,'Opening Stock Adjustment',200,0,200,'2026-01-10 12:56:15',0,1),
 (5884,887,'Opening Stock Adjustment',100,0,100,'2026-01-10 12:56:15',0,1),
 (5885,1008,'Opening Stock Adjustment',23,0,23,'2026-01-10 12:56:15',0,1),
 (5886,864,'Opening Stock Adjustment',4,0,4,'2026-01-10 12:56:15',0,1),
 (5887,1096,'Opening Stock Adjustment',1,0,1,'2026-01-10 12:56:15',0,1),
 (5888,1097,'Opening Stock Adjustment',30,0,30,'2026-01-10 12:56:15',0,1),
 (5889,1065,'Opening Stock Adjustment',40,0,40,'2026-01-10 12:56:15',0,1),
 (5890,1048,'Restock',24,7,31,'2026-01-10 16:50:52',0,0),
 (5891,1017,'Restock',48,12,60,'2026-01-10 16:50:52',0,0),
 (5892,884,'Restock',48,11,59,'2026-01-10 16:50:52',0,0),
 (5893,896,'Restock',24,11,35,'2026-01-10 16:50:52',0,0),
 (5894,879,'Restock',48,0,48,'2026-01-10 16:50:52',0,0),
 (5895,1010,'Restock',24,0,24,'2026-01-10 16:50:52',0,0),
 (5896,880,'Restock',24,0,24,'2026-01-10 16:50:52',0,0),
 (5897,890,'Restock',24,10,34,'2026-01-10 16:50:52',0,0),
 (5898,927,'Restock',4,0,4,'2026-01-10 16:50:52',0,0),
 (5899,870,'Restock',24,2,26,'2026-01-10 16:50:52',0,0),
 (5900,869,'Restock',24,60,84,'2026-01-10 16:50:52',0,0),
 (5901,868,'Restock',24,66,90,'2026-01-10 16:50:52',0,0),
 (5902,899,'Restock',4,0,4,'2026-01-10 16:50:52',0,0),
 (5903,943,'Restock',6,0,6,'2026-01-10 16:50:52',0,0),
 (5904,1016,'Restock',24,6,30,'2026-01-10 16:50:52',0,0),
 (5905,894,'Restock',48,47,95,'2026-01-10 16:50:52',0,0),
 (5906,873,'Restock',96,106,202,'2026-01-10 16:50:52',0,0),
 (5907,881,'Restock',24,16,40,'2026-01-10 16:50:52',0,0),
 (5908,900,'Restock',3,0,3,'2026-01-10 16:50:52',0,0),
 (5909,887,'Restock',144,100,244,'2026-01-10 16:50:52',0,0),
 (5910,1011,'Restock',48,0,48,'2026-01-10 16:50:52',0,0),
 (5911,1099,'add',12,0,12,'2026-01-10 19:46:35',0,0),
 (5912,1052,'Restock',1000,0,1000,'2026-01-10 21:26:04',0,0),
 (5913,926,'Restock',1,0,1,'2026-01-10 21:26:36',0,0);
INSERT INTO "tab_items" ("id","tab_id","product_name","quantity","price","added_at","added_by") VALUES (495,83,'Windhoek Draught Can/Bottle',1,25,'2026-01-05 17:53:10',31),
 (496,83,'Savannah 330ML',3,30,'2026-01-05 17:53:10',31),
 (497,83,'Powerade 500ml',1,30,'2026-01-05 17:53:10',31),
 (518,82,'Corona Extra 355ml',12,35,'2026-01-06 00:51:18',27),
 (521,96,'Bahama 440ml',1,35,'2026-01-06 17:42:21',24),
 (522,87,'Hunters Cans 500ml',4,30,'2026-01-06 20:28:17',27),
 (523,87,'Jagermeister Shots',30,30,'2026-01-06 20:28:17',27),
 (524,87,'Redbull 250ml',6,35,'2026-01-06 20:28:17',27),
 (525,99,'Savannah 330ML',6,30,'2026-01-06 21:02:39',24),
 (526,99,'LIQUI FRUIT CAN CRANBERRY 300ML',1,30,'2026-01-06 21:02:39',24),
 (527,99,'Jameson irish Shots',8,30,'2026-01-06 21:02:39',24),
 (528,99,'Schweppes 200ml',1,25,'2026-01-06 21:02:39',24),
 (532,99,'Windhoek Draught Can/Bottle',2,25,'2026-01-06 21:27:07',24),
 (535,99,'Jagermeister Shots',6,30,'2026-01-06 21:52:42',24),
 (545,104,'Heineken bottle 330ml',2,30,'2026-01-06 23:48:49',24),
 (546,104,'Bernini Classic 275ml',4,30,'2026-01-06 23:48:49',24),
 (547,104,'Windhoek Non Alc Can/Bottle',2,25,'2026-01-06 23:48:49',24),
 (548,104,'Cactus Jack Shots',1,30,'2026-01-06 23:48:49',24),
 (550,104,'Savannah 330ML',2,30,'2026-01-06 23:59:52',24),
 (562,94,'Windhoek Draught Can/Bottle',12,25,'2026-01-07 15:59:50',31),
 (563,94,'Castle Lite Can/Bottle',7,25,'2026-01-07 15:59:50',31),
 (564,94,'CARRIBEAN TWIST 275ML',2,30,'2026-01-07 16:08:27',31),
 (570,111,'Tequila Shots',1,30,'2026-01-07 18:33:32',27),
 (571,111,'Jagermeister Shots',1,30,'2026-01-07 18:33:32',27),
 (572,111,'Amarula shots',1,25,'2026-01-07 18:33:32',27),
 (576,94,'Powerade 500ml',1,30,'2026-01-07 18:59:51',31),
 (577,87,'Windhoek Draught Can/Bottle',6,25,'2026-01-07 19:10:21',31),
 (582,87,'Windhoek Non Alc Can/Bottle',2,25,'2026-01-07 19:26:23',31),
 (583,87,'Windhoek Lager Can/Bottle',6,25,'2026-01-07 19:26:23',31),
 (584,87,'Bernini Classic 500ml',1,35,'2026-01-07 19:26:23',31),
 (587,87,'Cactus Jack Shots',3,30,'2026-01-07 19:35:17',31),
 (588,87,'Powerade 500ml',2,30,'2026-01-07 19:36:12',31),
 (591,87,'Tequila Shots',3,30,'2026-01-07 20:33:49',31),
 (592,87,'Carling Black Label Can 500ml',2,25,'2026-01-07 20:33:49',31),
 (593,82,'Cactus Jack Shots',2,30,'2026-01-07 20:40:47',31),
 (594,82,'Jagermeister Shots',2,30,'2026-01-07 20:40:47',31),
 (650,101,'CARRIBEAN TWIST 275ML',1,30,'2026-01-08 18:41:01',31),
 (651,101,'Powerade 500ml',1,30,'2026-01-08 18:41:01',31),
 (731,133,'Lemon Clausthaler 500ml',1,30,'2026-01-10 16:08:07',30),
 (732,133,'Windhoek Lager Can/Bottle',4,25,'2026-01-10 16:08:07',30),
 (733,133,'Windhoek Draught Can/Bottle',20,25,'2026-01-10 16:08:07',30),
 (734,133,'Corona Extra 355ml',6,35,'2026-01-10 16:08:07',30),
 (735,133,'Jagermeister Shots',13,30,'2026-01-10 16:08:07',30),
 (736,133,'Tequila Shots',6,30,'2026-01-10 16:08:07',30),
 (737,133,'Savannah 330ML',4,30,'2026-01-10 16:08:07',30),
 (738,133,'Jagermeister',1,900,'2026-01-10 16:08:07',30),
 (739,133,'Redbull 250ml',3,35,'2026-01-10 16:08:07',30),
 (740,133,'Water 500ml',3,25,'2026-01-10 16:08:07',30),
 (741,133,'Powerade 500ml',2,30,'2026-01-10 16:08:07',30),
 (742,133,'Po10c Shots',7,25,'2026-01-10 16:08:07',30),
 (743,133,'Bernini Classic 275ml',8,30,'2026-01-10 16:08:07',30),
 (744,134,'Jagermeister Shots',9,30,'2026-01-10 16:09:43',30),
 (745,134,'Tequila Shots',5,30,'2026-01-10 16:09:43',30),
 (746,135,'Water 500ml',6,25,'2026-01-10 16:12:15',31),
 (747,135,'Savannah 330ML',10,30,'2026-01-10 16:13:28',31),
 (748,135,'Flying Fish can 500ml ',4,30,'2026-01-10 16:13:28',31),
 (749,135,'Castle Lite Can/Bottle',4,25,'2026-01-10 16:13:28',31),
 (750,135,'Bernini Classic 275ml',4,30,'2026-01-10 16:13:28',31),
 (753,133,'Castle Lite Can/Bottle',5,25,'2026-01-10 16:58:23',30),
 (754,133,'Windhoek Non Alc Can/Bottle',3,25,'2026-01-10 17:10:31',30),
 (755,137,'Bernini Classic 275ml',10,30,'2026-01-10 17:15:58',31),
 (756,137,'Tafel Can/Bottle',4,25,'2026-01-10 17:15:58',31),
 (757,137,'Windhoek Draught Can/Bottle',4,25,'2026-01-10 17:15:58',31),
 (758,137,'Jameson irish 750ml',1,900,'2026-01-10 17:31:59',31),
 (759,137,'Schweppes 200ml',6,25,'2026-01-10 17:31:59',31),
 (760,137,'Jagermeister Shots',4,30,'2026-01-10 17:36:11',31),
 (761,137,'Water 500ml',1,25,'2026-01-10 17:36:11',31),
 (762,137,'LIQUI FRUIT CAN CRANBERRY 300ML',1,30,'2026-01-10 17:36:11',31),
 (770,135,'Windhoek Draught Can/Bottle',6,25,'2026-01-10 17:58:18',31),
 (771,135,'Windhoek Non Alc Can/Bottle',2,25,'2026-01-10 17:58:18',31),
 (772,135,'Po10c Shots',3,25,'2026-01-10 18:21:32',31),
 (773,135,'Powerade 500ml',1,30,'2026-01-10 18:21:32',31),
 (776,136,'Windhoek Draught Can/Bottle',6,25,'2026-01-10 18:39:31',28),
 (777,136,'Amarula shots',4,25,'2026-01-10 18:39:31',28),
 (778,133,'Jameson irish 750ml',1,900,'2026-01-10 18:58:34',30),
 (779,133,'Schweppes 200ml',15,25,'2026-01-10 18:58:34',30),
 (780,134,'Corona Extra 355ml',4,35,'2026-01-10 18:59:10',30),
 (781,134,'Powerade 500ml',4,30,'2026-01-10 18:59:10',30),
 (782,135,'Jagermeister Shots',6,30,'2026-01-10 19:00:29',31),
 (785,135,'Brutal Can 500ml',4,35,'2026-01-10 19:09:50',31),
 (786,133,'Cooldrink 300ml',2,25,'2026-01-10 19:10:27',30),
 (787,134,'Bernini Classic 275ml',3,30,'2026-01-10 19:10:37',30),
 (788,134,'Hennessy Normal 750ml',1,1500,'2026-01-10 19:20:01',30),
 (789,134,'Schweppes 200ml',10,25,'2026-01-10 19:20:01',30),
 (790,133,'Heineken bottle 330ml',1,30,'2026-01-10 19:27:38',30),
 (794,134,'Savannah 330ML',2,30,'2026-01-10 20:09:54',30),
 (795,134,'Water 500ml',1,25,'2026-01-10 20:15:41',30),
 (796,133,'Carling Black Label Can 500ml',1,25,'2026-01-10 20:49:52',30),
 (797,133,'Brutal Can 500ml',1,35,'2026-01-10 20:49:52',30),
 (798,136,'Tafel Can/Bottle',1,25,'2026-01-10 20:59:49',28),
 (799,136,'Heineken bottle 330ml',1,30,'2026-01-10 20:59:49',28),
 (806,133,'Hennessy Normal 750ml',1,1500,'2026-01-10 21:29:07',30),
 (810,134,'Windhoek Draught Can/Bottle',1,25,'2026-01-10 21:54:18',30),
 (811,134,'Hunters Cans 500ml',1,30,'2026-01-10 21:59:25',30),
 (816,145,'Windhoek Draught Can/Bottle',1,25,'2026-01-11 13:45:53',23);
INSERT INTO "tab_payments" ("id","tab_id","amount","payment_method","transaction_ref","wallet_provider","payment_date","cashier_id","order_id") VALUES (152,87,90,'cash','','','2026-01-05 21:34:22','ruusa',29152),
 (154,93,280,'eft','','','2026-01-05 23:31:27','Driana',29164),
 (155,94,85,'eft','','','2026-01-06 00:12:26','ruusa',29166),
 (156,94,100,'cash','','','2026-01-06 00:53:36','ruusa',29171),
 (157,95,420,'cash','','','2026-01-06 00:56:48','Driana',29172),
 (158,100,150,'cash','','','2026-01-06 21:04:05','ruusa',29193),
 (159,101,1330,'eft','','','2026-01-06 22:43:29','ruusa',29203),
 (160,103,100,'cash','','','2026-01-06 23:43:08','ruusa',29216),
 (161,105,90,'cash','','','2026-01-06 23:55:24','ruusa',29217),
 (162,107,190,'eft','tp pipis','E-wallet','2026-01-07 00:28:07','Driana',29221),
 (163,102,635,'eft','','','2026-01-07 15:53:45','Driana',29239),
 (164,107,280,'cash','','','2026-01-07 16:27:11','Driana',29241),
 (165,109,75,'eft','','','2026-01-07 18:16:03','Driana',29244),
 (166,110,280,'cash','','','2026-01-07 18:40:21','Driana',29246),
 (167,110,185,'cash','','','2026-01-07 20:03:00','Driana',29255),
 (168,116,820,'eft','','Credit Card','2026-01-08 16:08:05','geogina',29278),
 (169,119,375,'eft','','Credit Card','2026-01-08 17:33:43','geogina',29284),
 (170,116,355,'eft','','','2026-01-08 20:37:27','geogina',29296),
 (171,126,135,'eft','','','2026-01-08 21:34:58','geogina',29310),
 (172,125,1590,'cash','','','2026-01-08 22:17:29','geogina',29313),
 (173,125,575,'cash','','','2026-01-08 22:52:39','geogina',29317),
 (174,128,615,'eft','','','2026-01-09 20:49:06','Driana',29349),
 (175,125,1615,'cash','','','2026-01-09 21:38:01','geogina',29365),
 (176,128,55,'eft','','','2026-01-09 22:05:26','Driana',29367),
 (177,129,475,'eft','','','2026-01-09 22:43:27','Driana',29369),
 (178,132,1720,'eft','pipis','Pay2Cell','2026-01-09 22:51:33','Driana',29372),
 (179,131,1100,'eft','','','2026-01-09 22:55:50','Driana',29373),
 (180,138,280,'eft','','Credit Card','2026-01-10 17:56:42','geogina',29383),
 (181,136,640,'eft','','Credit Card','2026-01-10 18:00:41','geogina',29385),
 (182,136,150,'cash','','','2026-01-10 18:39:15','geogina',29389),
 (183,139,60,'eft','','Credit Card','2026-01-10 19:55:15','geogina',29400),
 (184,140,160,'eft','','Credit Card','2026-01-10 19:57:01','geogina',29401),
 (185,141,2400,'eft','','','2026-01-10 21:41:16','Driana',29415),
 (186,141,300,'eft','','','2026-01-10 23:02:09','Driana',29421);
INSERT INTO "tabs" ("id","creditor_id","tab_name","opening_balance","current_balance","status","opened_at","closed_at","closed_by","notes","cashier_id","pending_manager_approval") VALUES (87,NULL,'kavee 1',0,1905,'open','2026-01-05 17:26:51',NULL,NULL,NULL,24,0),
 (94,NULL,'karolina',0,565,'open','2026-01-06 00:11:44',NULL,NULL,NULL,24,0),
 (96,NULL,'zecks',0,35,'open','2026-01-06 17:42:15',NULL,NULL,NULL,24,0),
 (99,NULL,'kaveee 3',0,705,'open','2026-01-06 21:02:33',NULL,NULL,NULL,24,0),
 (100,NULL,'kavee 4',0,0,'open','2026-01-06 21:03:31',NULL,NULL,NULL,24,0),
 (101,NULL,'kave 2',0,60,'open','2026-01-06 21:36:19',NULL,NULL,NULL,24,0),
 (103,NULL,'kave 5',0,0,'open','2026-01-06 23:42:53',NULL,NULL,NULL,24,0),
 (104,NULL,'kavee 6',0,320,'open','2026-01-06 23:48:44',NULL,NULL,NULL,24,0),
 (105,NULL,'kavee 7',0,0,'open','2026-01-06 23:55:10',NULL,NULL,NULL,24,0),
 (106,NULL,'kavee 8',0,0,'open','2026-01-07 00:05:17',NULL,NULL,NULL,24,0),
 (111,NULL,'BLACK',0,85,'open','2026-01-07 18:33:27',NULL,NULL,NULL,27,0),
 (133,NULL,'secie 10/01/26',0,6200,'open','2026-01-10 16:08:00',NULL,NULL,NULL,30,0),
 (134,NULL,'priskilla 10/01/26',0,2660,'open','2026-01-10 16:09:38',NULL,NULL,NULL,30,0),
 (135,NULL,'karoline 10/01/26',0,1415,'open','2026-01-10 16:12:08',NULL,NULL,NULL,31,0),
 (136,NULL,'caro customer 3',0,305,'open','2026-01-10 16:16:52',NULL,NULL,NULL,28,0),
 (137,NULL,'kavee 10/01/26',0,1725,'open','2026-01-10 17:15:53',NULL,NULL,NULL,31,0),
 (145,NULL,'NEW',0,25,'open','2026-01-11 13:45:49',NULL,NULL,NULL,23,0);
INSERT INTO "user_log" ("id","user_id","action_type","action_time") VALUES (5020,'juuso','login','2025-12-27 06:11:02'),
 (5021,'Misskay','login','2025-12-27 06:12:40'),
 (5022,'juuso','login','2025-12-27 06:13:17'),
 (5023,'Misskay','login','2025-12-27 06:14:19'),
 (5024,'juuso','login','2025-12-27 06:15:01'),
 (5025,'Misskay','login','2025-12-27 06:16:07'),
 (5026,'juuso','login','2025-12-27 06:20:04'),
 (5027,'juuso','login','2025-12-27 07:49:43'),
 (5028,'juuso','login','2025-12-27 07:57:47'),
 (5029,'David','login','2025-12-27 08:00:49'),
 (5030,'David','login','2025-12-27 08:08:23'),
 (5031,'geogina','login','2025-12-27 08:27:50'),
 (5032,'geogina','login','2025-12-27 08:32:35'),
 (5033,'geogina','login','2025-12-27 08:41:22'),
 (5034,'geogina','login','2025-12-27 08:47:25'),
 (5035,'geogina','login','2025-12-27 04:42:00'),
 (5036,'geogina','login','2025-12-27 04:57:42'),
 (5037,'Misskay','login','2025-12-27 05:00:52'),
 (5038,'Cashier','login','2025-12-27 05:02:25'),
 (5039,'juuso','login','2025-12-27 05:05:49'),
 (5040,'juuso','login','2025-12-27 05:10:04'),
 (5041,'Misskay','login','2025-12-27 05:11:50'),
 (5042,'juuso','login','2025-12-27 05:14:52'),
 (5043,'geogina','login','2025-12-27 05:17:37'),
 (5044,'Misskay','login','2025-12-27 05:21:20'),
 (5045,'geogina','login','2025-12-27 05:23:19'),
 (5046,'juuso','login','2025-12-27 05:26:42'),
 (5047,'geogina','login','2025-12-27 05:45:34'),
 (5048,'Driana','login','2025-12-27 08:54:53'),
 (5049,'ruusa','login','2025-12-27 10:49:30'),
 (5050,'ruusa','login','2025-12-27 10:50:18'),
 (5051,'Admin','login','2025-12-27 22:37:22'),
 (5052,'Cashier','login','2025-12-28 11:40:10'),
 (5053,'Cashier','login','2025-12-28 11:44:11'),
 (5054,'Admin','login','2025-12-28 11:44:57'),
 (5055,'Cashier','login','2025-12-28 11:46:54'),
 (5056,'David','login','2025-12-28 13:14:51'),
 (5057,'Cashier','login','2025-12-28 18:46:53'),
 (5058,'Admin','login','2025-12-28 18:51:29'),
 (5059,'Driana','login','2025-12-28 22:27:27'),
 (5060,'Misskay','login','2025-12-28 22:51:20'),
 (5061,'Cashier','login','2025-12-29 12:35:58'),
 (5062,'Cashier','login','2025-12-29 13:49:49'),
 (5063,'Admin','login','2025-12-29 13:51:04'),
 (5064,'Admin','login','2025-12-29 14:39:12'),
 (5065,'Cashier','login','2025-12-29 14:41:01'),
 (5066,'Cashier','login','2025-12-29 14:43:08'),
 (5067,'Admin','login','2025-12-29 14:45:00'),
 (5068,'Manager','login','2025-12-29 15:29:51'),
 (5069,'Admin','login','2025-12-29 16:30:58'),
 (5070,'geogina','login','2025-12-29 16:50:09'),
 (5071,'Cashier','login','2025-12-29 16:53:23'),
 (5072,'Cashier','login','2025-12-29 16:55:05'),
 (5073,'Admin','login','2025-12-29 17:03:13'),
 (5074,'Cashier','login','2025-12-29 17:07:03'),
 (5075,'Cashier','login','2025-12-29 17:08:14'),
 (5076,'juuso','login','2025-12-29 17:13:34'),
 (5077,'ruusa','login','2025-12-29 17:20:07'),
 (5078,'Cashier','login','2025-12-29 17:21:39'),
 (5079,'ruusa','login','2025-12-29 17:38:42'),
 (5080,'ruusa','login','2025-12-29 17:39:46'),
 (5081,'juuso','login','2025-12-29 17:57:04'),
 (5082,'ruusa','login','2025-12-29 18:06:52'),
 (5083,'Admin','login','2025-12-29 18:24:08'),
 (5084,'ferderico','login','2025-12-29 18:26:01'),
 (5085,'Misskay','login','2025-12-29 18:35:38'),
 (5086,'Driana','login','2025-12-29 18:37:35'),
 (5087,'ruusa','login','2025-12-29 19:04:26'),
 (5088,'ruusa','login','2025-12-29 19:08:11'),
 (5089,'juuso','login','2025-12-29 19:21:34'),
 (5090,'Admin','login','2025-12-29 19:26:50'),
 (5091,'juuso','login','2025-12-29 19:42:47'),
 (5092,'juuso','login','2025-12-29 19:44:54'),
 (5093,'ruusa','login','2025-12-29 19:58:20'),
 (5094,'ruusa','login','2025-12-29 21:49:47'),
 (5095,'ruusa','login','2025-12-29 21:53:36'),
 (5096,'ruusa','login','2025-12-29 22:01:03'),
 (5097,'ruusa','login','2025-12-29 22:24:31'),
 (5098,'Admin','login','2025-12-30 14:46:24'),
 (5099,'David','login','2025-12-30 14:50:12'),
 (5100,'David','login','2025-12-30 16:08:44'),
 (5101,'David','login','2025-12-30 16:44:01'),
 (5102,'David','login','2025-12-30 16:45:16'),
 (5103,'Admin','login','2025-12-30 18:24:48'),
 (5104,'juuso','login','2025-12-30 22:49:26'),
 (5105,'Admin','login','2025-12-31 09:42:35'),
 (5106,'David','login','2025-12-31 12:22:44'),
 (5107,'David','login','2025-12-31 12:24:59'),
 (5108,'Misskay','login','2025-12-31 13:09:14'),
 (5109,'David','login','2025-12-31 14:26:59'),
 (5110,'David','login','2025-12-31 14:48:59'),
 (5111,'David','login','2025-12-31 15:23:47'),
 (5112,'David','login','2025-12-31 15:43:18'),
 (5113,'Admin','login','2025-12-31 15:44:16'),
 (5114,'David','login','2025-12-31 16:35:06'),
 (5115,'David','login','2025-12-31 16:50:28'),
 (5116,'David','login','2025-12-31 16:52:37'),
 (5117,'David','login','2025-12-31 16:55:55'),
 (5118,'geogina','login','2025-12-31 17:37:27'),
 (5119,'juuso','login','2025-12-31 18:05:20'),
 (5120,'geogina','login','2025-12-31 19:52:22'),
 (5121,'geogina','login','2025-12-31 20:00:35'),
 (5122,'geogina','login','2025-12-31 20:03:16'),
 (5123,'geogina','login','2025-12-31 20:04:42'),
 (5124,'geogina','login','2025-12-31 20:11:26'),
 (5125,'geogina','login','2025-12-31 20:16:33'),
 (5126,'geogina','login','2025-12-31 20:18:56'),
 (5127,'geogina','login','2025-12-31 20:23:51'),
 (5128,'geogina','login','2025-12-31 20:26:18'),
 (5129,'geogina','login','2025-12-31 20:28:08'),
 (5130,'geogina','login','2025-12-31 20:38:27'),
 (5131,'geogina','login','2025-12-31 20:41:40'),
 (5132,'geogina','login','2025-12-31 20:58:36'),
 (5133,'geogina','login','2025-12-31 21:19:54'),
 (5134,'David','login','2026-01-02 13:45:52'),
 (5135,'Driana','login','2026-01-02 14:58:57'),
 (5136,'Admin','login','2026-01-02 19:13:53'),
 (5137,'ruusa','login','2026-01-02 19:19:33'),
 (5138,'Admin','login','2026-01-02 19:27:22'),
 (5139,'ruusa','login','2026-01-02 20:07:02'),
 (5140,'Admin','login','2026-01-02 20:11:19'),
 (5141,'Cashier','login','2026-01-02 20:22:10'),
 (5142,'Misskay','login','2026-01-02 20:25:06'),
 (5143,'ruusa','login','2026-01-02 20:26:18'),
 (5144,'Cashier','login','2026-01-02 20:28:47'),
 (5145,'Misskay','login','2026-01-02 20:30:44'),
 (5146,'ruusa','login','2026-01-02 20:54:29'),
 (5147,'David','login','2026-01-02 21:41:34'),
 (5148,'David','login','2026-01-02 21:47:41'),
 (5149,'David','login','2026-01-02 22:12:20'),
 (5150,'David','login','2026-01-02 22:20:47'),
 (5151,'juuso','login','2026-01-02 23:23:38'),
 (5152,'Admin','login','2026-01-03 10:45:32'),
 (5153,'David','login','2026-01-03 15:28:10'),
 (5154,'Admin','login','2026-01-03 16:36:50'),
 (5155,'ruusa','login','2026-01-03 17:44:28'),
 (5156,'Cashier','login','2026-01-03 18:32:32'),
 (5157,'ruusa','login','2026-01-03 18:56:05'),
 (5158,'geogina','login','2026-01-03 19:34:21'),
 (5159,'geogina','login','2026-01-03 19:41:16'),
 (5160,'ferderico','login','2026-01-03 19:44:50'),
 (5161,'ferderico','login','2026-01-03 19:46:07'),
 (5162,'ferderico','login','2026-01-03 19:49:59'),
 (5163,'geogina','login','2026-01-03 20:26:47'),
 (5164,'geogina','login','2026-01-03 20:49:12'),
 (5165,'geogina','login','2026-01-03 20:57:49'),
 (5166,'ruusa','login','2026-01-03 21:05:42'),
 (5167,'geogina','login','2026-01-03 21:10:05'),
 (5168,'ruusa','login','2026-01-03 21:18:16'),
 (5169,'ruusa','login','2026-01-03 21:20:11'),
 (5170,'Cashier','login','2026-01-03 21:23:03'),
 (5171,'ferderico','login','2026-01-03 21:42:43'),
 (5172,'David','login','2026-01-03 21:44:03'),
 (5173,'geogina','login','2026-01-03 21:58:33'),
 (5174,'ruusa','login','2026-01-03 22:08:26'),
 (5175,'geogina','login','2026-01-03 22:29:39'),
 (5176,'geogina','login','2026-01-03 22:31:28'),
 (5177,'ferderico','login','2026-01-03 22:57:10'),
 (5178,'ruusa','login','2026-01-03 23:24:37'),
 (5179,'geogina','login','2026-01-03 23:25:29'),
 (5180,'ferderico','login','2026-01-04 00:44:37'),
 (5181,'geogina','login','2026-01-04 01:00:29'),
 (5182,'geogina','login','2026-01-04 14:24:55'),
 (5183,'ruusa','login','2026-01-04 15:21:03'),
 (5184,'David','login','2026-01-04 15:22:34'),
 (5185,'geogina','login','2026-01-04 15:23:59'),
 (5186,'geogina','login','2026-01-04 15:26:20'),
 (5187,'David','login','2026-01-04 15:33:44'),
 (5188,'geogina','login','2026-01-04 15:54:54'),
 (5189,'geogina','login','2026-01-04 16:02:31'),
 (5190,'ruusa','login','2026-01-04 17:24:18'),
 (5191,'ruusa','login','2026-01-04 17:25:57'),
 (5192,'geogina','login','2026-01-04 17:39:39'),
 (5193,'Misskay','login','2026-01-04 17:54:20'),
 (5194,'ruusa','login','2026-01-04 18:10:43'),
 (5195,'ruusa','login','2026-01-04 18:22:43'),
 (5196,'ruusa','login','2026-01-04 18:25:37'),
 (5197,'David','login','2026-01-04 18:39:27'),
 (5198,'David','login','2026-01-04 18:40:13'),
 (5199,'ferderico','login','2026-01-04 18:41:18'),
 (5200,'ruusa','login','2026-01-04 18:45:38'),
 (5201,'ferderico','login','2026-01-04 18:47:43'),
 (5202,'geogina','login','2026-01-04 18:49:37'),
 (5203,'ruusa','login','2026-01-04 18:56:02'),
 (5204,'ferderico','login','2026-01-04 19:02:52'),
 (5205,'geogina','login','2026-01-04 19:06:11'),
 (5206,'ruusa','login','2026-01-04 19:13:07'),
 (5207,'David','login','2026-01-04 19:23:30'),
 (5208,'ruusa','login','2026-01-04 19:25:18'),
 (5209,'geogina','login','2026-01-04 19:37:51'),
 (5210,'ruusa','login','2026-01-04 20:05:02'),
 (5211,'geogina','login','2026-01-04 20:17:43'),
 (5212,'geogina','login','2026-01-04 20:24:14'),
 (5213,'geogina','login','2026-01-04 20:26:56'),
 (5214,'geogina','login','2026-01-04 20:28:45'),
 (5215,'ferderico','login','2026-01-04 20:35:40'),
 (5216,'ruusa','login','2026-01-04 20:38:42'),
 (5217,'ruusa','login','2026-01-04 20:39:59'),
 (5218,'ferderico','login','2026-01-04 20:49:35'),
 (5219,'ruusa','login','2026-01-04 20:55:27'),
 (5220,'ferderico','login','2026-01-04 20:58:10'),
 (5221,'ruusa','login','2026-01-04 21:02:09'),
 (5222,'David','login','2026-01-04 21:03:27'),
 (5223,'ruusa','login','2026-01-04 21:10:25'),
 (5224,'ruusa','login','2026-01-04 21:17:09'),
 (5225,'Misskay','login','2026-01-04 21:25:40'),
 (5226,'Misskay','login','2026-01-04 21:26:36'),
 (5227,'Driana','login','2026-01-04 21:29:03'),
 (5228,'David','login','2026-01-04 21:40:07'),
 (5229,'David','login','2026-01-04 21:43:49'),
 (5230,'David','login','2026-01-04 21:46:35'),
 (5231,'ruusa','login','2026-01-04 21:49:06'),
 (5232,'ferderico','login','2026-01-04 22:05:43'),
 (5233,'ruusa','login','2026-01-04 22:15:08'),
 (5234,'David','login','2026-01-04 22:21:46'),
 (5235,'ruusa','login','2026-01-04 22:31:22'),
 (5236,'ruusa','login','2026-01-04 22:35:00'),
 (5237,'geogina','login','2026-01-04 22:42:01'),
 (5238,'ruusa','login','2026-01-04 22:44:17'),
 (5239,'David','login','2026-01-04 22:52:02'),
 (5240,'David','login','2026-01-04 23:18:20'),
 (5241,'David','login','2026-01-04 23:20:44'),
 (5242,'Admin','login','2026-01-05 09:20:34'),
 (5243,'Misskay','login','2026-01-05 12:02:57'),
 (5244,'Cashier','login','2026-01-05 12:08:57'),
 (5245,'Cashier','login','2026-01-05 12:16:14'),
 (5246,'Misskay','login','2026-01-05 12:17:53'),
 (5247,'Cashier','login','2026-01-05 12:24:00'),
 (5248,'Misskay','login','2026-01-05 13:36:21'),
 (5249,'Cashier','login','2026-01-05 13:38:29'),
 (5250,'Cashier','login','2026-01-05 13:41:22'),
 (5251,'juuso','login','2026-01-05 13:46:51'),
 (5252,'juuso','login','2026-01-05 13:49:55'),
 (5253,'juuso','login','2026-01-05 13:52:42'),
 (5254,'Misskay','login','2026-01-05 13:55:52'),
 (5255,'juuso','login','2026-01-05 14:47:55'),
 (5256,'juuso','login','2026-01-05 16:39:11'),
 (5257,'ruusa','login','2026-01-05 16:43:17'),
 (5258,'juuso','login','2026-01-05 16:45:00'),
 (5259,'Misskay','login','2026-01-05 16:47:24'),
 (5260,'juuso','login','2026-01-05 16:52:05'),
 (5261,'juuso','login','2026-01-05 17:00:25'),
 (5262,'Driana','login','2026-01-05 17:06:17'),
 (5263,'ruusa','login','2026-01-05 17:13:15'),
 (5264,'ruusa','login','2026-01-05 17:19:01'),
 (5265,'ruusa','login','2026-01-05 17:20:32'),
 (5266,'Driana','login','2026-01-05 17:23:50'),
 (5267,'ruusa','login','2026-01-05 17:26:08'),
 (5268,'Driana','login','2026-01-05 17:33:00'),
 (5269,'Driana','login','2026-01-05 17:37:11'),
 (5270,'ferderico','login','2026-01-05 17:37:50'),
 (5271,'ferderico','login','2026-01-05 17:50:20'),
 (5272,'ferderico','login','2026-01-05 17:51:58'),
 (5273,'ruusa','login','2026-01-05 17:56:10'),
 (5274,'ferderico','login','2026-01-05 17:57:12'),
 (5275,'ruusa','login','2026-01-05 18:14:11'),
 (5276,'ferderico','login','2026-01-05 18:21:14'),
 (5277,'ruusa','login','2026-01-05 18:24:10'),
 (5278,'ruusa','login','2026-01-05 18:25:34'),
 (5279,'ferderico','login','2026-01-05 18:28:39'),
 (5280,'ferderico','login','2026-01-05 18:34:36'),
 (5281,'Driana','login','2026-01-05 19:35:44'),
 (5282,'ruusa','login','2026-01-05 19:38:38'),
 (5283,'ferderico','login','2026-01-05 19:39:30'),
 (5284,'ruusa','login','2026-01-05 19:41:23'),
 (5285,'ferderico','login','2026-01-05 19:42:17'),
 (5286,'Driana','login','2026-01-05 19:42:29'),
 (5287,'ruusa','login','2026-01-05 21:03:23'),
 (5288,'Driana','login','2026-01-05 21:16:25'),
 (5289,'ferderico','login','2026-01-05 21:23:21'),
 (5290,'ferderico','login','2026-01-05 21:31:22'),
 (5291,'ruusa','login','2026-01-05 21:33:51'),
 (5292,'ruusa','login','2026-01-05 21:46:53'),
 (5293,'ruusa','login','2026-01-05 21:53:06'),
 (5294,'ferderico','login','2026-01-05 22:11:33'),
 (5295,'ruusa','login','2026-01-05 22:20:41'),
 (5296,'ruusa','login','2026-01-05 22:37:26'),
 (5297,'ruusa','login','2026-01-05 22:39:11'),
 (5298,'Driana','login','2026-01-05 22:43:19'),
 (5299,'Misskay','login','2026-01-05 22:44:02'),
 (5300,'ferderico','login','2026-01-05 22:45:07'),
 (5301,'Driana','login','2026-01-05 22:47:11'),
 (5302,'Misskay','login','2026-01-05 22:50:32'),
 (5303,'Driana','login','2026-01-05 22:57:09'),
 (5304,'ferderico','login','2026-01-05 23:00:25'),
 (5305,'Driana','login','2026-01-05 23:05:47'),
 (5306,'ruusa','login','2026-01-05 23:06:46'),
 (5307,'ferderico','login','2026-01-05 23:14:59'),
 (5308,'ferderico','login','2026-01-05 23:17:59'),
 (5309,'ruusa','login','2026-01-05 23:18:43'),
 (5310,'Driana','login','2026-01-05 23:20:24'),
 (5311,'ferderico','login','2026-01-05 23:22:52'),
 (5312,'Driana','login','2026-01-05 23:28:17'),
 (5313,'Driana','login','2026-01-05 23:31:15'),
 (5314,'ferderico','login','2026-01-05 23:41:09'),
 (5315,'ferderico','login','2026-01-05 23:49:47'),
 (5316,'ferderico','login','2026-01-06 00:04:50'),
 (5317,'ruusa','login','2026-01-06 00:09:58'),
 (5318,'ruusa','login','2026-01-06 00:16:30'),
 (5319,'ruusa','login','2026-01-06 00:22:33'),
 (5320,'ferderico','login','2026-01-06 00:30:53'),
 (5321,'ferderico','login','2026-01-06 00:35:38'),
 (5322,'ferderico','login','2026-01-06 00:39:46'),
 (5323,'ruusa','login','2026-01-06 00:47:33'),
 (5324,'Driana','login','2026-01-06 00:50:55'),
 (5325,'ruusa','login','2026-01-06 00:53:07'),
 (5326,'Driana','login','2026-01-06 00:56:38'),
 (5327,'Driana','login','2026-01-06 00:58:33'),
 (5328,'Driana','login','2026-01-06 01:04:24'),
 (5329,'Driana','login','2026-01-06 01:05:18'),
 (5330,'ruusa','login','2026-01-06 01:08:25'),
 (5331,'ruusa','login','2026-01-06 01:09:55'),
 (5332,'Driana','login','2026-01-06 01:21:12'),
 (5333,'ruusa','login','2026-01-06 01:26:59'),
 (5334,'ruusa','login','2026-01-06 01:33:38'),
 (5335,'ruusa','login','2026-01-06 01:36:57'),
 (5336,'Driana','login','2026-01-06 01:40:42'),
 (5337,'David','login','2026-01-06 11:20:07'),
 (5338,'Admin','login','2026-01-06 11:32:19'),
 (5339,'juuso','login','2026-01-06 12:45:43'),
 (5340,'David','login','2026-01-06 13:19:59'),
 (5341,'Misskay','login','2026-01-06 13:32:03'),
 (5342,'David','login','2026-01-06 13:52:35'),
 (5343,'David','login','2026-01-06 13:53:28'),
 (5344,'David','login','2026-01-06 13:55:07'),
 (5345,'Admin','login','2026-01-06 14:12:28'),
 (5346,'David','login','2026-01-06 14:54:28'),
 (5347,'David','login','2026-01-06 14:58:51'),
 (5348,'David','login','2026-01-06 15:02:02'),
 (5349,'geogina','login','2026-01-06 15:08:01'),
 (5350,'David','login','2026-01-06 16:25:20'),
 (5351,'David','login','2026-01-06 16:42:47'),
 (5352,'David','login','2026-01-06 16:48:41'),
 (5353,'David','login','2026-01-06 16:58:19'),
 (5354,'David','login','2026-01-06 17:02:29'),
 (5355,'geogina','login','2026-01-06 17:05:49'),
 (5356,'Admin','login','2026-01-06 17:06:35'),
 (5357,'juuso','login','2026-01-06 17:08:13'),
 (5358,'Misskay','login','2026-01-06 17:23:53'),
 (5359,'David','login','2026-01-06 17:34:52'),
 (5360,'Misskay','login','2026-01-06 17:36:03'),
 (5361,'ruusa','login','2026-01-06 17:41:28'),
 (5362,'ruusa','login','2026-01-06 17:50:09'),
 (5363,'ruusa','login','2026-01-06 18:04:53'),
 (5364,'ruusa','login','2026-01-06 18:17:33'),
 (5365,'ferderico','login','2026-01-06 18:36:07'),
 (5366,'Misskay','login','2026-01-06 19:03:59'),
 (5367,'ruusa','login','2026-01-06 19:31:05'),
 (5368,'ruusa','login','2026-01-06 19:54:11'),
 (5369,'Misskay','login','2026-01-06 20:16:40'),
 (5370,'Driana','login','2026-01-06 20:26:59'),
 (5371,'Driana','login','2026-01-06 20:30:07'),
 (5372,'ruusa','login','2026-01-06 20:32:25'),
 (5373,'ruusa','login','2026-01-06 20:55:12'),
 (5374,'ruusa','login','2026-01-06 20:56:57'),
 (5375,'ruusa','login','2026-01-06 20:58:34'),
 (5376,'ruusa','login','2026-01-06 20:59:26'),
 (5377,'ruusa','login','2026-01-06 21:05:12'),
 (5378,'ruusa','login','2026-01-06 21:09:27'),
 (5379,'ruusa','login','2026-01-06 21:10:13'),
 (5380,'ruusa','login','2026-01-06 21:26:02'),
 (5381,'ruusa','login','2026-01-06 21:33:26'),
 (5382,'ruusa','login','2026-01-06 21:34:49'),
 (5383,'Driana','login','2026-01-06 21:38:27'),
 (5384,'Driana','login','2026-01-06 21:46:31'),
 (5385,'ruusa','login','2026-01-06 21:47:31'),
 (5386,'ruusa','login','2026-01-06 21:51:50'),
 (5387,'ruusa','login','2026-01-06 21:58:04'),
 (5388,'Driana','login','2026-01-06 22:01:58'),
 (5389,'Driana','login','2026-01-06 22:05:33'),
 (5390,'ruusa','login','2026-01-06 22:07:34'),
 (5391,'ruusa','login','2026-01-06 22:13:42'),
 (5392,'ruusa','login','2026-01-06 22:17:31'),
 (5393,'ruusa','login','2026-01-06 22:23:01'),
 (5394,'ruusa','login','2026-01-06 22:26:38'),
 (5395,'Driana','login','2026-01-06 22:27:15'),
 (5396,'Driana','login','2026-01-06 22:29:43'),
 (5397,'ruusa','login','2026-01-06 22:31:34'),
 (5398,'ruusa','login','2026-01-06 22:32:46'),
 (5399,'ruusa','login','2026-01-06 22:46:35'),
 (5400,'Driana','login','2026-01-06 22:46:59'),
 (5401,'Driana','login','2026-01-06 22:49:14'),
 (5402,'ruusa','login','2026-01-06 22:50:44'),
 (5403,'Driana','login','2026-01-06 22:52:09'),
 (5404,'Driana','login','2026-01-06 22:54:28'),
 (5405,'ruusa','login','2026-01-06 22:58:40'),
 (5406,'Driana','login','2026-01-06 22:59:25'),
 (5407,'Driana','login','2026-01-06 23:05:34'),
 (5408,'ruusa','login','2026-01-06 23:07:15'),
 (5409,'ruusa','login','2026-01-06 23:08:09'),
 (5410,'ruusa','login','2026-01-06 23:12:40'),
 (5411,'ruusa','login','2026-01-06 23:27:07'),
 (5412,'ruusa','login','2026-01-06 23:29:54'),
 (5413,'ruusa','login','2026-01-06 23:40:26'),
 (5414,'ruusa','login','2026-01-06 23:42:25'),
 (5415,'ruusa','login','2026-01-06 23:46:02'),
 (5416,'ruusa','login','2026-01-06 23:51:11'),
 (5417,'ruusa','login','2026-01-06 23:52:02'),
 (5418,'Driana','login','2026-01-06 23:53:23'),
 (5419,'ruusa','login','2026-01-06 23:54:43'),
 (5420,'ruusa','login','2026-01-06 23:59:40'),
 (5421,'Driana','login','2026-01-07 00:01:38'),
 (5422,'ruusa','login','2026-01-07 00:04:29'),
 (5423,'ruusa','login','2026-01-07 00:07:33'),
 (5424,'Driana','login','2026-01-07 00:12:57'),
 (5425,'Driana','login','2026-01-07 00:16:12'),
 (5426,'ruusa','login','2026-01-07 00:19:48'),
 (5427,'Driana','login','2026-01-07 00:20:21'),
 (5428,'ruusa','login','2026-01-07 00:25:25'),
 (5429,'Driana','login','2026-01-07 00:27:40'),
 (5430,'ruusa','login','2026-01-07 00:31:52'),
 (5431,'Driana','login','2026-01-07 00:35:56'),
 (5432,'Driana','login','2026-01-07 00:37:11'),
 (5433,'Driana','login','2026-01-07 00:38:24'),
 (5434,'ruusa','login','2026-01-07 00:39:55'),
 (5435,'Driana','login','2026-01-07 00:48:28'),
 (5436,'Driana','login','2026-01-07 00:50:29'),
 (5437,'Admin','login','2026-01-07 00:55:17'),
 (5438,'Driana','login','2026-01-07 00:57:16'),
 (5439,'Driana','login','2026-01-07 01:06:18'),
 (5440,'Driana','login','2026-01-07 01:09:20'),
 (5441,'Admin','login','2026-01-07 01:54:24'),
 (5442,'Admin','login','2026-01-07 09:26:47'),
 (5443,'David','login','2026-01-07 10:06:02'),
 (5444,'juuso','login','2026-01-07 09:28:04'),
 (5445,'juuso','login','2026-01-07 09:40:40'),
 (5446,'juuso','login','2026-01-07 10:08:32'),
 (5447,'juuso','login','2026-01-07 12:01:58'),
 (5448,'juuso','login','2026-01-07 12:03:40'),
 (5449,'juuso','login','2026-01-07 12:21:59'),
 (5450,'juuso','login','2026-01-07 12:28:31'),
 (5451,'juuso','login','2026-01-07 12:39:18'),
 (5452,'juuso','login','2026-01-07 12:45:10'),
 (5453,'juuso','login','2026-01-07 12:47:59'),
 (5454,'juuso','login','2026-01-07 13:13:56'),
 (5455,'juuso','login','2026-01-07 13:38:23'),
 (5456,'juuso','login','2026-01-07 14:01:01'),
 (5457,'David','login','2026-01-07 14:32:56'),
 (5458,'Admin','login','2026-01-07 14:36:07'),
 (5459,'juuso','login','2026-01-07 14:44:48'),
 (5460,'juuso','login','2026-01-07 14:47:05'),
 (5461,'Misskay','login','2026-01-07 14:48:41'),
 (5462,'juuso','login','2026-01-07 14:53:47'),
 (5463,'Driana','login','2026-01-07 15:35:37'),
 (5464,'Driana','login','2026-01-07 15:38:30'),
 (5465,'Driana','login','2026-01-07 15:51:08'),
 (5466,'ferderico','login','2026-01-07 15:58:23'),
 (5467,'ferderico','login','2026-01-07 16:06:42'),
 (5468,'Driana','login','2026-01-07 16:10:41'),
 (5469,'ferderico','login','2026-01-07 16:11:30'),
 (5470,'Misskay','login','2026-01-07 16:16:52'),
 (5471,'Driana','login','2026-01-07 16:19:44'),
 (5472,'Driana','login','2026-01-07 16:26:52'),
 (5473,'ferderico','login','2026-01-07 16:31:24'),
 (5474,'ferderico','login','2026-01-07 16:53:07'),
 (5475,'Driana','login','2026-01-07 17:18:12'),
 (5476,'ferderico','login','2026-01-07 17:21:13'),
 (5477,'Admin','login','2026-01-07 17:30:11'),
 (5478,'ferderico','login','2026-01-07 17:31:12'),
 (5479,'Admin','login','2026-01-07 17:35:23'),
 (5480,'ferderico','login','2026-01-07 18:08:43'),
 (5481,'Driana','login','2026-01-07 18:14:47'),
 (5482,'Driana','login','2026-01-07 18:19:51'),
 (5483,'Driana','login','2026-01-07 18:20:39'),
 (5484,'ferderico','login','2026-01-07 18:23:32'),
 (5485,'Driana','login','2026-01-07 18:33:07'),
 (5486,'Driana','login','2026-01-07 18:36:18'),
 (5487,'ferderico','login','2026-01-07 18:37:57'),
 (5488,'Driana','login','2026-01-07 18:39:12'),
 (5489,'Driana','login','2026-01-07 18:40:07'),
 (5490,'ferderico','login','2026-01-07 18:41:54'),
 (5491,'ferderico','login','2026-01-07 18:44:21'),
 (5492,'ferderico','login','2026-01-07 18:47:00'),
 (5493,'ferderico','login','2026-01-07 18:49:20'),
 (5494,'ferderico','login','2026-01-07 18:59:37'),
 (5495,'ferderico','login','2026-01-07 19:02:49'),
 (5496,'ferderico','login','2026-01-07 19:10:00'),
 (5497,'Driana','login','2026-01-07 19:22:34'),
 (5498,'ferderico','login','2026-01-07 19:25:22'),
 (5499,'ferderico','login','2026-01-07 19:27:59'),
 (5500,'ferderico','login','2026-01-07 19:31:42'),
 (5501,'ferderico','login','2026-01-07 19:32:34'),
 (5502,'ferderico','login','2026-01-07 19:34:57'),
 (5503,'ferderico','login','2026-01-07 19:36:02'),
 (5504,'Driana','login','2026-01-07 19:41:34'),
 (5505,'ferderico','login','2026-01-07 19:42:07'),
 (5506,'Driana','login','2026-01-07 19:42:32'),
 (5507,'Driana','login','2026-01-07 19:43:12'),
 (5508,'Driana','login','2026-01-07 19:45:41'),
 (5509,'ferderico','login','2026-01-07 19:49:34'),
 (5510,'Driana','login','2026-01-07 20:02:48'),
 (5511,'ferderico','login','2026-01-07 20:15:54'),
 (5512,'ferderico','login','2026-01-07 20:23:00'),
 (5513,'Misskay','login','2026-01-07 20:28:57'),
 (5514,'Cashier2','login','2026-01-07 20:30:16'),
 (5515,'ferderico','login','2026-01-07 20:32:02'),
 (5516,'ferderico','login','2026-01-07 20:39:13'),
 (5517,'ferderico','login','2026-01-07 20:40:19'),
 (5518,'ferderico','login','2026-01-07 20:42:57'),
 (5519,'Driana','login','2026-01-07 20:56:05'),
 (5520,'ferderico','login','2026-01-07 20:58:36'),
 (5521,'Driana','login','2026-01-07 21:01:45'),
 (5522,'ferderico','login','2026-01-07 21:09:02'),
 (5523,'Driana','login','2026-01-07 21:11:24'),
 (5524,'ferderico','login','2026-01-07 21:13:26'),
 (5525,'ferderico','login','2026-01-07 21:14:49'),
 (5526,'ferderico','login','2026-01-07 21:18:07'),
 (5527,'Driana','login','2026-01-07 21:39:04'),
 (5528,'Driana','login','2026-01-07 21:42:49'),
 (5529,'Driana','login','2026-01-07 21:56:30'),
 (5530,'ferderico','login','2026-01-07 21:59:31'),
 (5531,'Misskay','login','2026-01-07 22:01:54'),
 (5532,'Driana','login','2026-01-07 22:06:35'),
 (5533,'Driana','login','2026-01-07 22:07:55'),
 (5534,'Driana','login','2026-01-07 22:15:05'),
 (5535,'Driana','login','2026-01-07 22:26:59'),
 (5536,'Driana','login','2026-01-07 23:14:50'),
 (5537,'Driana','login','2026-01-07 23:16:46'),
 (5538,'Admin','login','2026-01-07 23:17:50'),
 (5539,'Misskay','login','2026-01-08 10:32:27'),
 (5540,'juuso','login','2026-01-08 10:34:42'),
 (5541,'juuso','login','2026-01-08 13:20:11'),
 (5542,'Misskay','login','2026-01-08 13:21:29'),
 (5543,'juuso','login','2026-01-08 13:22:29'),
 (5544,'juuso','login','2026-01-08 13:42:29'),
 (5545,'juuso','login','2026-01-08 14:44:35'),
 (5546,'juuso','login','2026-01-08 14:45:55'),
 (5547,'juuso','login','2026-01-08 14:47:27'),
 (5548,'Admin','login','2026-01-08 14:59:42'),
 (5549,'geogina','login','2026-01-08 15:09:49'),
 (5550,'David','login','2026-01-08 15:15:42'),
 (5551,'David','login','2026-01-08 15:19:27'),
 (5552,'geogina','login','2026-01-08 15:32:43'),
 (5553,'David','login','2026-01-08 15:43:59'),
 (5554,'geogina','login','2026-01-08 15:46:01'),
 (5555,'geogina','login','2026-01-08 15:47:42'),
 (5556,'geogina','login','2026-01-08 15:49:45'),
 (5557,'geogina','login','2026-01-08 15:54:29'),
 (5558,'David','login','2026-01-08 15:55:03'),
 (5559,'geogina','login','2026-01-08 16:00:13'),
 (5560,'geogina','login','2026-01-08 16:01:12'),
 (5561,'geogina','login','2026-01-08 16:06:08'),
 (5562,'David','login','2026-01-08 16:16:30'),
 (5563,'David','login','2026-01-08 16:18:56'),
 (5564,'geogina','login','2026-01-08 16:24:51'),
 (5565,'geogina','login','2026-01-08 16:27:01'),
 (5566,'geogina','login','2026-01-08 16:29:26'),
 (5567,'David','login','2026-01-08 16:33:30'),
 (5568,'David','login','2026-01-08 16:36:07'),
 (5569,'geogina','login','2026-01-08 16:37:21'),
 (5570,'geogina','login','2026-01-08 16:40:32'),
 (5571,'David','login','2026-01-08 16:44:18'),
 (5572,'ferderico','login','2026-01-08 16:50:05'),
 (5573,'ferderico','login','2026-01-08 16:55:31'),
 (5574,'ferderico','login','2026-01-08 16:57:34'),
 (5575,'geogina','login','2026-01-08 17:03:06'),
 (5576,'David','login','2026-01-08 17:09:59'),
 (5577,'David','login','2026-01-08 17:14:19'),
 (5578,'ferderico','login','2026-01-08 17:15:55'),
 (5579,'geogina','login','2026-01-08 17:20:39'),
 (5580,'David','login','2026-01-08 17:25:54'),
 (5581,'geogina','login','2026-01-08 17:29:03'),
 (5582,'geogina','login','2026-01-08 17:32:35'),
 (5583,'David','login','2026-01-08 17:36:14'),
 (5584,'David','login','2026-01-08 17:37:14'),
 (5585,'geogina','login','2026-01-08 17:42:01'),
 (5586,'geogina','login','2026-01-08 17:44:18'),
 (5587,'ferderico','login','2026-01-08 17:54:16'),
 (5588,'ferderico','login','2026-01-08 18:08:36'),
 (5589,'David','login','2026-01-08 18:10:13'),
 (5590,'David','login','2026-01-08 18:13:07'),
 (5591,'ferderico','login','2026-01-08 18:14:48'),
 (5592,'ferderico','login','2026-01-08 18:20:42'),
 (5593,'ferderico','login','2026-01-08 18:22:04'),
 (5594,'ferderico','login','2026-01-08 18:25:09'),
 (5595,'geogina','login','2026-01-08 18:26:11'),
 (5596,'ferderico','login','2026-01-08 18:39:58'),
 (5597,'David','login','2026-01-08 18:41:28'),
 (5598,'ferderico','login','2026-01-08 18:43:51'),
 (5599,'ferderico','login','2026-01-08 18:59:29'),
 (5600,'ferderico','login','2026-01-08 19:06:42'),
 (5601,'ferderico','login','2026-01-08 19:22:56'),
 (5602,'geogina','login','2026-01-08 19:33:13'),
 (5603,'ferderico','login','2026-01-08 19:40:36'),
 (5604,'David','login','2026-01-08 19:43:46'),
 (5605,'geogina','login','2026-01-08 20:05:21'),
 (5606,'ferderico','login','2026-01-08 20:19:18'),
 (5607,'ferderico','login','2026-01-08 20:24:52'),
 (5608,'geogina','login','2026-01-08 20:29:47'),
 (5609,'ferderico','login','2026-01-08 20:32:24'),
 (5610,'geogina','login','2026-01-08 20:36:16'),
 (5611,'geogina','login','2026-01-08 20:39:42'),
 (5612,'geogina','login','2026-01-08 20:47:03'),
 (5613,'David','login','2026-01-08 20:48:56'),
 (5614,'ferderico','login','2026-01-08 20:50:53'),
 (5615,'David','login','2026-01-08 20:52:49'),
 (5616,'David','login','2026-01-08 20:54:23'),
 (5617,'geogina','login','2026-01-08 20:55:29'),
 (5618,'ferderico','login','2026-01-08 20:56:07'),
 (5619,'David','login','2026-01-08 20:59:25'),
 (5620,'David','login','2026-01-08 21:03:42'),
 (5621,'David','login','2026-01-08 21:05:15'),
 (5622,'David','login','2026-01-08 21:11:27'),
 (5623,'David','login','2026-01-08 21:12:58'),
 (5624,'David','login','2026-01-08 21:13:42'),
 (5625,'David','login','2026-01-08 21:17:42'),
 (5626,'geogina','login','2026-01-08 21:19:13'),
 (5627,'geogina','login','2026-01-08 21:22:34'),
 (5628,'David','login','2026-01-08 21:25:30'),
 (5629,'ferderico','login','2026-01-08 21:27:46'),
 (5630,'geogina','login','2026-01-08 21:34:39'),
 (5631,'geogina','login','2026-01-08 21:35:54'),
 (5632,'ferderico','login','2026-01-08 21:38:40'),
 (5633,'ferderico','login','2026-01-08 21:41:31'),
 (5634,'David','login','2026-01-08 21:43:35'),
 (5635,'ferderico','login','2026-01-08 22:02:57'),
 (5636,'geogina','login','2026-01-08 22:07:56'),
 (5637,'geogina','login','2026-01-08 22:14:17'),
 (5638,'geogina','login','2026-01-08 22:18:42'),
 (5639,'ferderico','login','2026-01-08 22:20:45'),
 (5640,'ferderico','login','2026-01-08 22:21:43'),
 (5641,'geogina','login','2026-01-08 22:22:50'),
 (5642,'David','login','2026-01-08 22:28:41'),
 (5643,'geogina','login','2026-01-08 22:50:41'),
 (5644,'David','login','2026-01-08 22:51:29'),
 (5645,'geogina','login','2026-01-08 22:52:13'),
 (5646,'geogina','login','2026-01-09 11:40:26'),
 (5647,'David','login','2026-01-09 12:04:27'),
 (5648,'Misskay','login','2026-01-09 13:04:59'),
 (5649,'David','login','2026-01-09 13:52:15'),
 (5650,'David','login','2026-01-09 14:01:48'),
 (5651,'Admin','login','2026-01-09 14:07:25'),
 (5652,'David','login','2026-01-09 15:03:57'),
 (5653,'David','login','2026-01-09 15:25:10'),
 (5654,'ferderico','login','2026-01-09 15:37:26'),
 (5655,'ferderico','login','2026-01-09 15:39:18'),
 (5656,'ferderico','login','2026-01-09 15:46:01'),
 (5657,'ferderico','login','2026-01-09 15:48:57'),
 (5658,'geogina','login','2026-01-09 16:03:29'),
 (5659,'David','login','2026-01-09 16:37:46'),
 (5660,'geogina','login','2026-01-09 16:38:15'),
 (5661,'Driana','login','2026-01-09 16:41:16'),
 (5662,'geogina','login','2026-01-09 16:46:50'),
 (5663,'geogina','login','2026-01-09 16:49:05'),
 (5664,'geogina','login','2026-01-09 16:53:27'),
 (5665,'ferderico','login','2026-01-09 17:02:00'),
 (5666,'geogina','login','2026-01-09 17:08:06'),
 (5667,'geogina','login','2026-01-09 17:44:50'),
 (5668,'Driana','login','2026-01-09 17:45:51'),
 (5669,'Driana','login','2026-01-09 17:48:00'),
 (5670,'Driana','login','2026-01-09 17:49:59'),
 (5671,'Driana','login','2026-01-09 17:55:59'),
 (5672,'Driana','login','2026-01-09 17:58:49'),
 (5673,'David','login','2026-01-09 18:05:41'),
 (5674,'Driana','login','2026-01-09 18:07:11'),
 (5675,'Driana','login','2026-01-09 18:10:06'),
 (5676,'ferderico','login','2026-01-09 18:16:11'),
 (5677,'geogina','login','2026-01-09 18:19:40'),
 (5678,'geogina','login','2026-01-09 18:22:10'),
 (5679,'ferderico','login','2026-01-09 18:29:05'),
 (5680,'Driana','login','2026-01-09 18:46:34'),
 (5681,'Driana','login','2026-01-09 18:48:01'),
 (5682,'geogina','login','2026-01-09 18:52:42'),
 (5683,'geogina','login','2026-01-09 18:56:36'),
 (5684,'geogina','login','2026-01-09 19:10:09'),
 (5685,'geogina','login','2026-01-09 19:16:58'),
 (5686,'David','login','2026-01-09 19:39:57'),
 (5687,'geogina','login','2026-01-09 19:43:35'),
 (5688,'ferderico','login','2026-01-09 19:48:31'),
 (5689,'geogina','login','2026-01-09 19:49:39'),
 (5690,'geogina','login','2026-01-09 19:58:19'),
 (5691,'geogina','login','2026-01-09 20:01:53'),
 (5692,'Driana','login','2026-01-09 20:03:30'),
 (5693,'geogina','login','2026-01-09 20:07:41'),
 (5694,'geogina','login','2026-01-09 20:08:53'),
 (5695,'geogina','login','2026-01-09 20:10:12'),
 (5696,'geogina','login','2026-01-09 20:13:10'),
 (5697,'geogina','login','2026-01-09 20:16:42'),
 (5698,'David','login','2026-01-09 20:19:12'),
 (5699,'geogina','login','2026-01-09 20:22:13'),
 (5700,'geogina','login','2026-01-09 20:28:18'),
 (5701,'Driana','login','2026-01-09 20:28:59'),
 (5702,'Driana','login','2026-01-09 20:30:48'),
 (5703,'geogina','login','2026-01-09 20:33:28'),
 (5704,'Driana','login','2026-01-09 20:35:16'),
 (5705,'geogina','login','2026-01-09 20:38:46'),
 (5706,'Driana','login','2026-01-09 20:39:01'),
 (5707,'Driana','login','2026-01-09 20:40:52'),
 (5708,'geogina','login','2026-01-09 20:41:32'),
 (5709,'Driana','login','2026-01-09 20:43:02'),
 (5710,'Driana','login','2026-01-09 20:48:38'),
 (5711,'geogina','login','2026-01-09 20:51:50'),
 (5712,'David','login','2026-01-09 20:55:02'),
 (5713,'geogina','login','2026-01-09 20:55:50'),
 (5714,'ferderico','login','2026-01-09 20:59:40'),
 (5715,'geogina','login','2026-01-09 21:01:48'),
 (5716,'geogina','login','2026-01-09 21:03:11'),
 (5717,'geogina','login','2026-01-09 21:04:45'),
 (5718,'Driana','login','2026-01-09 21:09:05'),
 (5719,'geogina','login','2026-01-09 21:12:41'),
 (5720,'David','login','2026-01-09 21:13:44'),
 (5721,'geogina','login','2026-01-09 21:15:10'),
 (5722,'ferderico','login','2026-01-09 21:18:39'),
 (5723,'geogina','login','2026-01-09 21:20:03'),
 (5724,'David','login','2026-01-09 21:27:54'),
 (5725,'geogina','login','2026-01-09 21:34:25'),
 (5726,'geogina','login','2026-01-09 21:43:09'),
 (5727,'geogina','login','2026-01-09 21:45:30'),
 (5728,'Driana','login','2026-01-09 21:46:18'),
 (5729,'Driana','login','2026-01-09 21:58:09'),
 (5730,'David','login','2026-01-09 22:00:43'),
 (5731,'David','login','2026-01-09 22:02:56'),
 (5732,'Driana','login','2026-01-09 22:04:42'),
 (5733,'geogina','login','2026-01-09 22:07:41'),
 (5734,'Driana','login','2026-01-09 22:08:35'),
 (5735,'David','login','2026-01-09 22:10:05'),
 (5736,'Driana','login','2026-01-09 22:12:09'),
 (5737,'David','login','2026-01-09 22:15:41'),
 (5738,'Driana','login','2026-01-09 22:23:08'),
 (5739,'David','login','2026-01-09 22:24:01'),
 (5740,'Misskay','login','2026-01-09 22:26:04'),
 (5741,'Driana','login','2026-01-09 22:28:26'),
 (5742,'Driana','login','2026-01-09 22:43:17'),
 (5743,'geogina','login','2026-01-09 22:46:03'),
 (5744,'Driana','login','2026-01-09 22:51:14'),
 (5745,'geogina','login','2026-01-09 22:53:27'),
 (5746,'Driana','login','2026-01-09 22:55:41'),
 (5747,'ferderico','login','2026-01-09 23:01:05'),
 (5748,'Driana','login','2026-01-09 23:23:26'),
 (5749,'David','login','2026-01-09 23:35:48'),
 (5750,'Cashier','login','2026-01-10 10:33:19'),
 (5751,'Admin','login','2026-01-10 10:34:14'),
 (5752,'ferderico','login','2026-01-10 11:47:54'),
 (5753,'Admin','login','2026-01-10 12:35:39'),
 (5754,'David','login','2026-01-10 13:37:58'),
 (5755,'David','login','2026-01-10 13:56:00'),
 (5756,'Admin','login','2026-01-10 14:41:44'),
 (5757,'geogina','login','2026-01-10 15:12:22'),
 (5758,'Misskay','login','2026-01-10 15:34:42'),
 (5759,'Driana','login','2026-01-10 15:47:50'),
 (5760,'geogina','login','2026-01-10 15:49:01'),
 (5761,'geogina','login','2026-01-10 15:50:43'),
 (5762,'David','login','2026-01-10 15:55:24'),
 (5763,'David','login','2026-01-10 15:57:43'),
 (5764,'David','login','2026-01-10 15:58:37'),
 (5765,'David','login','2026-01-10 16:02:43'),
 (5766,'David','login','2026-01-10 16:05:02'),
 (5767,'David','login','2026-01-10 16:08:51'),
 (5768,'ferderico','login','2026-01-10 16:10:51'),
 (5769,'geogina','login','2026-01-10 16:15:24'),
 (5770,'David','login','2026-01-10 16:21:21'),
 (5771,'David','login','2026-01-10 16:23:07'),
 (5772,'David','login','2026-01-10 16:24:42'),
 (5773,'David','login','2026-01-10 16:26:14'),
 (5774,'Admin','login','2026-01-10 16:27:32'),
 (5775,'Driana','login','2026-01-10 16:33:25'),
 (5776,'David','login','2026-01-10 16:39:55'),
 (5777,'David','login','2026-01-10 16:46:11'),
 (5778,'geogina','login','2026-01-10 16:47:15'),
 (5779,'David','login','2026-01-10 16:57:57'),
 (5780,'David','login','2026-01-10 17:10:01'),
 (5781,'ferderico','login','2026-01-10 17:13:32'),
 (5782,'David','login','2026-01-10 17:23:19'),
 (5783,'ferderico','login','2026-01-10 17:30:59'),
 (5784,'ferderico','login','2026-01-10 17:35:15'),
 (5785,'geogina','login','2026-01-10 17:38:19'),
 (5786,'geogina','login','2026-01-10 17:38:40'),
 (5787,'Driana','login','2026-01-10 17:41:32'),
 (5788,'David','login','2026-01-10 17:43:35'),
 (5789,'Driana','login','2026-01-10 17:47:41'),
 (5790,'David','login','2026-01-10 17:50:09'),
 (5791,'geogina','login','2026-01-10 17:51:26'),
 (5792,'geogina','login','2026-01-10 17:53:43'),
 (5793,'ferderico','login','2026-01-10 17:55:11'),
 (5794,'geogina','login','2026-01-10 17:56:28'),
 (5795,'ferderico','login','2026-01-10 17:57:34'),
 (5796,'Driana','login','2026-01-10 17:58:37'),
 (5797,'Driana','login','2026-01-10 17:59:46'),
 (5798,'geogina','login','2026-01-10 18:00:32'),
 (5799,'ferderico','login','2026-01-10 18:16:08'),
 (5800,'David','login','2026-01-10 18:19:30'),
 (5801,'ferderico','login','2026-01-10 18:20:50'),
 (5802,'geogina','login','2026-01-10 18:22:54'),
 (5803,'ferderico','login','2026-01-10 18:24:45'),
 (5804,'ferderico','login','2026-01-10 18:25:46'),
 (5805,'geogina','login','2026-01-10 18:36:39'),
 (5806,'geogina','login','2026-01-10 18:39:06'),
 (5807,'David','login','2026-01-10 18:39:52'),
 (5808,'David','login','2026-01-10 18:41:30'),
 (5809,'ferderico','login','2026-01-10 18:43:55'),
 (5810,'David','login','2026-01-10 18:44:48'),
 (5811,'David','login','2026-01-10 18:47:31'),
 (5812,'geogina','login','2026-01-10 18:55:51'),
 (5813,'David','login','2026-01-10 18:58:02'),
 (5814,'ferderico','login','2026-01-10 19:00:11'),
 (5815,'geogina','login','2026-01-10 19:04:45'),
 (5816,'ferderico','login','2026-01-10 19:09:29'),
 (5817,'David','login','2026-01-10 19:10:15'),
 (5818,'ferderico','login','2026-01-10 19:14:55'),
 (5819,'David','login','2026-01-10 19:16:34'),
 (5820,'David','login','2026-01-10 19:19:34'),
 (5821,'David','login','2026-01-10 19:27:13'),
 (5822,'David','login','2026-01-10 19:33:24'),
 (5823,'geogina','login','2026-01-10 19:37:01'),
 (5824,'David','login','2026-01-10 19:43:25'),
 (5825,'Admin','login','2026-01-10 19:45:50'),
 (5826,'David','login','2026-01-10 19:52:17'),
 (5827,'geogina','login','2026-01-10 19:54:28'),
 (5828,'geogina','login','2026-01-10 19:56:49'),
 (5829,'David','login','2026-01-10 20:04:48'),
 (5830,'David','login','2026-01-10 20:06:55'),
 (5831,'David','login','2026-01-10 20:09:42'),
 (5832,'David','login','2026-01-10 20:15:26'),
 (5833,'David','login','2026-01-10 20:32:29'),
 (5834,'geogina','login','2026-01-10 20:38:54'),
 (5835,'David','login','2026-01-10 20:43:29'),
 (5836,'David','login','2026-01-10 20:49:15'),
 (5837,'David','login','2026-01-10 20:54:56'),
 (5838,'geogina','login','2026-01-10 20:59:31'),
 (5839,'David','login','2026-01-10 21:02:07'),
 (5840,'David','login','2026-01-10 21:03:47'),
 (5841,'David','login','2026-01-10 21:07:44'),
 (5842,'Driana','login','2026-01-10 21:12:55'),
 (5843,'David','login','2026-01-10 21:14:16'),
 (5844,'David','login','2026-01-10 21:14:45'),
 (5845,'Driana','login','2026-01-10 21:16:41'),
 (5846,'ferderico','login','2026-01-10 21:20:42'),
 (5847,'geogina','login','2026-01-10 21:23:12'),
 (5848,'Misskay','login','2026-01-10 21:25:43'),
 (5849,'David','login','2026-01-10 21:27:10'),
 (5850,'David','login','2026-01-10 21:37:13'),
 (5851,'Driana','login','2026-01-10 21:41:04'),
 (5852,'geogina','login','2026-01-10 21:44:43'),
 (5853,'David','login','2026-01-10 21:51:05'),
 (5854,'David','login','2026-01-10 21:54:11'),
 (5855,'David','login','2026-01-10 21:56:48'),
 (5856,'David','login','2026-01-10 21:59:00'),
 (5857,'Driana','login','2026-01-10 22:14:51'),
 (5858,'David','login','2026-01-10 22:18:44'),
 (5859,'David','login','2026-01-10 22:28:12'),
 (5860,'David','login','2026-01-10 22:36:08'),
 (5861,'Driana','login','2026-01-10 23:01:47'),
 (5862,'Driana','login','2026-01-10 23:06:54'),
 (5863,'ferderico','login','2026-01-10 23:24:09'),
 (5864,'Admin','login','2026-01-11 09:01:01'),
 (5865,'Admin','login','2026-01-11 09:02:47'),
 (5866,'David','login','2026-01-11 09:24:11'),
 (5867,'Admin','login','2026-01-11 11:12:45'),
 (5868,'Cashier','login','2026-01-11 11:17:48'),
 (5869,'Cashier','login','2026-01-11 11:20:16'),
 (5870,'Cashier','login','2026-01-11 11:20:54'),
 (5871,'Admin','login','2026-01-11 11:21:39'),
 (5872,'Cashier','login','2026-01-11 11:26:38'),
 (5873,'Cashier','login','2026-01-11 11:29:50'),
 (5874,'Cashier','login','2026-01-11 11:31:26'),
 (5875,'Admin','login','2026-01-11 11:32:16'),
 (5876,'Admin','login','2026-01-11 13:50:54');
CREATE INDEX IF NOT EXISTS "idx_cash_transactions_cashier" ON "cash_transactions" (
	"cashier_id"
);
CREATE INDEX IF NOT EXISTS "idx_cash_transactions_created_at" ON "cash_transactions" (
	"created_at"
);
CREATE INDEX IF NOT EXISTS "idx_cash_transactions_type" ON "cash_transactions" (
	"type"
);
CREATE INDEX IF NOT EXISTS "idx_cash_up_summary_date" ON "cash_up_summary" (
	"date"
);
CREATE INDEX IF NOT EXISTS "idx_closing_stock_date" ON "closing_stock" (
	"recorded_at"
);
CREATE INDEX IF NOT EXISTS "idx_closing_stock_product" ON "closing_stock" (
	"product_id"
);
CREATE INDEX IF NOT EXISTS "idx_credit_book_customer" ON "credit_book" (
	"customer_name"
);
CREATE INDEX IF NOT EXISTS "idx_credit_returns_cashier" ON "credit_returns" (
	"cashier_id"
);
CREATE INDEX IF NOT EXISTS "idx_credit_returns_sale_id" ON "credit_returns" (
	"credit_sale_id"
);
CREATE INDEX IF NOT EXISTS "idx_credit_sale_items_sale_id" ON "credit_sale_items" (
	"sale_id"
);
CREATE INDEX IF NOT EXISTS "idx_credit_sales_cashier" ON "credit_sales" (
	"cashier_id"
);
CREATE INDEX IF NOT EXISTS "idx_credit_sales_creditor" ON "credit_sales" (
	"creditor_id"
);
CREATE INDEX IF NOT EXISTS "idx_credit_sales_status" ON "credit_sales" (
	"payment_status"
);
CREATE INDEX IF NOT EXISTS "idx_creditors_active" ON "creditors" (
	"active"
);
CREATE INDEX IF NOT EXISTS "idx_creditors_phone" ON "creditors" (
	"phone"
);
CREATE INDEX IF NOT EXISTS "idx_daily_stock_summary_date" ON "daily_stock_summary" (
	"date"
);
CREATE INDEX IF NOT EXISTS "idx_daily_stock_summary_product" ON "daily_stock_summary" (
	"product_id"
);
CREATE INDEX IF NOT EXISTS "idx_damaged_goods_date" ON "damaged_goods" (
	"date"
);
CREATE INDEX IF NOT EXISTS "idx_damaged_goods_product" ON "damaged_goods" (
	"product_id"
);
CREATE INDEX IF NOT EXISTS "idx_eft_payments_cashier" ON "eft_payments" (
	"cashier_id"
);
CREATE INDEX IF NOT EXISTS "idx_eft_payments_order" ON "eft_payments" (
	"order_id"
);
CREATE INDEX IF NOT EXISTS "idx_eft_payments_tx_ref" ON "eft_payments" (
	"transaction_ref"
);
CREATE INDEX IF NOT EXISTS "idx_mixed_payments_cashier" ON "mixed_payments" (
	"cashier_id"
);
CREATE INDEX IF NOT EXISTS "idx_mixed_payments_order" ON "mixed_payments" (
	"order_id"
);
CREATE INDEX IF NOT EXISTS "idx_opening_stock_date" ON "opening_stock" (
	"recorded_at"
);
CREATE INDEX IF NOT EXISTS "idx_opening_stock_product" ON "opening_stock" (
	"product_id"
);
CREATE INDEX IF NOT EXISTS "idx_order_items_order" ON "order_items" (
	"order_id"
);
CREATE INDEX IF NOT EXISTS "idx_orders_cashier" ON "orders" (
	"cashier_id"
);
CREATE INDEX IF NOT EXISTS "idx_orders_created_at" ON "orders" (
	"created_at"
);
CREATE INDEX IF NOT EXISTS "idx_payment_logs_sale" ON "payment_logs" (
	"sale_id"
);
CREATE INDEX IF NOT EXISTS "idx_payment_logs_type" ON "payment_logs" (
	"payment_type"
);
CREATE INDEX IF NOT EXISTS "idx_payments_cashier" ON "payments" (
	"cashier_id"
);
CREATE INDEX IF NOT EXISTS "idx_payments_sale" ON "payments" (
	"sale_id"
);
CREATE INDEX IF NOT EXISTS "idx_product_settings_show_all" ON "product_settings" (
	"show_all_products"
);
CREATE INDEX IF NOT EXISTS "idx_products_barcode" ON "products" (
	"barcode"
);
CREATE INDEX IF NOT EXISTS "idx_products_category" ON "products" (
	"category"
);
CREATE INDEX IF NOT EXISTS "idx_stock_changes_changed_at" ON "stock_changes" (
	"changed_at"
);
CREATE INDEX IF NOT EXISTS "idx_stock_changes_is_stock_taken" ON "stock_changes" (
	"is_stock_taken"
);
CREATE INDEX IF NOT EXISTS "idx_stock_changes_product" ON "stock_changes" (
	"product_id"
);
CREATE INDEX IF NOT EXISTS "idx_tab_item_payments_item" ON "tab_item_payments" (
	"tab_item_id"
);
CREATE INDEX IF NOT EXISTS "idx_tab_item_payments_payment" ON "tab_item_payments" (
	"payment_id"
);
CREATE INDEX IF NOT EXISTS "idx_tab_items_added_by" ON "tab_items" (
	"added_by"
);
CREATE INDEX IF NOT EXISTS "idx_tab_items_tab_id" ON "tab_items" (
	"tab_id"
);
CREATE INDEX IF NOT EXISTS "idx_tab_payments_cashier" ON "tab_payments" (
	"cashier_id"
);
CREATE INDEX IF NOT EXISTS "idx_tab_payments_method" ON "tab_payments" (
	"payment_method"
);
CREATE INDEX IF NOT EXISTS "idx_tab_payments_tab_id" ON "tab_payments" (
	"tab_id"
);
CREATE INDEX IF NOT EXISTS "idx_tabs_cashier" ON "tabs" (
	"cashier_id"
);
CREATE INDEX IF NOT EXISTS "idx_tabs_creditor_id" ON "tabs" (
	"creditor_id"
);
CREATE INDEX IF NOT EXISTS "idx_tabs_opened_at" ON "tabs" (
	"opened_at"
);
CREATE INDEX IF NOT EXISTS "idx_tabs_status" ON "tabs" (
	"status"
);
CREATE INDEX IF NOT EXISTS "idx_user_log_action_time" ON "user_log" (
	"action_time"
);
CREATE INDEX IF NOT EXISTS "idx_user_log_user" ON "user_log" (
	"user_id"
);
CREATE INDEX IF NOT EXISTS "idx_users_email" ON "users" (
	"email"
);
CREATE INDEX IF NOT EXISTS "idx_users_role" ON "users" (
	"role"
);
COMMIT;
